post_day,dd_2025,dd_2017_scaled,dd_2021_scaled
0,0.0,0.0,0.0
1,-2.6668838997790933,-0.4597453131067038,-0.46359021740213596
2,-1.1039440398094569,-1.0364710586237187,-2.2348250371075475
3,-2.4098603520892325,-3.0725684109066584,-2.3230566684707736
4,-9.412926177330371,-5.3488013492105075,-2.866266590049673
5,-11.186008605349784,-6.600861780731918,-2.589154100851005
6,-7.739017827841533,-9.227204803797385,-1.535959021466218
7,-7.573807876501693,-7.7593175101013525,-3.4793041039597488
8,-9.342592680938566,-9.2079172818063,-6.296661447157987
9,-11.157761351839945,-9.292667026632554,-6.1538762075301445
10,-13.247336495668016,-6.546442809274225,-8.97340577466618
11,-14.638211053247307,-7.26535677759621,-7.972412486290518
12,-14.040384351871449,-8.821030286159306,-6.6178854760068955
13,-12.863452872748892,-8.625881954597817,-7.497730243505214
14,-11.347033184469312,-11.552190897952045,-9.625765673088042
15,-13.115625557999511,-9.816585335071075,-8.475154046949498
16,-13.738051343612723,-10.46649170492364,-8.769986410160442
17,-11.709468779247988,-8.258689605416654,-7.258665881468994
18,-10.966926018093792,-7.721573678588456,-11.691242763674838
19,-10.466541517088379,-7.642099588414119,-10.984380569364841
20,-8.155863261484175,-4.563186821109337,-8.584723074867073
21,-8.525515015263373,-4.327427823191942,-8.279876246179121
22,-9.471882196364678,-5.896163241986473,-9.091347272013302
23,-11.776739417041782,-7.898672825102885,-8.792880282134783
24,-13.158994673592684,-8.768477301877539,-9.359180773131214
25,-12.159083592707475,-8.099792315627319,-11.825877887504562
26,-11.760607292698388,-10.758179427559236,-15.5434253554768
27,-11.37273072846564,-9.889748995886851,-15.39225909435666
28,-14.562297060561779,-9.265576285542176,-14.471073655538202
29,-18.64329956785631,-10.16756055934153,-14.39651677250781
30,-19.58645154922514,-10.279909950851591,-14.520162495707337
31,-17.036621766389036,-13.706523983109083,-16.993795332968684
32,-18.65951187174416,-14.334174215008881,-17.31072622631848
33,-17.509560809329116,-14.155175154278968,-15.460076951942243
34,-18.346410750665754,-13.82699890059428,-14.918791244481474
35,-14.611599462444257,-11.683132307142166,-17.84832599473519
36,-14.952747388171383,-13.794462869654177,-16.39165314699859
37,-17.627601134668847,-15.069220490642666,-15.927438629015908
38,-18.260610620149485,-14.97042495143768,-17.02252171173665
39,-20.697307065766225,-14.068220151881174,-18.190160494804942
40,-23.96635538027595,-14.47329204073348,-17.70014440351385
41,-23.752973558630362,-14.526065550772408,-17.810773887212083
42,-23.670709346024353,-14.132325293133862,-17.57136744266598
43,-26.350518188368856,-13.76421691388452,-15.868856999197341
44,-26.086879828261832,-14.46479331732316,-16.131858584863075
45,-26.408279532190836,-16.37829531214827,-14.255946517131498
46,-30.072212103118268,-16.20019531796676,-14.277121424493656
47,-31.98689962459136,-18.04202644171682,-14.636846839830616
48,-31.740010771320005,-18.426606398673584,-14.254860405162594
49,-30.645295397076765,-17.659041055619475,-14.407489069012504
50,-29.457138781731153,-19.477683047828812,-17.031869116319374
51,-29.950242980100484,-21.61970061762479,-17.95185726635322
52,-27.32884493588803,-20.29099900373248,-17.456650072974565
53,-26.961245778446763,-20.482194835184984,-18.18632917069418
54,-27.10093458078806,-19.39254314204759,-16.899927892255025
55,-27.079310157649815,-18.6242483676429,-17.31924408081473
56,-29.885481962047976,-18.83378176397874,-17.951036268329485
57,-30.541863784735877,-19.63870077759078,-18.49012409566422
58,-26.609458027171083,-18.28282360500919,-20.599533132583563
59,-25.312730290685327,-18.88039751633714,-20.847132453241525
60,-25.951536757229732,-17.263824971759977,-22.11041750607489
61,-28.36183809681344,-16.316836479981433,-22.10073657104502
62,-28.254974799970068,-16.085691559444495,-21.95423973618488
63,-27.48929222228752,-14.467354808810102,-21.925427836789442
64,-27.56710647017654,-15.725131946497735,-21.15679409325617
65,-26.03952578930948,-14.435972297215116,-20.20494095742613
66,-26.880288492415293,-14.273851938667374,-21.288153777053708
67,-26.407533862427456,-15.599211739162811,-20.82545297417728
68,-27.55778158915696,-16.658193388536016,-20.890739421189682
69,-27.57701666187059,-16.123859478951918,-20.843420858009228
70,-29.073166961313134,-16.89802363120086,-21.57222764532862
71,-31.085681544970022,-17.05176401097675,-21.464351925834997
72,-29.762823294947914,-15.860907958825464,-22.052836467597757
73,-30.994004253845553,-15.408711412021333,-22.931364217433003
74,-31.56495477192167,-15.848575479944623,-26.508632200162335
75,-29.42909999503689,-14.850017888031608,-27.710308192964618
76,-29.18351005038563,-14.673461574150174,-26.748303758653606
77,-28.867915345474813,-13.939789343618653,-26.39728434319333
78,-28.770120355108787,-13.876345779637429,-26.11237237276919
79,-29.7669365055782,-14.033020848335441,-26.230168485049607
80,-29.830069878878373,-15.182367167582441,-25.972939541738256
81,-30.11603022416035,-16.505521710506336,-25.51273594118403
82,-30.018772436742147,-17.5489478122403,-25.09469400997367
83,-29.566551788088024,-17.633595775947867,-25.306802270230605
84,-29.418363954034987,-18.413171291006975,-24.869193219454566
85,-30.199513165842006,-17.16051713629323,-24.599965732108853
86,-29.293460259690317,-17.862603292992382,-26.172801248141145
87,-29.685746698867842,-17.81949898922867,-25.888590546862282
88,-28.92654262837686,-19.411321758445244,-22.20514870512602
89,-27.748600886994236,-19.32148295768467,-22.288864847358706
90,-26.75439858967389,-19.296020714493274,-21.391659392483493
91,-25.92021060921299,-19.991491098477812,-20.193216079399665
92,-24.717870232454132,-19.4368179286762,-19.97973093704043
93,-25.615841040525222,-18.7633661933675,-19.76135401478977
94,-26.73360001584347,-18.235800728176045,-20.552975702987613
95,-26.838947919296718,-18.24969385087675,-21.481515915768696
96,-27.456747345195154,-18.549473172447914,-21.63037311994707
97,-27.429566479626487,-18.18982958956933,-21.73312615385511
98,-26.605208511315215,-18.86117784842518,-21.326706475918243
99,-26.800902725455057,-18.994070062390126,-19.704234787700983
100,-23.650872926727363,-19.516546471647253,-20.193848932042958
101,-22.343777975144175,-20.11262759323447,-23.053145590953637
102,-23.37241738680592,-19.85968454977885,-23.53266830125387
103,-23.454384935097472,-21.32317829185159,-23.450508634441185
104,-23.816948817147253,-21.716698023732977,-24.872528523925986
105,-25.733905419728288,-21.580158653015104,-26.02791220107749
106,-25.776023734428023,-21.77098128703242,-25.01358624687889
107,-28.70754022066533,-21.38251668404579,-25.899973342378843
108,-27.889348059322273,-20.738089531082508,-24.922806100816985
109,-28.221403624708728,-21.812253530659778,-24.199994309483394
110,-28.34675632450232,-21.822143262692144,-24.26378414551503
111,-28.515822911930222,-22.10516262671961,-25.49375036188517
112,-30.260722230075366,-21.638665832740035,-20.784967509131874
113,-29.332571841473175,-21.424925483498477,-19.75343480468583
114,-28.402873987663092,-21.847113563809888,-20.223327892332676
115,-28.669102147055845,-21.755748046269012,-21.446914269893384
116,-32.69411527846074,-21.555578512852325,-24.206006409594703
117,-32.660391762064954,-19.905011074633883,-24.047690624017882
118,-36.87680950198159,-19.94370486325452,-24.867645296097315
119,-37.59519416639292,-19.757241853820936,-25.23317756203965
120,-36.7077429145537,-19.159888468250138,-24.617839543250575
121,-38.811798484109495,-19.679515006184047,-21.82845599729854
122,-41.58616306322423,-19.94555388691066,-23.99297452656107
123,-48.80857606821804,-19.504587190201597,-24.663550318634545
124,-43.92547343415163,-19.297717066471378,-24.580407164605923
125,-44.51576325834915,-18.293018680397616,-25.425214131028824
126,-43.49112480595549,-18.209642980673628,-23.830476782300856
127,-43.88490258465977,-18.41390072235756,-24.07294486531047
128,-44.50052112694915,-18.182704911261283,-22.57762524601911
129,-45.895540966976526,-16.963536744595377,-22.702297216748306
130,-47.079905089869634,-18.293510622471267,-21.982247741682073
131,-44.70002386945039,-17.604571193602442,-21.628602842958397
132,-44.033531406207295,-18.197547991069726,-22.4396975780317
133,-44.74529324024702,-17.506386341109575,-22.663034696675748
134,-44.82823096102641,-17.406267647361666,-21.508591746426447
135,-46.126265624086706,-17.652560991063105,-21.012230024576905
136,-46.65385504452409,-17.943536245867893,-20.123499663884193
137,-46.1078884724987,-17.743044405575365,-19.802258530909796
138,-45.56985967537387,-16.83505504577351,-19.636938605942994
139,-45.5023805707645,-16.904164425361614,-17.694457281786935
140,-46.88995173111245,-16.709083947879243,-17.3767224945389
141,-48.08856375905437,-17.048354343500755,-17.171960456181843
142,-48.45256285494983,-17.461840138164476,-17.520816199767065
143,-45.11848892989092,-17.76453718513799,-18.843811754701633
144,-46.22449358399277,-17.557124228774775,-18.20531474999304
145,-47.12159043502935,-18.048336871075378,-18.50546649623276
146,-46.53599111418216,-19.07832786514273,-18.089331675015032
147,-46.70121710143089,-18.956750318871762,-17.909019984052325
148,-44.66254795037431,-18.598650416293257,-18.866543137483784
149,-45.29926173080856,-18.62596168314079,-20.784950405006377
150,-41.64800554585872,-18.952577293005618,-20.591639578667863
151,-43.1082113555242,-19.178972428003853,-21.575622814239274
152,-45.19728136822223,-19.662432741764505,-21.154972503891003
153,-46.12426113547545,-19.357920598174417,-21.66482082869294
154,-47.03728966199431,-19.362856982430714,-23.855859304534647
155,-45.09261499089682,-18.885741025068178,-23.43680822992011
156,-43.99623188212901,-19.09510478620621,-22.585159613299417
157,-43.70536454872666,-19.783382637803577,-23.603701734432406
158,-43.47298819300083,-20.60221173763609,-23.042216054762672
159,-43.20178890185213,-20.467945478568883,-23.20329415660685
160,-42.977486626252436,-20.68005732991145,-23.808369700099245
161,-41.50640045240506,-20.88558733557896,-22.827661904560024
162,-40.0589431903072,-20.87084603688921,-22.26085684186151
163,-40.791134772272855,-21.275765254063483,-22.372033657575567
164,-42.90819546393849,-20.678547576650935,-23.129515511286453
165,-43.98741213223948,-20.814238771379756,-23.77632512098536
166,-43.42451965838061,-20.636138777198244,-23.981660147546478
167,-45.158249965983835,-20.58640173720013,-23.963179139949702
168,-45.49578179425624,-20.379277160673197,-23.107374220833858
169,-43.14789221207265,-20.260617339804575,-25.14929037855202
170,-43.4289696230976,-20.632118423010127,-24.220844238461158
171,-42.84997709671313,-20.41983693646975,-23.751087983818266
172,-44.866781285998115,-20.34775894091996,-24.72648494839145
173,-46.76878440353916,-20.2969871262152,-25.529215766097956
174,-46.76716477674127,-20.40911599196811,-24.81264698056985
175,-47.19151501574446,-20.61680036464782,-24.819539943144115
176,-46.53325699171641,-21.848504572431935,-25.486558077114744
177,-45.37050125605264,-21.660735371975214,-23.807428973197048
178,-45.39720906230905,-22.23072660013913,-26.505638978200803
179,-46.311785054035795,-22.64238033466649,-26.936295201963333
180,-46.35065609718531,-22.072117690186076,-27.4217786999984
181,-46.05186702479127,-22.49157464381273,-28.581250263143072
182,-44.452373310506744,-22.333695165210266,-31.92769807232452
183,-44.74902960701841,-22.396680714157398,-31.256275626039074
184,-42.373325740865006,-21.95247398517015,-32.91025311341714
185,-43.05971074908621,-21.906010904489783,-32.968313067408126
186,-42.43210536490152,-21.872609734040843,-32.68398263725079
187,-41.54489465169565,-21.935527428908856,-32.0680459740694
188,-41.470544160126884,-23.053745689357577,-31.002347778948163
189,-43.344123629160315,-22.852778870511173,-32.20312580516199
190,-40.262150227762014,-22.90078563149162,-31.74441881558852
191,-40.35763604724788,-22.73790191455373,-33.136788703528666
192,-40.085819373606924,-23.029691418308012,-31.85747708510697
193,-39.7653417344391,-22.931014623741493,-32.8158982051269
194,-39.27456274285882,-23.406858317120445,-32.56921395518289
195,-40.80894264909527,-22.811947678398127,-31.889735465789546
196,-40.50562343243978,-22.505196350196933,-32.85221881561441
197,-39.18007916767859,-22.562346448339376,-32.41608071963089
198,-38.71555095895135,-22.11741028800155,-32.516849674981565
199,-37.12611977749535,-22.302601033451545,-32.79639095000045
200,-37.23457864727327,-22.15866556810912,-33.26881544822048
201,-37.868862987510674,-22.25115067795555,-32.95602375324035
202,-37.740174818667946,-22.137410277823435,-32.55675359976017
203,-36.803765936987375,-21.877393446619113,-30.63222305531056
204,-38.01923170517275,-21.964433266615806,-30.535815651960977
205,-38.7733042848189,-22.028826787704766,-32.26770243096637
206,-39.228395361164345,-22.640039368936705,-31.71197228952551
207,-38.709088487668666,-22.493576339146898,-32.34851087186499
208,-37.23131533981413,-22.731557558155608,-32.22249622728447
209,-36.89464143266734,-22.788317495343087,-32.1695076465026
210,-37.06201623170734,-22.733423545331526,-30.94579298800069
211,-35.91554496152143,-22.56365263936252,-31.160552387709263
212,-35.031910255998056,-21.9189031795234,-31.91179123561467
213,-34.672505447999605,-20.92450164995675,-32.01836704157072
214,-35.81851969478214,-20.815969050397428,-32.88112478770006
215,-35.73587863831721,-20.66156709335008,-33.463032793210196
216,-35.338709264882674,-20.891507603982557,-34.95801888205442
217,-34.169563219526225,-20.766757879512525,-38.63570518556179
218,-34.4658506901334,-20.78406066968922,-38.81566624195186
219,-35.52380374324618,-20.23734339066494,-38.45519679715589
220,-36.360188643225,-19.108573820912387,-40.343021888294366
221,-36.544000248877296,-19.495935795113247,-40.27067143745275
222,-36.637313202708555,-19.877886406503947,-41.495335374919605
223,-37.31276172106674,-19.450032510585658,-40.185954703878636
224,-38.04600365506471,-19.37422254068403,-40.173939055718776
225,-38.30012470324549,-19.39552872152906,-40.05353456430045
226,-38.422727244664436,-19.474120708674786,-40.63327034587279
227,-37.86517472846596,-20.225163583462127,-39.671744827075614
228,-37.900092920074066,-20.43428985532323,-39.5992489911673
229,-39.4817306498095,-20.553153238429225,-39.36967741878052
230,-38.56002669658112,-20.756444059485634,-39.754126847519736
231,-38.19906640542033,-21.450387726689872,-40.016230466597
232,-38.103933375930055,-21.407961963717405,-40.41595387940278
233,-39.19621930997644,-21.56404330922308,-40.55014429596966
234,-40.328218172389064,-21.93686754697156,-40.769804027632404
235,-40.647012041123446,-22.67600203087259,-41.25494544315757
236,-40.74939330143202,-22.2282499262511,-41.30606967426054
237,-40.8609230477624,-22.907537112364487,-41.244024459029355
238,-40.91701665705981,-22.755628792724952,-40.45482300458897
239,,-22.619157276086202,-40.4845756308866
240,,-22.724907858401426,-40.15472257072574
241,,-22.82441586543722,-39.21349109682776
242,,-22.698885819057256,-39.27750328649081
243,,-22.619343874803793,-39.28534552803003
244,,-22.162024345025777,-39.94079272110364
245,,-22.482380416091388,-40.67972515071576
246,,-22.32480628084498,-41.22722820779378
247,,-22.716307353872423,-40.45419870400842
248,,-22.347944521826363,-40.13190566731611
249,,-22.544551716089032,-39.91390503582633
250,,-22.262329637491277,-39.608690468440244
251,,-21.98324581005302,-39.9791316183995
252,,-21.90412795379408,-38.60513156124042
253,,-21.950845487271167,-37.713861237911786
254,,-21.60831809585169,-37.862504640521486
255,,-21.33841153261499,-37.94476693208714
256,,-21.40645221045689,-38.31641392289375
257,,-21.487707470208242,-38.52954843068035
258,,-21.433407243389016,-38.41387322996125
259,,-21.13473055060362,-39.563338879691656
260,,-20.95844565303868,-39.538546449787425
261,,-21.022940955246334,-38.07662263552402
262,,-20.84818277446169,-37.316446882047764
263,,-21.988199157829094,-37.36615147073469
264,,-22.31552723552473,-37.515119851728784
265,,-22.485145469815706,-37.812021814124556
266,,-22.836307292803752,-37.851318542448105
267,,-22.756561786312915,-38.06081842356713
268,,-22.646315871255702,-38.218809230759554
269,,-22.675951140313245,-38.40340550515863
270,,-22.60221071982491,-37.82142908314652
271,,-22.330811366847477,-38.09935401830617
272,,-22.34429736507343,-37.90500839237525
273,,-22.275357620683142,-37.35982294430173
274,,-22.310438179590406,-37.946485896699336
275,,-22.729946023776407,-37.22482863383662
276,,-22.585756105637266,-37.24746594392857
277,,-22.498835030279032,-36.86945621843801
278,,-22.31873334076335,-36.82773070429425
279,,-21.882957481107304,-36.95205204045081
280,,-21.955340820013152,-37.131166442628896
281,,-21.972881099466782,-37.32826583276444
282,,-22.16779194175134,-37.75921282666038
283,,-22.414102248972558,-37.91485181659732
284,,-22.382261722343486,-39.903941882725796
285,,-22.00168515605505,-39.646174159461374
286,,-22.103466274741507,-39.33623885343882
287,,-22.16964096540748,-39.4303457519094
288,,-22.1289285179329,-39.323000260306095
289,,-22.183500161068615,-39.46895831521317
290,,-22.30965785768048,-39.33239897726531
291,,-22.3646705523305,-40.43405004417593
292,,-22.226553574272987,-40.61513997284865
293,,-22.147690170810765,-40.98766782611822
294,,-22.218105741422015,-40.38197653410803
295,,-22.188300837166665,-40.77141181542888
296,,-22.123720717360104,-40.60911076861184
297,,-22.155255900633126,-40.53468216652266
298,,-22.265383071051872,-40.67633853386786
299,,-22.892812777194514,-40.76764035575735
300,,-22.83629032928397,-40.62530837545511
301,,-22.822736476978893,-40.795323382870144
302,,-22.843957840225016,-41.676818698478684
303,,-22.408114126489842,-41.24132200720123
304,,-22.379802011975222,-41.212433139241064
305,,-22.40255009200165,-39.47162655879031
306,,-22.48523028741461,-39.21092547800358
307,,-22.505535620592557,-39.07606800054243
308,,-22.452931745751442,-38.567630766093785
309,,-22.449742604032597,-40.49057062687241
310,,-22.463703580812428,-40.44563808919844
311,,-22.48492494405855,-40.89537396495006
312,,-22.44957296883479,-40.81548059476538
313,,-22.48417854918818,-40.530688353219695
314,,-22.468419439311564,-41.12260227214409
315,,-22.461209943404604,-41.01309310866575
316,,-22.470539879284203,-41.597951575823686
317,,-22.70399183851136,-41.92351150048544
318,,-22.701226784787046,-41.142015454580324
319,,-22.639225119987216,-41.225757253001255
320,,-22.571676384218975,-41.53394793822338
321,,-22.56183754274595,-41.66688975362915
322,,-22.59210046203539,-41.29384877659474
323,,-22.437189599394603,-41.42370329734876
324,,-22.469895265532518,-41.137508517512536
325,,-22.394407602506735,-40.9639101958064
326,,-22.301752857462496,-41.13051293018529
327,,-22.466095437101558,-41.2220542098317
328,,-22.58713015073953,-41.42428483761558
329,,-22.56587486045384,-40.93805731012151
330,,-22.548605997316706,-40.33639403966525
331,,-22.599038541625845,-40.50062785266316
332,,-22.715289542685557,-40.6632367737391
333,,-23.824500174130527,-41.037791465879764
334,,-23.86850354444264,-41.1357125843356
335,,-23.982634105529716,-41.11236545303566
336,,-23.996323665993046,-41.39659325844003
337,,-23.901616335055298,-41.426508373929856
338,,-25.303651244961195,-41.35156664807583
339,,-25.95550841958859,-41.15896564294535
340,,-25.62322699411688,-41.32563679382621
341,,-26.09778145999247,-41.42247180031316
342,,-26.066500729516164,-41.254526392082944
343,,-26.929621579497073,-41.00209515597281
344,,-26.655321464637083,-41.19981029462614
345,,-27.00370127038103,-41.38162714863236
346,,-26.929604615977297,-41.44610970174652
347,,-26.16619533526955,-41.3385247523863
348,,-26.127230130332414,-41.30598415363307
349,,-26.588637868377674,-41.004198963408626
350,,-26.307026476492034,-41.201794373183496
351,,-26.372878860282174,-40.53363026280475
352,,-26.83041891581734,-39.980465740188066
353,,-26.714439331074132,-40.38531183857945
354,,-27.066347548932544,-40.12290034524327
355,,-27.50931594097577,-39.92006252100434
356,,-27.59964668381,-40.08788820035609
357,,-27.56404025578952,-40.226568449865255
358,,-27.34320915527948,-40.22083856782461
359,,-27.548518635189836,-40.50385198031888
360,,-27.651639871938997,-40.455310472165564
361,,-27.51443892394966,-39.64060676661293
362,,-27.794744124812148,-39.5150966937345
363,,-27.91228435337522,-39.85066253181053
364,,-27.93384498701697,-40.135933688870054
365,,-27.913488763279677,-41.86103013005414
366,,-27.401495809247255,-44.17947723670415
367,,-27.11150443858977,-42.706358772304625
368,,-27.08650021043246,-43.19896613860812
369,,-26.420122262872468,-43.38660694734522
370,,-26.82093630825972,-43.8031864758258
371,,-26.581072138555314,-43.558708658070586
372,,-26.641343524337476,-43.30843254177274
373,,-26.490249453647436,-43.48687988305655
374,,-26.921122856086757,-43.472444001139216
375,,-26.8704358589809,-43.47611283605778
376,,-27.243616330644784,-43.48067108550206
377,,-26.737815061332448,-43.828329540302676
378,,-27.00711093785703,-44.26061065598717
379,,-26.838001609159484,-43.87528036478499
380,,-27.070639319437152,-43.54077498248963
381,,-26.842921029895997,-43.55630552843861
382,,-26.73318402043222,-43.61686268475178
383,,-26.908281471612483,-43.664839756763776
384,,-26.852844688967927,-43.68503972897274
385,,-26.889536782254396,-43.885910578779814
386,,-26.47839195332046,-43.6740417762798
387,,-26.537730345514664,-43.04277126459262
388,,-26.558341022048673,-43.213154010705786
389,,-26.540936450753293,-43.11162392177061
390,,-27.18215749847795,-43.29599784253826
391,,-27.16592341004746,-43.10898988644447
392,,-27.19354002025105,-43.22150082394709
393,,-27.371945357788622,-43.11959444425103
394,,-27.11757737867139,-43.32988966720555
395,,-27.259104024204905,-43.00133652058227
396,,-27.209994634438694,-43.08619008716033
397,,-27.157509504236046,-43.084462570485385
398,,-27.213149849117972,-43.12175811612608
399,,-27.086262721155524,-43.01725190935486
400,,-27.33471043186916,-42.54344197696979
401,,-27.34222527113218,-42.498851521805705
402,,-27.26543141708325,-42.89035640231139
403,,-27.306177791597392,-43.51522997106364
404,,-27.279104014026792,-43.37964556826898
405,,-27.290639207477923,-43.40638786847957
406,,-27.300986954544378,-43.66425821649696
407,,-27.343480571595975,-43.28801021593234
408,,-27.51493086602331,-43.34957651564969
409,,-27.570113195871148,-43.35113299106969
410,,-27.502038590989688,-43.387427945368955
411,,-27.54622856001939,-43.33881802071367
412,,-27.502123408588595,-43.34090472402399
413,,-27.44965524190573,-43.24713135600056
414,,-27.5406645255312,-43.45874359661814
415,,-27.54950251933714,-43.590753237184465
416,,-27.517560211589373,-43.516273322718796
417,,-27.62110553633306,-43.53310378220536
418,,-27.635287038870036,-43.59761199150776
419,,-27.189163432147527,-43.52562072730153
420,,-27.186211779705623,-43.486580560860396
421,,-27.14361638153534,-43.47841334093679
422,,-27.242819045215075,-43.32445910736105
423,,-27.246720654764722,-43.34619845086453
424,,-27.26602514027558,-43.23876743863376
425,,-27.291775763303256,-43.2432658236388
426,,-27.28314133173469,-43.08163183771605
427,,-27.25637289752015,-43.04159963199625
428,,-27.18392170453518,-42.81616725797912
429,,-26.773540233991397,-42.390727792492406
430,,-26.73789987893136,-41.60263810620916
431,,-26.651419855087433,-40.708545602173956
432,,-26.721445264743714,-39.800624412676456
433,,-26.64627990859377,-39.885802957638916
434,,-26.361326703311256,-39.61583144083419
435,,-26.99878184964452,-39.64453216341391
436,,-26.85532136285596,-40.02294383585358
437,,-26.88807791955322,-39.70031726871413
438,,-26.887348488202637,-38.33309044525086
439,,-26.900529143072532,-38.248647377684655
440,,-26.87672932481968,-38.31610604863485
441,,-26.87074120233696,-38.137701467664776
442,,-26.909367136878473,-38.39681186478051
443,,-27.055609640911122,-38.0033485619057
444,,-26.81155548182079,-38.04103750243277
445,,-26.799172112380603,-38.00317752065076
446,,-26.79041893617357,-38.035598390525536
447,,-26.814049119228606,-37.4354060748618
448,,-26.688722635086023,-38.208683588466826
449,,-26.71598301137421,-37.95005210686494
450,,-26.802921050252223,-37.43241285290027
451,,-26.78541469783815,-37.595791459623456
452,,-26.800647938601557,-37.70062264477907
453,,-26.7956776273057,-37.792514558998114
454,,-26.712810833175148,-38.11827973316581
455,,-26.56488894068417,-38.27755334977031
456,,-26.603888072660858,-37.842569782257684
457,,-26.597967804257266,-38.088048191354325
458,,-26.5464835217217,-39.08797247188659
459,,-26.493896610400363,-39.237274383327815
460,,-26.594134048786742,-39.042347217130086
461,,-26.575440249988,-39.10514501388303
462,,-26.576033973180333,-39.103220799764905
463,,-26.59963022919581,-38.754843971693525
464,,-26.7047870883187,-36.91865623542285
465,,-26.681173868783446,-37.66486647043288
466,,-26.5029212029239,-36.72941619095203
467,,-26.52897716930763,-36.67452050017753
468,,-26.39354042737552,-36.93978838247128
469,,-26.388230845684042,-36.495440306250416
470,,-26.386788946502655,-36.82702088308623
471,,-26.315525199902357,-37.049613972271274
472,,-25.01793468128854,-37.26268861561864
473,,-24.892336780829456,-37.9101054217726
474,,-25.01019931626837,-37.931006663126844
475,,-24.782599771365682,-37.593901453756324
476,,-24.768078998433076,-37.655117118901025
477,,-24.52114104097996,-37.939627142376054
478,,-24.3671970989667,-37.52268842726009
479,,-24.533999388974017,-37.664113888911125
480,,-24.31114962961003,-38.626682759363455
481,,-24.781514106099692,-38.6252973251984
482,,-24.718935681627304,-38.553177780050966
483,,-24.73924101480525,-38.5618752278649
484,,-24.5729137033518,-38.750345586688475
485,,-24.800699846972083,-39.16624095014928
486,,-24.50738362643751,-40.31952937192771
487,,-24.46650154376512,-40.43675249600407
488,,-24.375763676456145,-40.11111560277759
489,,-24.35902068243222,-38.67730241876434
490,,-24.308927408518702,-37.00493799647971
491,,-24.346671240031597,-36.537174372456924
492,,-24.19406741608104,-36.910266661867816
493,,-23.94784192645873,-36.32056772719495
494,,-24.101955503669803,-34.26602017279912
495,,-24.622888232626853,-34.65192345220537
496,,-24.580988338767597,-33.74648236090457
497,,-24.562175795330383,-33.94483890426395
498,,-24.58863888618886,-33.622007087618556
499,,-24.600089262041084,-34.36729369985188
500,,-24.392387925841593,-33.48025664758313
501,,-24.30679000502629,-34.22632149752645
502,,-24.189979207813806,-34.22929761536249
503,,-23.736391652387624,-33.80024917939644
504,,-23.54536545613293,-34.52503649722464
505,,-23.637222915747458,-34.41088356367453
506,,-23.684652917055338,-33.47567274195062
507,,-23.581938804780926,-33.757711219291686
508,,-23.24273626323854,-33.36787399102171
509,,-22.89552694035948,-33.385747802163436
510,,-22.573135246920145,-33.63598971021029
511,,-21.085756868995652,-33.95361332064261
512,,-21.493203650617307,-33.64213864332555
513,,-20.05949784928014,-33.62874611306338
514,,-19.777920384434065,-33.74352334719402
515,,-19.417615224284024,-33.851553003817095
516,,-19.967843951902992,-33.82388708082979
517,,-20.84192323566247,-33.501012503870676
518,,-21.01374672752499,-32.353633557450586
519,,-19.423247112851342,-31.8702282106631
520,,-19.763297830382783,-32.15319031078087
521,,-19.844451309015447,-31.72586939148977
522,,-20.396138899335586,-31.656606235299908
523,,-19.962720968929105,-31.8054121271018
524,,-19.771202830600764,-31.798313915021602
525,,-19.648166421628623,-32.54921923247986
526,,-18.473239114551763,-31.75183345399038
527,,-18.433849821620107,-33.09267716387842
528,,-18.59797187550201,-33.58807250263753
529,,-18.64207702693281,-34.422959076273635
530,,-19.298446497821967,-33.949867517159326
531,,-18.829218577157633,-34.146462335592766
532,,-18.815936141169054,-34.200767934037714
533,,-18.505232312858872,-33.514216888752394
534,,-19.73705526528146,-33.442003270914746
535,,-20.2913382741281,-32.50404723704896
536,,-20.157920191049946,-32.639546119216156
537,,-20.08117722756036,-32.720534153432475
538,,-19.775799944461433,-32.702147218525916
539,,-19.86660566584953,-33.7409833845581
540,,-20.40061726855779,-33.20533348644776
541,,-19.684264791722754,-32.89347396630707
542,,-19.901279100282053,-33.05243970865268
543,,-19.475817060652894,-32.49365648081107
544,,-19.328251402077314,-33.01301469938793
545,,-18.58528316270577,-33.42578855994599
546,,-18.301398659169468,-34.06060817767327
547,,-18.07133940389852,-34.09101076073969
548,,-17.478430460510367,-34.114058569843486
549,,-17.913510815855393,-34.63765861154298
550,,-17.584418532102525,-34.80562967596143
551,,-17.14572494704413,-34.82363176804436
552,,-16.071459166348173,-34.70314175599856
553,,-15.253105045069526,-34.49197422264382
554,,-14.998262087398425,-34.609325627661384
555,,-14.605556604466525,-34.2877253080516
556,,-13.423267129804682,-34.79027872333013
557,,-11.446118008760978,-34.748801219006054
558,,-14.457346332139268,-34.54475755391976
559,,-12.438127682038498,-34.858387351049124
560,,-13.12345388119395,-34.76885580614832
561,,-15.04879641282625,-34.45310509745764
562,,-15.401841186509992,-35.224603782011236
563,,-14.868525088112762,-35.08189551094812
564,,-12.938755077817598,-34.87702229577535
565,,-14.451324282616987,-34.74386667880089
566,,-14.607965424275436,-33.70422661887048
567,,-14.354886672661573,-33.99850309800285
568,,-13.861078611834461,-34.04867805014088
569,,-12.471070837453347,-34.453832022791154
570,,-12.02806851837056,-34.7837706035795
571,,-12.83609185610253,-34.430236881671526
572,,-14.123928350842224,-34.58143735104265
573,,-13.296040731446617,-34.552377441827545
574,,-13.981180331884476,-35.712404889050795
575,,-16.046895989705174,-34.434247799099985
576,,-14.918482653868029,-35.20231710649195
577,,-17.326556067910396,-35.067947096607384
578,,-16.864215336277184,-35.08642810420415
579,,-15.259975270580862,-35.64414232420236
580,,-15.440144814175664,-35.545212062342344
581,,-15.089203516944774,-35.57927492826458
582,,-15.295106720047468,-35.55692838830606
583,,-15.853036885647045,-36.266091087495056
584,,-16.652782025725852,-35.89104037571504
585,,-16.791798070331765,-35.20775621839918
586,,-16.572239233805306,-35.06260205739036
587,,-16.637905018877852,-35.220635624896516
588,,-17.270712160791092,-34.79652172913563
589,,-17.133680847999564,-33.51985269810283
590,,-17.212357652744195,-32.08036094442542
591,,-17.082281383062906,-32.176939389029954
592,,-16.20187470642508,-31.486881998018273
593,,-15.662027652912137,-31.602753896180566
594,,-15.465539203287936,-31.66118158886968
595,,-14.977532666225951,-31.839398024459314
596,,-14.677159621462446,-31.478398351773023
597,,-13.358551301839878,-31.991094513469783
598,,-13.926930995624597,-31.701350627593445
599,,-12.952665164038082,-31.671914427617462
600,,-12.946761859154268,-31.578543006543143
601,,-13.165404665612552,-31.552023059963968
602,,-14.192002955723684,-31.084071290560743
603,,-13.771087139395854,-31.422972433108185
604,,-14.016328744870869,-31.65746999363738
605,,-14.918448726828467,-32.15504610839703
606,,-16.19111983488388,-31.790351944603923
607,,-15.893206500488633,-31.82099398542727
608,,-15.74414805217232,-31.93251288365122
609,,-15.999381170798383,-31.713220890686603
610,,-15.845572936943372,-31.534739341151806
611,,-14.782587896901832,-31.754706947073448
612,,-15.061943140656584,-30.82037698781249
613,,-16.136141067273414,-31.811313050397402
614,,-16.21902482492375,-31.82170380663529
615,,-15.665810517823312,-31.876907371668693
616,,-16.105182643672954,-31.950215653538
617,,-16.117905283508758,-32.1978406303842
618,,-15.735802000440032,-32.14847812420715
619,,-16.08116229966295,-32.243123802630805
620,,-16.861111012157245,-32.158253131927246
621,,-17.175580741858823,-32.24467172598805
622,,-17.08126357187604,-32.00805325389754
623,,-17.058617272968306,-32.787582325370806
624,,-16.76058519393459,-32.744411512622754
625,,-15.682706183525266,-32.63344849847737
626,,-15.303724188096256,-32.75174918245989
627,,-15.376311089239476,-32.66788765516049
628,,-15.3956495017899,-32.62798373038189
629,,-15.82901654163704,-32.69642588854802
630,,-15.547303368632718,-32.743068838771435
631,,-15.699466141068967,-32.31070220245946
632,,-15.843927475524605,-32.800778158189786
633,,-16.217124910708268,-32.79025056894794
634,,-16.082298855488283,-32.87101624953283
635,,-15.62818543094889,-32.89495347316234
636,,-15.721959768298671,-32.899460410230134
637,,-15.75878756974339,-32.7809544767417
638,,-15.849627218171051,-32.27175610870855
639,,-15.913885031101763,-32.45381242047169
640,,-16.055750947030898,-32.57649176058079
641,,-16.10643794413675,-32.5919196817768
642,,-15.852527980053612,-32.57744103954573
643,,-16.084080025065294,-32.70522596111492
644,,-16.39968631059221,-32.594228738718556
645,,-16.310441233023965,-32.79211491862684
646,,-16.906047376057312,-33.1954558539747
647,,-18.818616377294465,-34.98570190916722
648,,-19.00497760560936,-35.46204325212548
649,,-19.655647333852077,-35.43018681839203
650,,-19.43345915175955,-35.33956916152233
651,,-19.375376060029147,-35.390043435856505
652,,-19.655545552733386,-35.466806751075694
653,,-19.24489266587311,-35.132318472905816
654,,-19.213866388193523,-35.35588649724405
655,,-19.090762125142263,-35.453157658931104
656,,-19.353272593754404,-35.49611467011047
657,,-19.491593134049293,-35.42331095994325
658,,-19.502992619342177,-35.41199658092866
659,,-19.995477525626363,-34.03411388728233
660,,-19.38114365675471,-34.39036716514392
661,,-19.445757703600826,-35.5659337103789
662,,-18.744706321608316,-35.66897751442034
663,,-18.76334922984772,-35.60961764689177
664,,-19.315291272964576,-35.52306221982701
665,,-19.246656871930345,-35.65805653029211
666,,-19.28752199108295,-35.68949391295095
667,,-19.146741740419806,-35.71509023675343
668,,-19.497004496859454,-35.271015826540484
669,,-19.774391972319606,-35.57975384377843
670,,-19.63189840615857,-35.586484317160505
671,,-19.840278283149303,-35.64049059340929
672,,-19.82143181267253,-36.216600300376804
673,,-19.363128398747207,-35.625926430550756
674,,-19.39851430101053,-35.31482804399457
675,,-19.748878838568867,-35.045284130327204
676,,-20.65578253310473,-34.969418781696476
677,,-20.713679026117543,-35.01230737637387
678,,-18.566843816703738,-35.04332570795809
679,,-17.589032609482977,-34.84325875204926
680,,-17.09826101869668,-34.473972130560895
681,,-17.689643245304538,-34.5423373201623
682,,-17.334579812766844,-35.01451380856265
683,,-17.767997743173325,-35.001394944308394
684,,-17.817225877578004,-35.00337902286575
685,,-17.611543200232468,-35.30357352941921
686,,-17.52333289737087,-35.24578724143614
687,,-17.701432891552386,-35.32851134439015
688,,-17.363875811428763,-35.19878510457733
689,,-17.531831620781194,-34.61382401266643
690,,-17.484130203156806,-34.729721567016966
691,,-17.732476132751756,-34.679178876180806
692,,-18.475512226202426,-33.79362133076733
693,,-18.40818401619134,-34.202213232641995
694,,-18.003705850531368,-34.28362886999568
695,,-18.540109309528763,-33.97543818477355
696,,-18.365317201704563,-34.28579254187073
697,,-18.46377347051392,-33.83276412196143
698,,-18.69379879874531,-33.81141817334432
699,,-18.982195598543374,-33.84259899412075
700,,-18.934697743156363,-34.14208367946618
701,,-18.914324555899288,-34.30944754742958
702,,-19.489862855031625,-34.771156311027326
703,,-19.553255528453505,-34.86210749834417
704,,-19.62178814836905,-34.76495606553558
705,,-20.409234736606578,-34.76650398889282
706,,-20.95598594267043,-34.51160975871148
707,,-20.883941874160197,-33.33232306618145
708,,-21.617902484527992,-33.440164577424085
709,,-21.246825489316965,-33.52469316561776
710,,-21.195934929973742,-33.161093665856306
711,,-20.543857229589193,-32.34680901137829
712,,-20.758191302023082,-32.139489906259804
713,,-20.184417208947984,-32.088989975737384
714,,-20.522992100258474,-29.42183251056884
715,,-20.75685118396038,-28.726498496842122
716,,-20.924365941798502,-28.23903947231245
717,,-20.956749301060572,-28.538284699900963
718,,-21.144077450002996,-28.739121341457032
719,,-20.799412655091096,-28.59702026684898
720,,-20.507623151336816,-28.181047934823447
721,,-20.606961523174796,-28.242819484046727
722,,-20.57676645796448,-28.086838411599903
723,,-20.89451014698381,-27.401347822095246
724,,-21.09298332842239,-27.858181909927072
725,,-20.992084312764554,-28.028658728730456
726,,-21.129454895951703,-27.721562707539984
727,,-21.036053756037106,-27.78924373212161
728,,-21.357851726284103,-27.74810831030741
729,,-21.270574417010472,-27.442808222293852
730,,-21.66745292580852,-27.305350917757536
731,,-22.105824203991077,-26.375211469242718
732,,-20.934493163107803,-25.83086412331844
733,,-21.19764824547163,-25.958580628385654
734,,-21.13678313649713,-26.012569800508953
735,,-21.21627419019125,-26.545269236971492
736,,-20.525875898621255,-27.33004927497155
737,,-20.919124214186148,-25.34296039152591
738,,-21.0180384980296,-26.81929443151841
739,,-21.128487975324184,-26.411728777173412
740,,-21.128080850849436,-26.438282932003577
741,,-21.039276824795508,-25.756709187237163
742,,-20.943687390829147,-25.68524815092126
743,,-20.81674937230736,-27.174931960862192
744,,-21.13486625876187,-25.712802897092857
745,,-21.190828910519635,-25.837543284324028
746,,-21.163161409756704,-25.454462185624365
747,,-21.55215188185655,-25.406733123432048
748,,-20.889675543846202,-25.690003097808724
749,,-20.85920906231939,-25.883390892711958
750,,-20.86736851533409,-25.373628088537497
751,,-20.14677515855378,-25.352846576061715
752,,-19.474222489793473,-25.45697649207205
753,,-19.703009481080837,-24.6265711993155
754,,-20.078412173836043,-23.982044990370103
755,,-19.450575343218652,-23.50211178105801
756,,-19.757615051256117,-21.939247970188976
757,,-19.43569833637065,-20.054587142266982
758,,-19.5765634046327,-20.295370468915387
759,,-18.47807371768937,-20.699540954349732
760,,-18.351390151964296,-19.914435937965287
761,,-18.528896422953473,-20.33283705581103
762,,-18.27683548252647,-20.299543875536045
763,,-18.234104376197937,-22.49579910965356
764,,-18.55741209970546,-22.284460535043877
765,,-18.687590150505436,-21.023493091215013
766,,-18.524180564454333,-20.934354941200585
767,,-18.634443443031326,-21.867838246249562
768,,-19.10665694317713,-21.619665937387538
769,,-19.041635771856264,-22.34013446352838
770,,-19.246758653049028,-21.270502319543414
771,,-18.688862414489016,-21.600680358088674
772,,-18.23030454776698,-20.407830094041532
773,,-17.35770109022845,-20.21115830704336
774,,-17.60815049627625,-20.092609613241194
775,,-17.22882923045162,-20.349180047720996
776,,-17.483841823320528,-20.95555550475097
777,,-17.42993175745627,-20.44488618192531
778,,-17.53340922812083,-21.371433764086284
779,,-17.587302330465306,-20.581060677049543
780,,-17.797174997196777,-21.292087725917433
781,,-17.008591853133915,-21.768215267307014
782,,-16.766827769214025,-21.675459594750503
783,,-16.700636115028267,-21.559134437262603
784,,-16.520568352552154,-19.909621126638594
785,,-16.07327426296475,-19.22505415991064
786,,-16.61663276507238,-21.101154373022656
787,,-15.894851961907396,-19.909159315250243
788,,-15.78625150826895,-19.95671733618762
789,,-15.963418508862503,-20.105950831126876
790,,-15.725199800576862,-20.171220174013776
791,,-16.537175638417825,-17.540066893011097
792,,-16.51393561631775,-18.30745203538327
793,,-16.858447739551615,-17.890675809459502
794,,-16.04494518493035,-18.117613346520137
795,,-17.062705481235547,-21.13441334504665
796,,-17.03130600612078,-21.106713213808355
797,,-16.883791238104543,-22.059395899724887
798,,-16.93256135747513,-21.38876024321218
799,,-16.43061080715311,-20.830661180390347
800,,-16.932866700831195,-21.213383092454627
801,,-17.555546621435134,-22.4706389410512
802,,-18.446131409941604,-22.12964254313068
803,,-18.37708988443263,-22.103037075924032
804,,-18.552747131765667,-22.187651184745178
805,,-18.825995508399227,-23.91363704045497
806,,-18.930796133606716,-23.6407065099397
807,,-18.195902529650958,-23.482476244990348
808,,-18.45688628148281,-23.574239878268187
809,,-18.464808245220567,-21.993998275896775
810,,-17.975308918417852,-21.69310250019805
811,,-17.78969408497332,-21.82342738440317
812,,-18.260092488502547,-20.72824167692946
813,,-19.64716557396154,-20.973164201947537
814,,-19.85576597670942,-21.303675770939943
815,,-19.954188318479222,-20.884068812246834
816,,-19.835426716491913,-20.800882897904476
817,,-24.885500482357685,-20.971607726527534
818,,-23.846026880732712,-21.331777849127352
819,,-24.541785644553528,-21.25654535313993
820,,-24.29666278371699,-20.881306495979473
821,,-24.725704126019952,-19.769735036282064
822,,-24.23788418767556,-18.955014226603932
823,,-24.12772309021726,-17.408245397825212
824,,-22.78204099302409,-16.85754386927973
825,,-22.789827248603604,-16.418061916762056
826,,-22.869012958941667,-15.008066227499864
827,,-23.508588545247555,-15.238569974726094
828,,-22.165603647699587,-13.406726686331025
829,,-21.896172063016763,-13.31915356379933
830,,-21.878156805009255,-13.109405672860634
831,,-21.845298467193317,-13.53993361568196
832,,-22.611608509783622,-13.126868984990494
833,,-22.69752873747477,-13.464230756243431
834,,-23.32901272484509,-13.021097072932688
835,,-22.474543269952534,-13.406273427005418
836,,-22.41776636924527,-13.895006708884427
837,,-21.934882815157174,-14.332290781276068
838,,-21.815374818299496,-13.646423901010538
839,,-21.92029418814545,-13.495249087827661
840,,-21.63427228111673,-11.075827776321026
841,,-21.832491009758602,-8.933288048318898
842,,-20.91591810894753,-4.302260550063463
843,,-21.11182979889917,-5.362083478077357
844,,-20.87591812930375,-4.311599402583443
845,,-20.958971522151895,-4.689951210583883
846,,-21.641159470147848,-3.6781139066447275
847,,-21.64304242084355,0.6564135761640604
848,,-21.694713302096705,-3.092725211596471
849,,-21.677698891756286,-1.212126613479399
850,,-21.686655630200697,-0.5090786391546841
851,,-22.176833497794654,0.6872779706188269
852,,-21.249726251199533,0.8493823199926764
853,,-21.365196930349313,1.272392999659179
854,,-20.998259033964867,4.01273901781856
855,,-21.24629962020375,3.387950969693785
856,,-21.742889698274958,4.77925184979051
857,,-21.721804043187085,3.3750630111337063
858,,-21.214611765252705,1.6953267107609564
859,,-20.6462151079482,-1.700953968048629
860,,-20.585858904567136,0.7269595417660082
861,,-20.550150695427973,0.0486526849690207
862,,-20.159820105265425,-4.7310866323980845
863,,-20.147589407503265,0.30126351439686944
864,,-20.145231478253695,-1.714645820506956
865,,-18.423926162548177,-3.2477484530156016
866,,-18.655987113153287,-2.9740738930413246
867,,-18.381856633491108,-0.1817313333787498
868,,-18.079736346190153,2.0562494148825246
869,,-18.205894042802015,2.1091097147231936
870,,-18.235308786102394,1.5925651247901715
871,,-18.002230024310414,2.7885882041165377
872,,-17.84183994478035,2.072575302667
873,,-16.35698913130324,1.8336563256974907
874,,-16.725657306705358,3.166871595615005
875,,-17.124842854193624,1.8746720186332377
876,,-18.449727676135197,-1.7372318182224098
877,,-18.449727676135197,-1.3066098027108648
878,,-18.449727676135197,0.7746971560210595
879,,-18.449727676135197,0.31524613698859266
880,,-18.449727676135197,1.228127522879482
881,,-18.449727676135197,1.569055504298028
882,,-18.449727676135197,3.5044813766876217
883,,-18.449727676135197,1.3604193815164674
884,,-18.449727676135197,2.6038550967135055
885,,-18.449727676135197,2.130575392218753
886,,-18.449727676135197,-0.3444685353958862
887,,-18.449727676135197,-2.9727483233155043
888,,-18.449727676135197,-1.5965589380931298
889,,-18.449727676135197,-3.5497731009969713
890,,-18.449727676135197,-3.1386583406118658
891,,-18.449727676135197,-5.338419920455751
892,,-18.449727676135197,-3.474446532319315
893,,-18.449727676135197,-3.1416515625734025
