cycle,date,rel_day,price,log_norm
2021_height_only,2021-04-02,-220.0,59019.55,-0.13440787885893504
2021_height_only,2021-04-03,-219.0,56731.0,-0.1739558252698304
2021_height_only,2021-04-04,-218.0,58266.39,-0.14725119755230595
2021_height_only,2021-04-05,-217.0,59200.0,-0.1313550819206453
2021_height_only,2021-04-06,-216.0,58018.31,-0.15151797342850806
2021_height_only,2021-04-07,-215.0,55962.11,-0.18760176922022817
2021_height_only,2021-04-08,-214.0,58108.65,-0.14996208979520878
2021_height_only,2021-04-09,-213.0,58126.14,-0.1496611471921895
2021_height_only,2021-04-10,-212.0,60039.35,-0.11727644321986964
2021_height_only,2021-04-11,-211.0,60133.37,-0.11571169509427996
2021_height_only,2021-04-12,-210.0,59903.04,-0.11954936872491607
2021_height_only,2021-04-13,-209.0,63660.94,-0.058705436121596045
2021_height_only,2021-04-14,-208.0,63283.43,-0.06465309828034259
2021_height_only,2021-04-15,-207.0,63346.93,-0.06365017914905995
2021_height_only,2021-04-16,-206.0,61486.08,-0.09346581608064254
2021_height_only,2021-04-17,-205.0,60199.33,-0.11461540112587033
2021_height_only,2021-04-18,-204.0,56351.2,-0.18067308807685378
2021_height_only,2021-04-19,-203.0,55797.39,-0.19054952971083514
2021_height_only,2021-04-20,-202.0,56514.9,-0.17777230361121743
2021_height_only,2021-04-21,-201.0,53919.48,-0.2247848011699705
2021_height_only,2021-04-22,-200.0,51653.27,-0.26772311950359673
2021_height_only,2021-04-23,-199.0,51231.69,-0.27591833792029175
2021_height_only,2021-04-24,-198.0,50167.5,-0.2969092171320696
2021_height_only,2021-04-25,-197.0,49272.06,-0.3149194376964537
2021_height_only,2021-04-26,-196.0,53969.71,-0.22385366055005831
2021_height_only,2021-04-27,-195.0,55120.81,-0.2027493020027258
2021_height_only,2021-04-28,-194.0,54964.11,-0.20559619703313164
2021_height_only,2021-04-29,-193.0,53562.87,-0.23142051965849586
2021_height_only,2021-04-30,-192.0,57640.17,-0.15805690334289774
2021_height_only,2021-05-01,-191.0,57868.94,-0.15409582530984284
2021_height_only,2021-05-02,-190.0,56631.64,-0.1757087841889826
2021_height_only,2021-05-03,-189.0,57213.29,-0.1654904097548854
2021_height_only,2021-05-04,-188.0,53128.68,-0.23955972837688547
2021_height_only,2021-05-05,-187.0,57518.01,-0.16017850765832298
2021_height_only,2021-05-06,-186.0,56485.77,-0.17828787578694472
2021_height_only,2021-05-07,-185.0,57373.88,-0.16268747631759517
2021_height_only,2021-05-08,-184.0,59045.17,-0.13397387960154242
2021_height_only,2021-05-09,-183.0,58410.34,-0.14478369485425363
2021_height_only,2021-05-10,-182.0,55936.77,-0.1880546781400165
2021_height_only,2021-05-11,-181.0,56719.0,-0.17416737220759596
2021_height_only,2021-05-12,-180.0,49095.57,-0.31850781711314985
2021_height_only,2021-05-13,-179.0,49635.45,-0.30757132762688094
2021_height_only,2021-05-14,-178.0,49923.92,-0.3017763771913843
2021_height_only,2021-05-15,-177.0,46984.74,-0.36245375567184984
2021_height_only,2021-05-16,-176.0,46523.31,-0.37232314649873344
2021_height_only,2021-05-17,-175.0,43768.74,-0.43335675986245203
2021_height_only,2021-05-18,-174.0,42989.8,-0.4513137455579448
2021_height_only,2021-05-19,-173.0,37236.61,-0.5949842066946273
2021_height_only,2021-05-20,-172.0,40749.78,-0.5048261829113132
2021_height_only,2021-05-21,-171.0,37425.0,-0.5899376935049132
2021_height_only,2021-05-22,-170.0,37383.34,-0.5910514731799235
2021_height_only,2021-05-23,-169.0,34927.4,-0.6590050023457084
2021_height_only,2021-05-24,-168.0,38725.06,-0.5557896881221722
2021_height_only,2021-05-25,-167.0,38370.0,-0.5650007195517442
2021_height_only,2021-05-26,-166.0,39213.41,-0.5432578436775248
2021_height_only,2021-05-27,-165.0,38368.17,-0.5650484141996711
2021_height_only,2021-05-28,-164.0,35770.0,-0.6351670705396789
2021_height_only,2021-05-29,-163.0,34621.64,-0.6677977037229516
2021_height_only,2021-05-30,-162.0,35545.27,-0.6414695284529445
2021_height_only,2021-05-31,-161.0,37153.71,-0.5972129922225573
2021_height_only,2021-06-01,-160.0,36764.58,-0.6077417421362817
2021_height_only,2021-06-02,-159.0,37501.36,-0.5878994248251932
2021_height_only,2021-06-03,-158.0,39215.09,-0.5432150021084461
2021_height_only,2021-06-04,-157.0,36895.48,-0.6041875734919636
2021_height_only,2021-06-05,-156.0,35565.0,-0.6409146156251269
2021_height_only,2021-06-06,-155.0,35873.42,-0.632279992512536
2021_height_only,2021-06-07,-154.0,33816.09,-0.6913398990876285
2021_height_only,2021-06-08,-153.0,33432.26,-0.7027553217150928
2021_height_only,2021-06-09,-152.0,37357.02,-0.5917557780852782
2021_height_only,2021-06-10,-151.0,36717.51,-0.6090228708150648
2021_height_only,2021-06-11,-150.0,37282.15,-0.593761963982342
2021_height_only,2021-06-12,-149.0,35609.66,-0.6396596744463091
2021_height_only,2021-06-13,-148.0,39122.03,-0.5455908883747701
2021_height_only,2021-06-14,-147.0,40496.92,-0.511050701972729
2021_height_only,2021-06-15,-146.0,40093.93,-0.5210516725269867
2021_height_only,2021-06-16,-145.0,38394.4,-0.5643650081849719
2021_height_only,2021-06-17,-144.0,38027.63,-0.5739636230340275
2021_height_only,2021-06-18,-143.0,35777.39,-0.6349604941704702
2021_height_only,2021-06-19,-142.0,35498.24,-0.642793506023027
2021_height_only,2021-06-20,-141.0,35565.82,-0.6408915595152708
2021_height_only,2021-06-21,-140.0,31686.69,-0.7563799049160976
2021_height_only,2021-06-22,-139.0,32508.26,-0.7307824129203772
2021_height_only,2021-06-23,-138.0,33688.35,-0.6951245435487625
2021_height_only,2021-06-24,-137.0,34695.34,-0.6656712398241584
2021_height_only,2021-06-25,-136.0,31704.87,-0.7558063269666538
2021_height_only,2021-06-26,-135.0,32265.95,-0.7382641291866475
2021_height_only,2021-06-27,-134.0,34596.99,-0.6685099397507965
2021_height_only,2021-06-28,-133.0,34541.8,-0.6701064389583294
2021_height_only,2021-06-29,-132.0,35928.75,-0.6307388131595496
2021_height_only,2021-06-30,-131.0,34995.83,-0.6570477122764085
2021_height_only,2021-07-01,-130.0,33538.49,-0.6995828892996147
2021_height_only,2021-07-02,-129.0,33832.49,-0.6908550404159081
2021_height_only,2021-07-03,-128.0,34633.93,-0.6674427864179892
2021_height_only,2021-07-04,-127.0,35126.9,-0.6533094050929531
2021_height_only,2021-07-05,-126.0,33673.22,-0.6955737611146365
2021_height_only,2021-07-06,-125.0,34193.9,-0.6802293582236407
2021_height_only,2021-07-07,-124.0,33791.0,-0.692082128967715
2021_height_only,2021-07-08,-123.0,32878.23,-0.7194658871884148
2021_height_only,2021-07-09,-122.0,33766.87,-0.6927964795245374
2021_height_only,2021-07-10,-121.0,33547.19,-0.6993235194892832
2021_height_only,2021-07-11,-120.0,34236.21,-0.6789927679159079
2021_height_only,2021-07-12,-119.0,33096.86,-0.7128382099758048
2021_height_only,2021-07-13,-118.0,32768.54,-0.7228077150371606
2021_height_only,2021-07-14,-117.0,32817.18,-0.7213244650578219
2021_height_only,2021-07-15,-116.0,31891.09,-0.7499499633790333
2021_height_only,2021-07-16,-115.0,31408.78,-0.7651891521477835
2021_height_only,2021-07-17,-114.0,31503.78,-0.762169085178442
2021_height_only,2021-07-18,-113.0,31753.02,-0.7542887848851091
2021_height_only,2021-07-19,-112.0,30849.9,-0.783143114955548
2021_height_only,2021-07-20,-111.0,29788.61,-0.8181505181270282
2021_height_only,2021-07-21,-110.0,32086.04,-0.7438555792328692
2021_height_only,2021-07-22,-109.0,32327.95,-0.7363444426824983
2021_height_only,2021-07-23,-108.0,33700.0,-0.6947787864522893
2021_height_only,2021-07-24,-107.0,34275.43,-0.6778478528537598
2021_height_only,2021-07-25,-106.0,35368.57,-0.6464530511532398
2021_height_only,2021-07-26,-105.0,37269.12,-0.5941115220819607
2021_height_only,2021-07-27,-104.0,39381.82,-0.5389723353140897
2021_height_only,2021-07-28,-103.0,40031.56,-0.5226084807935429
2021_height_only,2021-07-29,-102.0,40024.94,-0.522773863992036
2021_height_only,2021-07-30,-101.0,42188.95,-0.47011828539813405
2021_height_only,2021-07-31,-100.0,41472.42,-0.4872479958172619
2021_height_only,2021-08-01,-99.0,39816.76,-0.5279886946326241
2021_height_only,2021-08-02,-98.0,39146.69,-0.5449607515636408
2021_height_only,2021-08-03,-97.0,38207.27,-0.5692508121693881
2021_height_only,2021-08-04,-96.0,39730.0,-0.5301700539840977
2021_height_only,2021-08-05,-95.0,40893.75,-0.5012993841746936
2021_height_only,2021-08-06,-94.0,42827.76,-0.45509013334087417
2021_height_only,2021-08-07,-93.0,44488.87,-0.41703757828127375
2021_height_only,2021-08-08,-92.0,43933.26,-0.4296049596074523
2021_height_only,2021-08-09,-91.0,46208.5,-0.3791128599616679
2021_height_only,2021-08-10,-90.0,45565.76,-0.3931200665327253
2021_height_only,2021-08-11,-89.0,45482.95,-0.39493909335548605
2021_height_only,2021-08-12,-88.0,44454.37,-0.4178133539721583
2021_height_only,2021-08-13,-87.0,47765.41,-0.34597488643448604
2021_height_only,2021-08-14,-86.0,47134.61,-0.3592690731030127
2021_height_only,2021-08-15,-85.0,47090.0,-0.36021595955514213
2021_height_only,2021-08-16,-84.0,45930.71,-0.3851426672862636
2021_height_only,2021-08-17,-83.0,44718.51,-0.41188911394459293
2021_height_only,2021-08-18,-82.0,44735.2,-0.41151596004871405
2021_height_only,2021-08-19,-81.0,46736.74,-0.36774604467194694
2021_height_only,2021-08-20,-80.0,49350.99,-0.3133187973420562
2021_height_only,2021-08-21,-79.0,48896.95,-0.3225616014631439
2021_height_only,2021-08-22,-78.0,49328.47,-0.31377522465511515
2021_height_only,2021-08-23,-77.0,49464.66,-0.31101814860599464
2021_height_only,2021-08-24,-76.0,47770.4,-0.3458704229876479
2021_height_only,2021-08-25,-75.0,48985.05,-0.32076147429389185
2021_height_only,2021-08-26,-74.0,46770.6,-0.3670218234187286
2021_height_only,2021-08-27,-73.0,49082.04,-0.31878344003951053
2021_height_only,2021-08-28,-72.0,48963.41,-0.32120333933908163
2021_height_only,2021-08-29,-71.0,48770.78,-0.32514526077794853
2021_height_only,2021-08-30,-70.0,46924.16,-0.36374394240395636
2021_height_only,2021-08-31,-69.0,47065.73,-0.36073148846745606
2021_height_only,2021-09-01,-68.0,48889.19,-0.3227203151625757
2021_height_only,2021-09-02,-67.0,49273.33,-0.3148936627718209
2021_height_only,2021-09-03,-66.0,49919.31,-0.301868721960344
2021_height_only,2021-09-04,-65.0,49949.07,-0.30127273750799
2021_height_only,2021-09-05,-64.0,51782.76,-0.26521934847436596
2021_height_only,2021-09-06,-63.0,52691.2,-0.24782816512869021
2021_height_only,2021-09-07,-62.0,46943.82,-0.36332505621321354
2021_height_only,2021-09-08,-61.0,46022.48,-0.38314665104216683
2021_height_only,2021-09-09,-60.0,46414.58,-0.3746629897985297
2021_height_only,2021-09-10,-59.0,44897.75,-0.40788894167658735
2021_height_only,2021-09-11,-58.0,45127.48,-0.402785250218967
2021_height_only,2021-09-12,-57.0,46010.13,-0.3834150341744964
2021_height_only,2021-09-13,-56.0,44969.02,-0.4063028155714269
2021_height_only,2021-09-14,-55.0,47096.48,-0.3600783601882217
2021_height_only,2021-09-15,-54.0,48106.71,-0.33885495538875393
2021_height_only,2021-09-16,-53.0,47772.7,-0.3458222771770046
2021_height_only,2021-09-17,-52.0,47337.8,-0.35496749313248066
2021_height_only,2021-09-18,-51.0,48300.04,-0.33484423499507127
2021_height_only,2021-09-19,-50.0,47270.75,-0.35638491283134976
2021_height_only,2021-09-20,-49.0,42991.14,-0.4512825758591696
2021_height_only,2021-09-21,-48.0,40656.13,-0.5071269996778935
2021_height_only,2021-09-22,-47.0,43544.09,-0.4385026358059572
2021_height_only,2021-09-23,-46.0,44892.71,-0.4080012030461202
2021_height_only,2021-09-24,-45.0,42816.65,-0.4553495781794182
2021_height_only,2021-09-25,-44.0,42682.26,-0.45849324657653423
2021_height_only,2021-09-26,-43.0,43142.04,-0.44777869606777154
2021_height_only,2021-09-27,-42.0,42214.52,-0.4695123861197688
2021_height_only,2021-09-28,-41.0,41006.19,-0.49855359289221185
2021_height_only,2021-09-29,-40.0,41522.49,-0.4860414156529006
2021_height_only,2021-09-30,-39.0,43834.03,-0.43186616745107503
2021_height_only,2021-10-01,-38.0,48145.34,-0.3380522711430862
2021_height_only,2021-10-02,-37.0,47692.85,-0.34749513232991186
2021_height_only,2021-10-03,-36.0,48179.83,-0.33733615506514014
2021_height_only,2021-10-04,-35.0,49248.68,-0.31539405858214514
2021_height_only,2021-10-05,-34.0,51441.74,-0.2718267186368362
2021_height_only,2021-10-06,-33.0,55278.64,-0.1998900466798749
2021_height_only,2021-10-07,-32.0,53844.74,-0.22617190371631937
2021_height_only,2021-10-08,-31.0,53983.21,-0.22360355151974448
2021_height_only,2021-10-09,-30.0,54951.3,-0.20582928537002618
2021_height_only,2021-10-10,-29.0,54655.3,-0.21123043310356496
2021_height_only,2021-10-11,-28.0,57440.05,-0.16153482859747775
2021_height_only,2021-10-12,-27.0,56019.29,-0.18658052810394316
2021_height_only,2021-10-13,-26.0,57372.59,-0.16270996066940227
2021_height_only,2021-10-14,-25.0,57327.09,-0.16350333694362815
2021_height_only,2021-10-15,-24.0,61682.48,-0.09027668784113412
2021_height_only,2021-10-16,-23.0,60880.85,-0.10335794846239414
2021_height_only,2021-10-17,-22.0,61541.01,-0.09257284196168855
2021_height_only,2021-10-18,-21.0,62036.95,-0.08454644854182641
2021_height_only,2021-10-19,-20.0,64353.53,-0.04788483501816271
2021_height_only,2021-10-20,-19.0,66005.17,-0.02254355151874175
2021_height_only,2021-10-21,-18.0,62152.09,-0.08269217810072044
2021_height_only,2021-10-22,-17.0,60671.75,-0.10679843770341563
2021_height_only,2021-10-23,-16.0,61308.09,-0.09636481567737036
2021_height_only,2021-10-24,-15.0,60889.41,-0.1032173558412714
2021_height_only,2021-10-25,-14.0,63102.83,-0.0675110058238192
2021_height_only,2021-10-26,-13.0,60341.21,-0.11226133724793555
2021_height_only,2021-10-27,-12.0,58517.61,-0.14294888923089652
2021_height_only,2021-10-28,-11.0,60577.62,-0.10835110587662841
2021_height_only,2021-10-29,-10.0,62316.4,-0.08005199028379067
2021_height_only,2021-10-30,-9.0,62062.88,-0.08412855916393842
2021_height_only,2021-10-31,-8.0,61333.45,-0.09595125269762546
2021_height_only,2021-11-01,-7.0,60950.0,-0.10222276788332474
2021_height_only,2021-11-02,-6.0,63357.2,-0.0634880692001185
2021_height_only,2021-11-03,-5.0,62944.4,-0.07002482676903934
2021_height_only,2021-11-04,-4.0,61499.24,-0.09325180679806763
2021_height_only,2021-11-05,-3.0,61000.01,-0.10140259570288127
2021_height_only,2021-11-06,-2.0,61539.3,-0.09260062869703414
2021_height_only,2021-11-07,-1.0,63433.66,-0.06228198842633989
2021_height_only,2021-11-08,0.0,67510.06,0.0
2021_height_only,2021-11-09,1.0,66967.98,-0.008062029102996204
2021_height_only,2021-11-10,2.0,64896.86,-0.039477383397362
2021_height_only,2021-11-11,3.0,64793.69,-0.041068401736989495
2021_height_only,2021-11-12,4.0,64158.51,-0.050919883714028655
2021_height_only,2021-11-13,5.0,64482.54,-0.04588213432852588
2021_height_only,2021-11-14,6.0,65714.05,-0.026963870345732742
2021_height_only,2021-11-15,7.0,63441.68,-0.06215556511964087
2021_height_only,2021-11-16,8.0,60147.32,-0.11547973766100385
2021_height_only,2021-11-17,9.0,60314.28,-0.11270773219353138
2021_height_only,2021-11-18,10.0,57017.38,-0.16892049017165567
2021_height_only,2021-11-19,11.0,58187.85,-0.14860005375381577
2021_height_only,2021-11-20,12.0,59771.71,-0.12174415171328812
2021_height_only,2021-11-21,13.0,58742.9,-0.1391063291532449
2021_height_only,2021-11-22,14.0,56254.57,-0.18238934158178252
2021_height_only,2021-11-23,15.0,57599.99,-0.15875422971988595
2021_height_only,2021-11-24,16.0,57255.24,-0.16475745718044388
2021_height_only,2021-11-25,17.0,59022.44,-0.13435891323237148
2021_height_only,2021-11-26,18.0,53839.39,-0.22627126840458683
2021_height_only,2021-11-27,19.0,54665.93,-0.21103596035506947
2021_height_only,2021-11-28,20.0,57471.87,-0.16098101310447582
2021_height_only,2021-11-29,21.0,57828.33,-0.15479782980256343
2021_height_only,2021-11-30,22.0,56879.47,-0.1713421562211974
2021_height_only,2021-12-01,23.0,57228.47,-0.16522512197725903
2021_height_only,2021-12-02,24.0,56566.29,-0.17686339907036838
2021_height_only,2021-12-03,25.0,53681.96,-0.22919961914608997
2021_height_only,2021-12-04,26.0,49335.0,-0.31364285550147536
2021_height_only,2021-12-05,27.0,49511.76,-0.31006640669503616
2021_height_only,2021-12-06,28.0,50588.91,-0.28854424149890534
2021_height_only,2021-12-07,29.0,50676.09,-0.286822422083742
2021_height_only,2021-12-08,30.0,50531.51,-0.2896795217156026
2021_height_only,2021-12-09,31.0,47639.07,-0.34862340092463046
2021_height_only,2021-12-10,32.0,47268.48,-0.3564329352237563
2021_height_only,2021-12-11,33.0,49432.46,-0.3116693303823263
2021_height_only,2021-12-12,34.0,50065.39,-0.2989466728080153
2021_height_only,2021-12-13,35.0,46639.86,-0.3698210834881393
2021_height_only,2021-12-14,36.0,48343.16,-0.3339518803780603
2021_height_only,2021-12-15,37.0,48885.97,-0.3227861805623597
2021_height_only,2021-12-16,38.0,47605.48,-0.34932874314930595
2021_height_only,2021-12-17,39.0,46240.15,-0.3784281555071082
2021_height_only,2021-12-18,40.0,46813.13,-0.36611290467979923
2021_height_only,2021-12-19,41.0,46683.77,-0.3688800570141305
2021_height_only,2021-12-20,42.0,46963.71,-0.36290144800421414
2021_height_only,2021-12-21,43.0,48954.47,-0.3213859413321976
2021_height_only,2021-12-22,44.0,48646.94,-0.32768771540959557
2021_height_only,2021-12-23,45.0,50840.46,-0.28358412953657913
2021_height_only,2021-12-24,46.0,50815.7,-0.28407126185575443
2021_height_only,2021-12-25,47.0,50395.07,-0.2923832709780397
2021_height_only,2021-12-26,48.0,50841.73,-0.283559149744148
2021_height_only,2021-12-27,49.0,50663.26,-0.28707563073504155
2021_height_only,2021-12-28,50.0,47594.55,-0.3495583649266945
2021_height_only,2021-12-29,51.0,46518.8,-0.3724200918496832
2021_height_only,2021-12-30,52.0,47097.85,-0.36004927138850124
2021_height_only,2021-12-31,53.0,46244.63,-0.3783312747013474
2021_height_only,2022-01-01,54.0,47748.83,-0.346322059801861
2021_height_only,2022-01-02,55.0,47258.52,-0.35664366866577535
2021_height_only,2022-01-03,56.0,46519.76,-0.3723994552448167
2021_height_only,2022-01-04,57.0,45889.4,-0.3860424702332913
2021_height_only,2022-01-05,58.0,43422.85,-0.44129082355967625
2021_height_only,2022-01-06,59.0,43133.33,-0.4479806076916704
2021_height_only,2022-01-07,60.0,41656.16,-0.48282736697409206
2021_height_only,2022-01-08,61.0,41667.48,-0.48255565536692646
2021_height_only,2022-01-09,62.0,41838.78,-0.47845296317886976
2021_height_only,2022-01-10,63.0,41872.47,-0.47764805340105804
2021_height_only,2022-01-11,64.0,42771.24,-0.4564107097077448
2021_height_only,2022-01-12,65.0,43884.25,-0.43072113803447176
2021_height_only,2022-01-13,66.0,42617.64,-0.4600083717375681
2021_height_only,2022-01-14,67.0,43158.68,-0.44739306776232485
2021_height_only,2022-01-15,68.0,43082.34,-0.44916345544881575
2021_height_only,2022-01-16,69.0,43137.67,-0.44787999450754934
2021_height_only,2022-01-17,70.0,42285.47,-0.4678330955855723
2021_height_only,2022-01-18,71.0,42411.61,-0.464854478300037
2021_height_only,2022-01-19,72.0,41723.49,-0.48121234425248743
2021_height_only,2022-01-20,73.0,40696.22,-0.5061414103680519
2021_height_only,2022-01-21,74.0,36513.29,-0.6146003199049285
2021_height_only,2022-01-22,75.0,35108.16,-0.6538430417252762
2021_height_only,2022-01-23,76.0,36233.04,-0.6223052140604942
2021_height_only,2022-01-24,77.0,36643.49,-0.6110408374490699
2021_height_only,2022-01-25,78.0,36976.64,-0.6019902619039229
2021_height_only,2022-01-26,79.0,36838.9,-0.6057222717183606
2021_height_only,2022-01-27,80.0,37139.68,-0.597590683970552
2021_height_only,2022-01-28,81.0,37677.8,-0.5832055622188855
2021_height_only,2022-01-29,82.0,38166.62,-0.5703153121925917
2021_height_only,2022-01-30,83.0,37918.6,-0.5768348669365617
2021_height_only,2022-01-31,84.0,38430.3,-0.5634304128630734
2021_height_only,2022-02-01,85.0,38745.11,-0.5552720695227121
2021_height_only,2022-02-02,86.0,36905.98,-0.6039030262737691
2021_height_only,2022-02-03,87.0,37238.31,-0.5949385537419208
2021_height_only,2022-02-04,88.0,41545.39,-0.48549005932648137
2021_height_only,2022-02-05,89.0,41447.5,-0.48784905767912207
2021_height_only,2022-02-06,90.0,42496.61,-0.4628523157674898
2021_height_only,2022-02-07,91.0,43897.96,-0.43040877405750017
2021_height_only,2022-02-08,92.0,44147.59,-0.42473828488700754
2021_height_only,2022-02-09,93.0,44402.94,-0.4189709403484068
2021_height_only,2022-02-10,94.0,43477.29,-0.4400378910069361
2021_height_only,2022-02-11,95.0,42391.54,-0.46532780978299987
2021_height_only,2022-02-12,96.0,42217.48,-0.46944227052375737
2021_height_only,2022-02-13,97.0,42097.33,-0.4722923055609834
2021_height_only,2022-02-14,98.0,42572.56,-0.46106670953247314
2021_height_only,2022-02-15,99.0,44469.73,-0.4174678908153142
2021_height_only,2022-02-16,100.0,43897.22,-0.4304256314749578
2021_height_only,2022-02-17,101.0,40553.82,-0.5096466430005927
2021_height_only,2022-02-18,102.0,39993.11,-0.523569434533404
2021_height_only,2022-02-19,103.0,40089.18,-0.5211701513439234
2021_height_only,2022-02-20,104.0,38426.4,-0.5635319004367878
2021_height_only,2022-02-21,105.0,37075.4,-0.5993229469034747
2021_height_only,2022-02-22,106.0,38261.46,-0.5678335005683903
2021_height_only,2022-02-23,107.0,37225.0,-0.5952960452405325
2021_height_only,2022-02-24,108.0,38367.61,-0.5650630097377632
2021_height_only,2022-02-25,109.0,39212.8,-0.5432733997014615
2021_height_only,2022-02-26,110.0,39138.21,-0.5451773961536747
2021_height_only,2022-02-27,111.0,37700.0,-0.5826165293566402
2021_height_only,2022-02-28,112.0,43206.02,-0.44629678641725634
2021_height_only,2022-03-01,113.0,44412.2,-0.4187624173413261
2021_height_only,2022-03-02,114.0,43862.75,-0.43121118328799046
2021_height_only,2022-03-03,115.0,42432.0,-0.46437382924720805
2021_height_only,2022-03-04,116.0,39205.77,-0.5434526939685933
2021_height_only,2022-03-05,117.0,39390.89,-0.5387420525158951
2021_height_only,2022-03-06,118.0,38432.11,-0.56338331571896
2021_height_only,2022-03-07,119.0,38004.69,-0.5745670506473393
2021_height_only,2022-03-08,120.0,38724.21,-0.5558116379739922
2021_height_only,2022-03-09,121.0,41985.86,-0.47494372887884884
2021_height_only,2022-03-10,122.0,39454.87,-0.537119136735951
2021_height_only,2022-03-11,123.0,38670.76,-0.5571928649063782
2021_height_only,2022-03-12,124.0,38767.98,-0.5546819756259618
2021_height_only,2022-03-13,125.0,37780.14,-0.580493056079735
2021_height_only,2022-03-14,126.0,39644.88,-0.5323148139542369
2021_height_only,2022-03-15,127.0,39361.36,-0.5394919993779599
2021_height_only,2022-03-16,128.0,41109.85,-0.4960288716547384
2021_height_only,2022-03-17,129.0,40964.07,-0.49958128278137587
2021_height_only,2022-03-18,130.0,41806.03,-0.4792360363109274
2021_height_only,2022-03-19,131.0,42219.55,-0.4693932399029407
2021_height_only,2022-03-20,132.0,41271.13,-0.49211339975703794
2021_height_only,2022-03-21,133.0,41009.98,-0.49846117209268653
2021_height_only,2022-03-22,134.0,42359.88,-0.4660749359426021
2021_height_only,2022-03-23,135.0,42940.28,-0.4524663106546349
2021_height_only,2022-03-24,136.0,43979.48,-0.4285534623100507
2021_height_only,2022-03-25,137.0,44355.11,-0.4200487018501483
2021_height_only,2022-03-26,138.0,44548.42,-0.41569993629151136
2021_height_only,2022-03-27,139.0,46819.78,-0.36597086060552697
2021_height_only,2022-03-28,140.0,47191.31,-0.35806685833894497
2021_height_only,2022-03-29,141.0,47430.74,-0.3530060821031234
2021_height_only,2022-03-30,142.0,47022.82,-0.36164360801813383
2021_height_only,2022-03-31,143.0,45475.83,-0.39509564778628514
2021_height_only,2022-04-01,144.0,46222.43,-0.378811445703357
2021_height_only,2022-04-02,145.0,45871.46,-0.38643348662587035
2021_height_only,2022-04-03,146.0,46358.05,-0.37588166834620956
2021_height_only,2022-04-04,147.0,46568.89,-0.37134390218734553
2021_height_only,2022-04-05,148.0,45449.25,-0.3956803049734362
2021_height_only,2022-04-06,149.0,43206.04,-0.4462963235189062
2021_height_only,2022-04-07,150.0,43432.08,-0.44107828524930637
2021_height_only,2022-04-08,151.0,42281.5,-0.4679269856706237
2021_height_only,2022-04-09,152.0,42773.37,-0.4563609111289577
2021_height_only,2022-04-10,153.0,42177.2,-0.47039683313501596
2021_height_only,2022-04-11,154.0,39615.2,-0.5330637408134393
2021_height_only,2022-04-12,155.0,40105.2,-0.5207706220947891
2021_height_only,2022-04-13,156.0,41101.04,-0.4962431984923075
2021_height_only,2022-04-14,157.0,39910.05,-0.5256484519319051
2021_height_only,2022-04-15,158.0,40566.6,-0.5093315558719578
2021_height_only,2022-04-16,159.0,40378.25,-0.5139853501513248
2021_height_only,2022-04-17,160.0,39670.73,-0.5316629876387041
2021_height_only,2022-04-18,161.0,40817.48,-0.5031662027784557
2021_height_only,2022-04-19,162.0,41480.25,-0.48705921346647674
2021_height_only,2022-04-20,163.0,41350.25,-0.49019815640996756
2021_height_only,2022-04-21,164.0,40464.52,-0.5118510830363474
2021_height_only,2022-04-22,165.0,39708.2,-0.5307189083274051
2021_height_only,2022-04-23,166.0,39468.1,-0.536783873120709
2021_height_only,2022-04-24,167.0,39489.71,-0.5362364921703109
2021_height_only,2022-04-25,168.0,40490.41,-0.5112114678607762
2021_height_only,2022-04-26,169.0,38102.78,-0.5719893784605653
2021_height_only,2022-04-27,170.0,39188.42,-0.5438953288190401
2021_height_only,2022-04-28,171.0,39737.71,-0.5299760129069309
2021_height_only,2022-04-29,172.0,38597.17,-0.5590976660897502
2021_height_only,2022-04-30,173.0,37658.53,-0.5837171348006733
2021_height_only,2022-05-01,174.0,38496.42,-0.5617113738534142
2021_height_only,2022-05-02,175.0,38488.36,-0.5619207658924494
2021_height_only,2022-05-03,176.0,37708.41,-0.5823934773115204
2021_height_only,2022-05-04,177.0,39671.83,-0.5316352597710864
2021_height_only,2022-05-05,178.0,36516.79,-0.6145044689897253
2021_height_only,2022-05-06,179.0,36013.22,-0.6283905305418509
2021_height_only,2022-05-07,180.0,35445.54,-0.6442791897487472
2021_height_only,2022-05-08,181.0,34089.76,-0.6832795778733141
2021_height_only,2022-05-09,182.0,30176.73,-0.8052055262417734
2021_height_only,2022-05-10,183.0,30961.83,-0.7795214683087873
2021_height_only,2022-05-11,184.0,29027.82,-0.8440219433234072
2021_height_only,2022-05-12,185.0,28959.93,-0.8463634734230827
2021_height_only,2022-05-13,186.0,29292.4,-0.8349485270993927
2021_height_only,2022-05-14,187.0,30012.62,-0.8106586639371995
2021_height_only,2022-05-15,188.0,31258.75,-0.769977286820879
2021_height_only,2022-05-16,189.0,29854.67,-0.8159353472976261
2021_height_only,2022-05-17,190.0,30391.04,-0.798128795683974
2021_height_only,2022-05-18,191.0,28762.93,-0.8531892185391418
2021_height_only,2022-05-19,192.0,30258.84,-0.8024882506200761
2021_height_only,2022-05-20,193.0,29138.15,-0.8402283116752419
2021_height_only,2022-05-21,194.0,29426.6,-0.8303775966115494
2021_height_only,2022-05-22,195.0,30221.12,-0.8037356061041309
2021_height_only,2022-05-23,196.0,29095.68,-0.8416869142617335
2021_height_only,2022-05-24,197.0,29605.66,-0.8243110645438648
2021_height_only,2022-05-25,198.0,29487.83,-0.8282989879567281
2021_height_only,2022-05-26,199.0,29160.96,-0.8394457954013593
2021_height_only,2022-05-27,200.0,28608.55,-0.8585709996128084
2021_height_only,2022-05-28,201.0,28974.3,-0.845867393634167
2021_height_only,2022-05-29,202.0,29441.17,-0.8298825888917901
2021_height_only,2022-05-30,203.0,31691.54,-0.7562268555169754
2021_height_only,2022-05-31,204.0,31804.27,-0.7526760663092275
2021_height_only,2022-06-01,205.0,29779.16,-0.8184678038027982
2021_height_only,2022-06-02,206.0,30428.98,-0.796881180016591
2021_height_only,2022-06-03,207.0,29684.67,-0.8216458728753768
2021_height_only,2022-06-04,208.0,29832.02,-0.8166943105132859
2021_height_only,2022-06-05,209.0,29893.98,-0.8146195014777811
2021_height_only,2022-06-06,210.0,31324.88,-0.7678639538418762
2021_height_only,2022-06-07,211.0,31073.76,-0.7759128906693672
2021_height_only,2022-06-08,212.0,30195.33,-0.8045893471487128
2021_height_only,2022-06-09,213.0,30070.71,-0.80872501551592
2021_height_only,2022-06-10,214.0,29061.88,-0.8428492740239223
2021_height_only,2022-06-11,215.0,28381.45,-0.8665408610653426
2021_height_only,2022-06-12,216.0,26633.35,-0.9301124339244541
2021_height_only,2022-06-13,217.0,22333.0,-1.1062112185722677
2021_height_only,2022-06-14,218.0,22122.57,-1.1156782694568987
2021_height_only,2022-06-15,219.0,22544.07,-1.0968045636200667
2021_height_only,2022-06-16,220.0,20336.62,-1.1998534220233728
2021_height_only,2022-06-17,221.0,20421.22,-1.1957020675110694
2021_height_only,2022-06-18,222.0,18989.21,-1.2684057006942986
2021_height_only,2022-06-19,223.0,20520.28,-1.19086295837696
2021_height_only,2022-06-20,224.0,20534.33,-1.1901785041561792
2021_height_only,2022-06-21,225.0,20675.12,-1.1833455788064486
2021_height_only,2022-06-22,226.0,19997.23,-1.216682859848625
2021_height_only,2022-06-23,227.0,21121.55,-1.1619827775139548
2021_height_only,2022-06-24,228.0,21206.32,-1.1579773733520042
2021_height_only,2022-06-25,229.0,21474.76,-1.1453983317885332
2021_height_only,2022-06-26,230.0,21025.22,-1.1665539542726875
2021_height_only,2022-06-27,231.0,20718.74,-1.181238019079186
2021_height_only,2022-06-28,232.0,20251.34,-1.2040556596078766
2021_height_only,2022-06-29,233.0,20094.43,-1.211833961576734
2021_height_only,2022-06-30,234.0,19837.58,-1.224698505199984
2021_height_only,2022-07-01,235.0,19270.3,-1.2537115732647253
2021_height_only,2022-07-02,236.0,19210.52,-1.2568185781617316
2021_height_only,2022-07-03,237.0,19283.07,-1.253049114939188
2021_height_only,2022-07-04,238.0,20205.89,-1.2063024777474292
2021_height_only,2022-07-05,239.0,20171.1,-1.2080257368912848
2021_height_only,2022-07-06,240.0,20556.8,-1.1890848373604639
2021_height_only,2022-07-07,241.0,21657.39,-1.1369298881132606
2021_height_only,2022-07-08,242.0,21582.54,-1.1403919693313707
2021_height_only,2022-07-09,243.0,21573.37,-1.1408169401007513
2021_height_only,2022-07-10,244.0,20806.95,-1.176989558298487
2021_height_only,2022-07-11,245.0,19942.91,-1.2194029321113593
2021_height_only,2022-07-12,246.0,19302.71,-1.2520311232491879
2021_height_only,2022-07-13,247.0,20206.62,-1.2062663503205469
2021_height_only,2022-07-14,248.0,20583.48,-1.1877878114899418
2021_height_only,2022-07-15,249.0,20838.39,-1.1754796651880928
2021_height_only,2022-07-16,250.0,21195.28,-1.1584981084303727
2021_height_only,2022-07-17,251.0,20762.12,-1.1791464512662537
2021_height_only,2022-07-18,252.0,22368.75,-1.1046117282784065
2021_height_only,2022-07-19,253.0,23410.92,-1.0590740436353072
2021_height_only,2022-07-20,254.0,23237.11,-1.0665260541206658
2021_height_only,2022-07-21,255.0,23140.92,-1.0706741448405888
2021_height_only,2022-07-22,256.0,22706.35,-1.0896320027591602
2021_height_only,2022-07-23,257.0,22457.13,-1.1006684653900602
2021_height_only,2022-07-24,258.0,22592.39,-1.094663499900898
2021_height_only,2022-07-25,259.0,21248.31,-1.1559992610145753
2021_height_only,2022-07-26,260.0,21277.3,-1.1546358470863198
2021_height_only,2022-07-27,261.0,22986.74,-1.0773590958731458
2021_height_only,2022-07-28,262.0,23875.62,-1.039418769194602
2021_height_only,2022-07-29,263.0,23817.5,-1.0418560192118078
2021_height_only,2022-07-30,264.0,23643.31,-1.0491964241536882
2021_height_only,2022-07-31,265.0,23296.14,-1.0639889421990028
2021_height_only,2022-08-01,266.0,23250.19,-1.0659633197676202
2021_height_only,2022-08-02,267.0,23005.22,-1.0765554771104517
2021_height_only,2022-08-03,268.0,22820.48,-1.0846182454173476
2021_height_only,2022-08-04,269.0,22604.63,-1.0941218712581586
2021_height_only,2022-08-05,270.0,23285.14,-1.0644612349399698
2021_height_only,2022-08-06,271.0,22960.16,-1.0785160837424055
2021_height_only,2022-08-07,272.0,23187.41,-1.0686671648521013
2021_height_only,2022-08-08,273.0,23824.9,-1.0415453715509213
2021_height_only,2022-08-09,274.0,23138.91,-1.0707610077353429
2021_height_only,2022-08-10,275.0,23982.75,-1.0349418018872767
2021_height_only,2022-08-11,276.0,23956.28,-1.0360461213818541
2021_height_only,2022-08-12,277.0,24398.29,-1.017763575934518
2021_height_only,2022-08-13,278.0,24447.08,-1.0157658424246074
2021_height_only,2022-08-14,279.0,24301.71,-1.0217299055696105
2021_height_only,2022-08-15,280.0,24092.27,-1.0303855816522478
2021_height_only,2022-08-16,281.0,23861.8,-1.0399977699192362
2021_height_only,2022-08-17,282.0,23357.89,-1.061341795272624
2021_height_only,2022-08-18,283.0,23175.9,-1.0691636781612872
2021_height_only,2022-08-19,284.0,20850.04,-1.1749207571024072
2021_height_only,2022-08-20,285.0,21151.45,-1.1605681627486832
2021_height_only,2022-08-21,286.0,21513.86,-1.143579245212501
2021_height_only,2022-08-22,287.0,21403.82,-1.1487072130399658
2021_height_only,2022-08-23,288.0,21529.34,-1.142859967804344
2021_height_only,2022-08-24,289.0,21358.67,-1.150818877574817
2021_height_only,2022-08-25,290.0,21518.35,-1.1433705643189893
2021_height_only,2022-08-26,291.0,20230.18,-1.2051010749938176
2021_height_only,2022-08-27,292.0,20018.43,-1.215623274577085
2021_height_only,2022-08-28,293.0,19582.83,-1.2376234619124113
2021_height_only,2022-08-29,294.0,20291.07,-1.2020957360257363
2021_height_only,2022-08-30,295.0,19835.7,-1.2247932793150258
2021_height_only,2022-08-31,296.0,20025.48,-1.215271161106006
2021_height_only,2022-09-01,297.0,20112.51,-1.2109346142889956
2021_height_only,2022-09-02,298.0,19946.87,-1.219204385014183
2021_height_only,2022-09-03,299.0,19840.11,-1.2245709776144096
2021_height_only,2022-09-04,300.0,20006.54,-1.2162174037094617
2021_height_only,2022-09-05,301.0,19807.74,-1.2262038534042594
2021_height_only,2022-09-06,302.0,18777.0,-1.2796439071999313
2021_height_only,2022-09-07,303.0,19286.23,-1.2528852540442756
2021_height_only,2022-09-08,304.0,19320.01,-1.2511352774280238
2021_height_only,2022-09-09,305.0,21355.55,-1.150964964756348
2021_height_only,2022-09-10,306.0,21660.39,-1.1367913768596922
2021_height_only,2022-09-11,307.0,21818.08,-1.12953763994454
2021_height_only,2022-09-12,308.0,22412.6,-1.102653323093435
2021_height_only,2022-09-13,309.0,20164.09,-1.2083733242000627
2021_height_only,2022-09-14,310.0,20216.63,-1.205771090775379
2021_height_only,2022-09-15,311.0,19690.75,-1.2321276414837732
2021_height_only,2022-09-16,312.0,19784.17,-1.2273945008261438
2021_height_only,2022-09-17,313.0,20117.18,-1.2107024474479895
2021_height_only,2022-09-18,314.0,19425.05,-1.245713153557633
2021_height_only,2022-09-19,315.0,19553.1,-1.2391427821748353
2021_height_only,2022-09-20,316.0,18869.22,-1.27474460073758
2021_height_only,2022-09-21,317.0,18488.54,-1.2951255431300686
2021_height_only,2022-09-22,318.0,19402.35,-1.2468824310568374
2021_height_only,2022-09-23,319.0,19304.43,-1.2519420205598335
2021_height_only,2022-09-24,320.0,18944.06,-1.2707861978842958
2021_height_only,2022-09-25,321.0,18788.61,-1.2790257886404481
2021_height_only,2022-09-26,322.0,19224.81,-1.256074991432624
2021_height_only,2022-09-27,323.0,19072.97,-1.2640044743216579
2021_height_only,2022-09-28,324.0,19407.62,-1.2466108513554157
2021_height_only,2022-09-29,325.0,19610.61,-1.2362058775078737
2021_height_only,2022-09-30,326.0,19415.8,-1.246189456222218
2021_height_only,2022-10-01,327.0,19308.76,-1.2517177448644998
2021_height_only,2022-10-02,328.0,19072.29,-1.2640401275063562
2021_height_only,2022-10-03,329.0,19640.84,-1.234665551941456
2021_height_only,2022-10-04,330.0,20344.37,-1.199472408675676
2021_height_only,2022-10-05,331.0,20152.33,-1.2089567093485223
2021_height_only,2022-10-06,332.0,19962.19,-1.218436639507147
2021_height_only,2022-10-07,333.0,19524.22,-1.2406208776664402
2021_height_only,2022-10-08,334.0,19409.72,-1.2465026522875737
2021_height_only,2022-10-09,335.0,19437.02,-1.2450971287098294
2021_height_only,2022-10-10,336.0,19104.67,-1.2623438160261138
2021_height_only,2022-10-11,337.0,19069.69,-1.2641764602297245
2021_height_only,2022-10-12,338.0,19157.32,-1.2595917357903141
2021_height_only,2022-10-13,339.0,19382.53,-1.247904478912873
2021_height_only,2022-10-14,340.0,19187.64,-1.2580103020728701
2021_height_only,2022-10-15,341.0,19074.41,-1.263928977655796
2021_height_only,2022-10-16,342.0,19270.79,-1.253686145857248
2021_height_only,2022-10-17,343.0,19565.96,-1.2384853021401279
2021_height_only,2022-10-18,344.0,19334.77,-1.250371594348345
2021_height_only,2022-10-19,345.0,19122.17,-1.2614282289034262
2021_height_only,2022-10-20,346.0,19046.77,-1.2653790904195412
2021_height_only,2022-10-21,347.0,19172.57,-1.2587960120976731
2021_height_only,2022-10-22,348.0,19210.62,-1.2568133726941166
2021_height_only,2022-10-23,349.0,19563.5,-1.2386110386058617
2021_height_only,2022-10-24,350.0,19332.45,-1.250491592631272
2021_height_only,2022-10-25,351.0,20113.74,-1.2108734601918383
2021_height_only,2022-10-26,352.0,20760.56,-1.1792215909249044
2021_height_only,2022-10-27,353.0,20287.17,-1.2022879572759437
2021_height_only,2022-10-28,354.0,20594.01,-1.1872763669978403
2021_height_only,2022-10-29,355.0,20831.19,-1.1758252410288694
2021_height_only,2022-10-30,356.0,20634.95,-1.1852903836765993
2021_height_only,2022-10-31,357.0,20472.79,-1.1931799364049727
2021_height_only,2022-11-01,358.0,20479.49,-1.1928527262931168
2021_height_only,2022-11-02,359.0,20148.56,-1.2091438019914391
2021_height_only,2022-11-03,360.0,20205.32,-1.2063306877416382
2021_height_only,2022-11-04,361.0,21157.96,-1.1602604297856676
2021_height_only,2022-11-05,362.0,21304.72,-1.1533479793999155
2021_height_only,2022-11-06,363.0,20912.34,-1.1719372084534108
2021_height_only,2022-11-07,364.0,20578.77,-1.1880166619546544
2021_height_only,2022-11-08,365.0,18561.6,-1.2911816932716
2021_height_only,2022-11-09,366.0,15850.62,-1.4490680075331117
2021_height_only,2022-11-10,367.0,17573.15,-1.3459044548123265
2021_height_only,2022-11-11,368.0,16997.14,-1.3792315292016515
2021_height_only,2022-11-12,369.0,16777.73,-1.3922242120180743
2021_height_only,2022-11-13,370.0,16290.62,-1.421687141761314
2021_height_only,2022-11-14,371.0,16576.49,-1.404291197359634
2021_height_only,2022-11-15,372.0,16869.14,-1.3867907066197298
2021_height_only,2022-11-16,373.0,16660.48,-1.3992371759623428
2021_height_only,2022-11-17,374.0,16677.36,-1.3982245127878528
2021_height_only,2022-11-18,375.0,16673.07,-1.3984817808364904
2021_height_only,2022-11-19,376.0,16667.74,-1.3988015091241597
2021_height_only,2022-11-20,377.0,16261.22,-1.4234934917552993
2021_height_only,2022-11-21,378.0,15755.75,-1.4550712457991402
2021_height_only,2022-11-22,379.0,16206.32,-1.4268753341938465
2021_height_only,2022-11-23,380.0,16597.46,-1.4030269522038383
2021_height_only,2022-11-24,381.0,16579.3,-1.4041216945363426
2021_height_only,2022-11-25,382.0,16508.49,-1.4084018297826448
2021_height_only,2022-11-26,383.0,16452.39,-1.411805868398814
2021_height_only,2022-11-27,384.0,16428.77,-1.4132425576191934
2021_height_only,2022-11-28,385.0,16193.89,-1.4276426132090019
2021_height_only,2022-11-29,386.0,16441.63,-1.4124600906789595
2021_height_only,2022-11-30,387.0,17179.78,-1.368543512924381
2021_height_only,2022-12-01,388.0,16980.55,-1.3802080524036906
2021_height_only,2022-12-02,389.0,17099.27,-1.3732408512717171
2021_height_only,2022-12-03,390.0,16883.68,-1.3859291489247345
2021_height_only,2022-12-04,391.0,17102.35,-1.373060742843618
2021_height_only,2022-12-05,392.0,16970.79,-1.3807829929078859
2021_height_only,2022-12-06,393.0,17089.95,-1.3737860523749221
2021_height_only,2022-12-07,394.0,16844.05,-1.3882791450992766
2021_height_only,2022-12-08,395.0,17228.23,-1.3657273063479771
2021_height_only,2022-12-09,396.0,17129.01,-1.3715031064896852
2021_height_only,2022-12-10,397.0,17131.03,-1.3713851848525627
2021_height_only,2022-12-11,398.0,17087.42,-1.3739341035564274
2021_height_only,2022-12-12,399.0,17209.62,-1.3668080940168665
2021_height_only,2022-12-13,400.0,17763.65,-1.335122389344498
2021_height_only,2022-12-14,401.0,17815.79,-1.332191481082619
2021_height_only,2022-12-15,402.0,17358.0,-1.3582231285885522
2021_height_only,2022-12-16,403.0,16627.33,-1.4012288967128939
2021_height_only,2022-12-17,404.0,16785.87,-1.3917391627289877
2021_height_only,2022-12-18,405.0,16754.6,-1.3936037763769134
2021_height_only,2022-12-19,406.0,16453.07,-1.4117645378718984
2021_height_only,2022-12-20,407.0,16893.02,-1.3853761049483801
2021_height_only,2022-12-21,408.0,16821.03,-1.389646734517621
2021_height_only,2022-12-22,409.0,16819.21,-1.389754938264192
2021_height_only,2022-12-23,410.0,16776.77,-1.392281432361114
2021_height_only,2022-12-24,411.0,16833.61,-1.3888991406889002
2021_height_only,2022-12-25,412.0,16831.17,-1.3890440993076272
2021_height_only,2022-12-26,413.0,16940.82,-1.382550529618921
2021_height_only,2022-12-27,414.0,16693.38,-1.3972643901636228
2021_height_only,2022-12-28,415.0,16539.02,-1.406554186272726
2021_height_only,2022-12-29,416.0,16626.11,-1.4013022725802056
2021_height_only,2022-12-30,417.0,16606.43,-1.4024866540509282
2021_height_only,2022-12-31,418.0,16531.0,-1.4070392177397302
2021_height_only,2023-01-01,419.0,16615.18,-1.4019598884786197
2021_height_only,2023-01-02,420.0,16660.83,-1.3992161683849087
2021_height_only,2023-01-03,421.0,16670.38,-1.398643131866803
2021_height_only,2023-01-04,422.0,16850.4,-1.3879022284215934
2021_height_only,2023-01-05,423.0,16824.98,-1.389411936987801
2021_height_only,2023-01-06,424.0,16950.6,-1.3819733923805602
2021_height_only,2023-01-07,425.0,16945.34,-1.382283754036984
2021_height_only,2023-01-08,426.0,17134.34,-1.3711919868797817
2021_height_only,2023-01-09,427.0,17181.15,-1.3684637711944148
2021_height_only,2023-01-10,428.0,17444.75,-1.3532378800283518
2021_height_only,2023-01-11,429.0,17942.22,-1.3251200290164395
2021_height_only,2023-01-12,430.0,18863.74,-1.275035062977411
2021_height_only,2023-01-13,431.0,19909.21,-1.2210941850752057
2021_height_only,2023-01-14,432.0,20970.85,-1.169143245621933
2021_height_only,2023-01-15,433.0,20871.25,-1.1739040099295754
2021_height_only,2023-01-16,434.0,21186.93,-1.1588921416866864
2021_height_only,2023-01-17,435.0,21153.37,-1.1604773929498133
2021_height_only,2023-01-18,436.0,20710.89,-1.1816169749179877
2021_height_only,2023-01-19,437.0,21088.14,-1.1635658266658082
2021_height_only,2023-01-20,438.0,22686.85,-1.0904911623337
2021_height_only,2023-01-21,439.0,22785.59,-1.08614830520135
2021_height_only,2023-01-22,440.0,22706.71,-1.0896161482891018
2021_height_only,2023-01-23,441.0,22915.32,-1.080470941295048
2021_height_only,2023-01-24,442.0,22612.34,-1.0937808488466738
2021_height_only,2023-01-25,443.0,23072.42,-1.0736386589902605
2021_height_only,2023-01-26,444.0,23028.35,-1.0755505582242342
2021_height_only,2023-01-27,445.0,23072.62,-1.073629990669678
2021_height_only,2023-01-28,446.0,23034.71,-1.075274415039634
2021_height_only,2023-01-29,447.0,23736.52,-1.0452618334112278
2021_height_only,2023-01-30,448.0,22832.32,-1.0840995477573812
2021_height_only,2023-01-31,449.0,23134.74,-1.0709412398981952
2021_height_only,2023-02-01,450.0,23740.02,-1.045114392169455
2021_height_only,2023-02-02,451.0,23548.98,-1.0531941163880856
2021_height_only,2023-02-03,452.0,23426.4,-1.0584130322638772
2021_height_only,2023-02-04,453.0,23318.95,-1.0630102890709903
2021_height_only,2023-02-05,454.0,22938.03,-1.079480391995732
2021_height_only,2023-02-06,455.0,22751.79,-1.0876328001901772
2021_height_only,2023-02-07,456.0,23260.42,-1.065523420133323
2021_height_only,2023-02-08,457.0,22973.38,-1.0779404694803645
2021_height_only,2023-02-09,458.0,21804.16,-1.1301758465323943
2021_height_only,2023-02-10,459.0,21629.58,-1.1382148015098876
2021_height_only,2023-02-11,460.0,21857.51,-1.1277320542289369
2021_height_only,2023-02-12,461.0,21784.08,-1.1310971960257652
2021_height_only,2023-02-13,462.0,21786.33,-1.1309939149227415
2021_height_only,2023-02-14,463.0,22193.69,-1.1124686095688117
2021_height_only,2023-02-15,464.0,24340.76,-1.0201243124165897
2021_height_only,2023-02-16,465.0,23468.21,-1.056629884431821
2021_height_only,2023-02-17,466.0,24562.04,-1.0110744620918604
2021_height_only,2023-02-18,467.0,24626.23,-1.0084644887612957
2021_height_only,2023-02-19,468.0,24316.05,-1.0211399976669902
2021_height_only,2023-02-20,469.0,24835.63,-0.999997308148034
2021_height_only,2023-02-21,470.0,24447.91,-1.0157318921159937
2021_height_only,2023-02-22,471.0,24187.63,-1.0264352783580457
2021_height_only,2023-02-23,472.0,23938.48,-1.0367894177599768
2021_height_only,2023-02-24,473.0,23181.45,-1.0689242339296168
2021_height_only,2023-02-25,474.0,23157.01,-1.0699790813400059
2021_height_only,2023-02-26,475.0,23551.19,-1.0531002738392532
2021_height_only,2023-02-27,476.0,23479.61,-1.0561442388694047
2021_height_only,2023-02-28,477.0,23146.93,-1.0704144654632242
2021_height_only,2023-03-01,478.0,23634.46,-1.0495708072983827
2021_height_only,2023-03-02,479.0,23469.09,-1.056592387600938
2021_height_only,2023-03-03,480.0,22343.55,-1.1057389350053362
2021_height_only,2023-03-04,481.0,22345.17,-1.105666433488143
2021_height_only,2023-03-05,482.0,22429.5,-1.1018995671007343
2021_height_only,2023-03-06,483.0,22419.33,-1.1023530906452421
2021_height_only,2023-03-07,484.0,22198.95,-1.1122316333482212
2021_height_only,2023-03-08,485.0,21712.64,-1.1343820443654937
2021_height_only,2023-03-09,486.0,20364.09,-1.1985035682163456
2021_height_only,2023-03-10,487.0,20227.02,-1.205257289462759
2021_height_only,2023-03-11,488.0,20607.79,-1.186607464157974
2021_height_only,2023-03-12,489.0,22284.36,-1.1083915366936752
2021_height_only,2023-03-13,490.0,24239.87,-1.0242778256601763
2021_height_only,2023-03-14,491.0,24786.83,-1.0019641600829008
2021_height_only,2023-03-15,492.0,24350.57,-1.019721365931754
2021_height_only,2023-03-16,493.0,25040.11,-0.9917976846171106
2021_height_only,2023-03-17,494.0,27442.51,-0.90018335283305
2021_height_only,2023-03-18,495.0,26991.27,-0.916763143423102
2021_height_only,2023-03-19,496.0,28050.01,-0.8782876353357247
2021_height_only,2023-03-20,497.0,27818.07,-0.886590814272517
2021_height_only,2023-03-21,498.0,28195.56,-0.8731121050710979
2021_height_only,2023-03-22,499.0,27324.09,-0.9045078931387853
2021_height_only,2023-03-23,500.0,28361.31,-0.8672507313940238
2021_height_only,2023-03-24,501.0,27488.93,-0.8984932456357964
2021_height_only,2023-03-25,502.0,27485.45,-0.898619850065156
2021_height_only,2023-03-26,503.0,27987.14,-0.8805315048536764
2021_height_only,2023-03-27,504.0,27139.64,-0.9112812340460208
2021_height_only,2023-03-28,505.0,27273.12,-0.9063750220564537
2021_height_only,2023-03-29,506.0,28366.67,-0.8670617593905803
2021_height_only,2023-03-30,507.0,28036.88,-0.8787558374499747
2021_height_only,2023-03-31,508.0,28492.72,-0.8626280077624867
2021_height_only,2023-04-01,509.0,28471.82,-0.8633617976232596
2021_height_only,2023-04-02,510.0,28179.21,-0.873692151799747
2021_height_only,2023-04-03,511.0,27807.81,-0.8869597073171338
2021_height_only,2023-04-04,512.0,28172.02,-0.8739473370029454
2021_height_only,2023-04-05,513.0,28187.68,-0.8733916207587846
2021_height_only,2023-04-06,514.0,28053.47,-0.8781642918281779
2021_height_only,2023-04-07,515.0,27927.15,-0.8826772898763647
2021_height_only,2023-04-08,516.0,27959.5,-0.8815195892944495
2021_height_only,2023-04-09,517.0,28337.04,-0.8681068410156384
2021_height_only,2023-04-10,518.0,29678.68,-0.8218476808939718
2021_height_only,2023-04-11,519.0,30243.93,-0.8029811206259232
2021_height_only,2023-04-12,520.0,29913.06,-0.8139814494809824
2025_actual,2025-02-27,-220.0,84297.73,-0.39171700935981024
2025_actual,2025-02-28,-219.0,86018.76,-0.37150653436625897
2025_actual,2025-03-01,-218.0,94265.48,-0.27995688949230546
2025_actual,2025-03-02,-217.0,86161.1,-0.3698531466538268
2025_actual,2025-03-03,-216.0,87249.96,-0.357294843735972
2025_actual,2025-03-04,-215.0,90603.73,-0.31957656418628316
2025_actual,2025-03-05,-214.0,89921.85,-0.32713098658852274
2025_actual,2025-03-06,-213.0,86756.98,-0.3629610696804323
2025_actual,2025-03-07,-212.0,86206.69,-0.3693241614987338
2025_actual,2025-03-08,-211.0,80699.17,-0.4353436561488652
2025_actual,2025-03-09,-210.0,78544.71,-0.46240392957159054
2025_actual,2025-03-10,-209.0,82914.51,-0.4082618693836076
2025_actual,2025-03-11,-208.0,83659.43,-0.3993177936667355
2025_actual,2025-03-12,-207.0,81073.43,-0.43071665914549206
2025_actual,2025-03-13,-206.0,83980.49,-0.39548743640410317
2025_actual,2025-03-14,-205.0,84351.46,-0.39107982869125363
2025_actual,2025-03-15,-204.0,82562.57,-0.41251551624095323
2025_actual,2025-03-16,-203.0,84011.4,-0.39511944244500413
2025_actual,2025-03-17,-202.0,82698.76,-0.4108673384024971
2025_actual,2025-03-18,-201.0,86877.96,-0.3615675711187146
2025_actual,2025-03-19,-200.0,84183.42,-0.3930739566211504
2025_actual,2025-03-20,-199.0,84061.96,-0.39451780038197726
2025_actual,2025-03-21,-198.0,83852.03,-0.39701824849089
2025_actual,2025-03-22,-197.0,86092.94,-0.37064453597110936
2025_actual,2025-03-23,-196.0,87523.62,-0.3541632465729874
2025_actual,2025-03-24,-195.0,87427.88,-0.355257721436673
2025_actual,2025-03-25,-194.0,86926.01,-0.3610146493272946
2025_actual,2025-03-26,-193.0,87217.48,-0.3576671768243149
2025_actual,2025-03-27,-192.0,84381.8,-0.3907202078278035
2025_actual,2025-03-28,-191.0,82616.83,-0.41185853356694346
2025_actual,2025-03-29,-190.0,82379.98,-0.4147295001351495
2025_actual,2025-03-30,-189.0,82534.32,-0.4128577395290564
2025_actual,2025-03-31,-188.0,85170.37,-0.3814183429694572
2025_actual,2025-04-01,-187.0,82490.08,-0.4133939026789884
2025_actual,2025-04-02,-186.0,83174.33,-0.40513317979866487
2025_actual,2025-04-03,-185.0,83860.16,-0.39692129668307724
2025_actual,2025-04-04,-184.0,83498.25,-0.4012462728123277
2025_actual,2025-04-05,-183.0,78370.75,-0.46462117535818426
2025_actual,2025-04-06,-182.0,79140.01,-0.45485338405005893
2025_actual,2025-04-07,-181.0,76251.64,-0.49203302291273704
2025_actual,2025-04-08,-180.0,82594.75,-0.4121258271807623
2025_actual,2025-04-09,-179.0,79552.34,-0.44965677655253833
2025_actual,2025-04-10,-178.0,83380.47,-0.40265783708554986
2025_actual,2025-04-11,-177.0,85271.01,-0.38023740895336217
2025_actual,2025-04-12,-176.0,83733.07,-0.3984379453491512
2025_actual,2025-04-13,-175.0,84590.36,-0.3882516342366131
2025_actual,2025-04-14,-174.0,83629.78,-0.39967226961064684
2025_actual,2025-04-15,-173.0,84028.72,-0.3949133011965768
2025_actual,2025-04-16,-172.0,84961.97,-0.3838682017585784
2025_actual,2025-04-17,-171.0,84466.47,-0.38971729548411177
2025_actual,2025-04-18,-170.0,85074.99,-0.38253884352206297
2025_actual,2025-04-19,-169.0,85177.34,-0.3813365103460084
2025_actual,2025-04-20,-168.0,87522.07,-0.35418095623496226
2025_actual,2025-04-21,-167.0,93489.1,-0.28822709440683664
2025_actual,2025-04-22,-166.0,93740.92,-0.2855371395390815
2025_actual,2025-04-23,-165.0,94021.96,-0.28254357435860794
2025_actual,2025-04-24,-164.0,94708.79,-0.2752651310513275
2025_actual,2025-04-25,-163.0,94666.64,-0.27571027856276564
2025_actual,2025-04-26,-162.0,93780.57,-0.2851142546676901
2025_actual,2025-04-27,-161.0,95042.57,-0.27174704987116327
2025_actual,2025-04-28,-160.0,94271.09,-0.27989737849131857
2025_actual,2025-04-29,-159.0,94182.54,-0.28083713228132867
2025_actual,2025-04-30,-158.0,96524.98,-0.2562701114156101
2025_actual,2025-05-01,-157.0,96929.81,-0.2520848380405338
2025_actual,2025-05-02,-156.0,95861.33,-0.26316927833027787
2025_actual,2025-05-03,-155.0,94272.55,-0.27988189136059344
2025_actual,2025-05-04,-154.0,94733.99,-0.2749990876566027
2025_actual,2025-05-05,-153.0,96839.17,-0.25302038517105
2025_actual,2025-05-06,-152.0,97058.32,-0.2507599114195161
2025_actual,2025-05-07,-151.0,103253.49,-0.18888491364301102
2025_actual,2025-05-08,-150.0,102986.96,-0.19146956809249555
2025_actual,2025-05-09,-149.0,104821.19,-0.1738160002608356
2025_actual,2025-05-10,-148.0,104137.62,-0.18035865274266746
2025_actual,2025-05-11,-147.0,102800.21,-0.19328455054514676
2025_actual,2025-05-12,-146.0,104131.06,-0.18042164829247526
2025_actual,2025-05-13,-145.0,103545.38,-0.1860619756468919
2025_actual,2025-05-14,-144.0,103786.43,-0.18373671635735322
2025_actual,2025-05-15,-143.0,103500.03,-0.18650004380522725
2025_actual,2025-05-16,-142.0,103161.07,-0.1897803931690274
2025_actual,2025-05-17,-141.0,106473.46,-0.1581761941500835
2025_actual,2025-05-18,-140.0,105616.18,-0.16626036713348957
2025_actual,2025-05-19,-139.0,106883.24,-0.15433492266555968
2025_actual,2025-05-20,-138.0,109699.54,-0.12832677234761866
2025_actual,2025-05-21,-137.0,111722.53,-0.11005355964465455
2025_actual,2025-05-22,-136.0,107329.61,-0.15016737953206918
2025_actual,2025-05-23,-135.0,107794.01,-0.1458498552973332
2025_actual,2025-05-24,-134.0,109048.68,-0.13427755833050622
2025_actual,2025-05-25,-133.0,109464.32,-0.13047329495691953
2025_actual,2025-05-26,-132.0,108978.46,-0.13492169834379017
2025_actual,2025-05-27,-131.0,107819.29,-0.14561536141299636
2025_actual,2025-05-28,-130.0,105572.58,-0.16667326790168796
2025_actual,2025-05-29,-129.0,104033.26,-0.18136129065958084
2025_actual,2025-05-30,-128.0,104645.87,-0.17548996313537493
2025_actual,2025-05-31,-127.0,105697.94,-0.1654865427995562
2025_actual,2025-06-01,-126.0,105904.94,-0.16353004706536922
2025_actual,2025-06-02,-125.0,105447.82,-0.1678557129594774
2025_actual,2025-06-03,-124.0,104753.38,-0.17446312078090997
2025_actual,2025-06-04,-123.0,101570.2,-0.2053217613308506
2025_actual,2025-06-05,-122.0,104397.99,-0.17786152397604527
2025_actual,2025-06-06,-121.0,105619.02,-0.1662334776756702
2025_actual,2025-06-07,-120.0,105784.4,-0.16466888582813258
2025_actual,2025-06-08,-119.0,110301.15,-0.12285759404996881
2025_actual,2025-06-09,-118.0,110300.24,-0.12286584422463902
2025_actual,2025-06-10,-117.0,108669.37,-0.13776197667590495
2025_actual,2025-06-11,-116.0,105721.05,-0.1652679247833407
2025_actual,2025-06-12,-115.0,106118.7,-0.1615136674538767
2025_actual,2025-06-13,-114.0,105465.42,-0.16768881969055932
2025_actual,2025-06-14,-113.0,105599.25,-0.16642067739146893
2025_actual,2025-06-15,-112.0,106853.38,-0.15461433197028487
2025_actual,2025-06-16,-111.0,104590.44,-0.17601979470520798
2025_actual,2025-06-17,-110.0,104915.6,-0.1729157289600636
2025_actual,2025-06-18,-109.0,104671.9,-0.17524125037549612
2025_actual,2025-06-19,-108.0,103317.8,-0.18826227143481586
2025_actual,2025-06-20,-107.0,102160.03,-0.19953144098443215
2025_actual,2025-06-21,-106.0,100996.87,-0.21098242010363497
2025_actual,2025-06-22,-105.0,105419.39,-0.16812536133365816
2025_actual,2025-06-23,-104.0,106141.0,-0.16130354749156603
2025_actual,2025-06-24,-103.0,107400.22,-0.14950971587588296
2025_actual,2025-06-25,-102.0,107029.64,-0.15296614091798588
2025_actual,2025-06-26,-101.0,107113.38,-0.1521840467430886
2025_actual,2025-06-27,-100.0,107352.2,-0.14995692853872816
2025_actual,2025-06-28,-99.0,108386.44,-0.14036895743574626
2025_actual,2025-06-29,-98.0,107173.21,-0.15162563567728463
2025_actual,2025-06-30,-97.0,105711.78,-0.16535561220639552
2025_actual,2025-07-01,-96.0,108888.32,-0.13574917654072677
2025_actual,2025-07-02,-95.0,109628.83,-0.12897155899742413
2025_actual,2025-07-03,-94.0,108028.6,-0.14367593948390103
2025_actual,2025-07-04,-93.0,108246.65,-0.14165952684416402
2025_actual,2025-07-05,-92.0,109217.98,-0.1327262445938801
2025_actual,2025-07-06,-91.0,108269.84,-0.14144531683098052
2025_actual,2025-07-07,-90.0,108958.04,-0.13510909237883953
2025_actual,2025-07-08,-89.0,111282.85,-0.11399678800728
2025_actual,2025-07-09,-88.0,116031.3,-0.07221196407002599
2025_actual,2025-07-10,-87.0,117582.16,-0.05893462308913899
2025_actual,2025-07-11,-86.0,117472.65,-0.059866405833114616
2025_actual,2025-07-12,-85.0,119130.81,-0.0458498132826389
2025_actual,2025-07-13,-84.0,119863.71,-0.03971659903642826
2025_actual,2025-07-14,-83.0,117781.64,-0.05723954468061858
2025_actual,2025-07-15,-82.0,118681.68,-0.04962699533041041
2025_actual,2025-07-16,-81.0,119273.69,-0.04465117804625168
2025_actual,2025-07-17,-80.0,118023.05,-0.05519200199314085
2025_actual,2025-07-18,-79.0,117914.17,-0.05611495944537432
2025_actual,2025-07-19,-78.0,117312.7,-0.06122892717224523
2025_actual,2025-07-20,-77.0,117428.79,-0.060239839052678545
2025_actual,2025-07-21,-76.0,120026.42,-0.03836006115009256
2025_actual,2025-07-22,-75.0,118810.44,-0.0485426645103726
2025_actual,2025-07-23,-74.0,118397.04,-0.05202822422828139
2025_actual,2025-07-24,-73.0,117633.27,-0.05850004274885785
2025_actual,2025-07-25,-72.0,117969.63,-0.05564472790745663
2025_actual,2025-07-26,-71.0,119465.52,-0.04304415219336464
2025_actual,2025-07-27,-70.0,118070.59,-0.054789280423491495
2025_actual,2025-07-28,-69.0,117933.39,-0.05595197281076552
2025_actual,2025-07-29,-68.0,117830.15,-0.05682776562078926
2025_actual,2025-07-30,-67.0,115761.13,-0.0745431025144231
2025_actual,2025-07-31,-66.0,113248.73,-0.09648539619345223
2025_actual,2025-08-01,-65.0,112542.74,-0.10273888575804903
2025_actual,2025-08-02,-64.0,114215.73,-0.08798291782356127
2025_actual,2025-08-03,-63.0,115051.85,-0.08068905004835523
2025_actual,2025-08-04,-62.0,114112.95,-0.08888319900542571
2025_actual,2025-08-05,-61.0,115028.83,-0.0808891537691616
2025_actual,2025-08-06,-60.0,117515.49,-0.05950179168301646
2025_actual,2025-08-07,-59.0,116683.79,-0.06660431989163279
2025_actual,2025-08-08,-58.0,116492.51,-0.06824496727222905
2025_actual,2025-08-09,-57.0,119309.37,-0.044352078853995676
2025_actual,2025-08-10,-56.0,118701.84,-0.049457143606512544
2025_actual,2025-08-11,-55.0,120113.18,-0.03763748141917831
2025_actual,2025-08-12,-54.0,123365.63,-0.010919398811275346
2025_actual,2025-08-13,-53.0,118389.79,-0.0520894607421725
2025_actual,2025-08-14,-52.0,117436.96,-0.0601702673930959
2025_actual,2025-08-15,-51.0,117455.68,-0.06001087542543256
2025_actual,2025-08-16,-50.0,117488.6,-0.05973063876493198
2025_actual,2025-08-17,-49.0,116286.76,-0.0700127368298954
2025_actual,2025-08-18,-48.0,112856.19,-0.09995759303354487
2025_actual,2025-08-19,-47.0,114276.0,-0.08745537136577225
2025_actual,2025-08-20,-46.0,112480.3,-0.10329385116605848
2025_actual,2025-08-21,-45.0,116908.68,-0.06467882914715879
2025_actual,2025-08-22,-44.0,115383.87,-0.07780737675778265
2025_actual,2025-08-23,-43.0,113478.0,-0.09446296083130917
2025_actual,2025-08-24,-42.0,110127.74,-0.12443098160160718
2025_actual,2025-08-25,-41.0,111788.01,-0.10946763647634843
2025_actual,2025-08-26,-40.0,111253.21,-0.11426317180301426
2025_actual,2025-08-27,-39.0,112574.85,-0.10245361262397047
2025_actual,2025-08-28,-38.0,108378.32,-0.14044387736280267
2025_actual,2025-08-29,-37.0,108827.93,-0.1363039353292766
2025_actual,2025-08-30,-36.0,108247.95,-0.14164751730674346
2025_actual,2025-08-31,-35.0,109240.55,-0.13251961498705891
2025_actual,2025-09-01,-34.0,111247.94,-0.11431054234470352
2025_actual,2025-09-02,-33.0,111756.41,-0.10975035433806446
2025_actual,2025-09-03,-32.0,110720.79,-0.11906031940616997
2025_actual,2025-09-04,-31.0,110670.02,-0.1195189653715556
2025_actual,2025-09-05,-30.0,110212.6,-0.12366071861485073
2025_actual,2025-09-06,-29.0,111129.61,-0.11537476857768572
2025_actual,2025-09-07,-28.0,112072.57,-0.10692533846866986
2025_actual,2025-09-08,-27.0,111549.32,-0.11160512142683164
2025_actual,2025-09-09,-26.0,113983.97,-0.09001412189335405
2025_actual,2025-09-10,-25.0,115540.0,-0.07645515601256198
2025_actual,2025-09-11,-24.0,116106.03,-0.07156812102606996
2025_actual,2025-09-12,-23.0,115968.35,-0.07275463731582495
2025_actual,2025-09-13,-22.0,115314.13,-0.07841197672938541
2025_actual,2025-09-14,-21.0,115381.08,-0.07783155720633114
2025_actual,2025-09-15,-20.0,116832.56,-0.06533014769660207
2025_actual,2025-09-16,-19.0,116484.4,-0.0683145879054779
2025_actual,2025-09-17,-18.0,117117.99,-0.06289005818519271
2025_actual,2025-09-18,-17.0,115690.55,-0.07515299225199401
2025_actual,2025-09-19,-16.0,115752.4,-0.07461851927303881
2025_actual,2025-09-20,-15.0,115282.27,-0.0786883036816078
2025_actual,2025-09-21,-14.0,112736.59,-0.10101791075475268
2025_actual,2025-09-22,-13.0,112017.21,-0.1074194261608995
2025_actual,2025-09-23,-12.0,113348.17,-0.09560771422707552
2025_actual,2025-09-24,-11.0,109035.72,-0.1343964113985409
2025_actual,2025-09-25,-10.0,109697.29,-0.1283472831271051
2025_actual,2025-09-26,-9.0,109681.16,-0.1284943349458144
2025_actual,2025-09-27,-8.0,112197.67,-0.1058097199811256
2025_actual,2025-09-28,-7.0,114365.07,-0.08667624621117304
2025_actual,2025-09-29,-6.0,114067.71,-0.08927972691969127
2025_actual,2025-09-30,-5.0,118659.97,-0.04980993835840859
2025_actual,2025-10-01,-4.0,120621.32,-0.033415894943923725
2025_actual,2025-10-02,-3.0,122318.4,-0.019444465275159487
2025_actual,2025-10-03,-2.0,122458.56,-0.018299259326705165
2025_actual,2025-10-04,-1.0,123520.79,-0.009662464384279437
2025_actual,2025-10-05,0.0,124720.09,0.0
2025_actual,2025-10-06,1.0,121393.95,-0.027030904237455366
2025_actual,2025-10-07,2.0,123343.25,-0.011100827222456923
2025_actual,2025-10-08,3.0,121714.51,-0.02439372587037225
2025_actual,2025-10-09,4.0,112980.28,-0.09885865615689049
2025_actual,2025-10-10,5.0,110768.89,-0.11862598765079287
2025_actual,2025-10-11,6.0,115067.98,-0.08054886221642091
2025_actual,2025-10-12,7.0,115274.03,-0.07875978296890992
2025_actual,2025-10-13,8.0,113068.0,-0.09808253873274335
2025_actual,2025-10-14,9.0,110804.12,-0.11830798862828665
2025_actual,2025-10-15,10.0,108198.0,-0.14210906441249177
2025_actual,2025-10-16,11.0,106463.3,-0.15827162154371627
2025_actual,2025-10-17,12.0,107208.91,-0.15129258551125405
2025_actual,2025-10-18,13.0,108676.78,-0.13769379051293068
2025_actual,2025-10-19,14.0,110568.06,-0.12044068741161777
2025_actual,2025-10-20,15.0,108362.27,-0.14059198067865444
2025_actual,2025-10-21,16.0,107585.98,-0.14778160452521033
2025_actual,2025-10-22,17.0,110116.03,-0.12453731832124315
2025_actual,2025-10-23,18.0,111042.13,-0.11616226751450753
2025_actual,2025-10-24,19.0,111666.21,-0.11055779276932573
2025_actual,2025-10-25,20.0,114548.09,-0.08507721154669892
2025_actual,2025-10-26,21.0,114087.06,-0.08911010521906769
2025_actual,2025-10-27,22.0,112906.75,-0.09950968957476412
2025_actual,2025-10-28,23.0,110032.13,-0.12529953231441884
2025_actual,2025-10-29,24.0,108308.18,-0.1410912642784592
2025_actual,2025-10-30,25.0,109555.27,-0.12964277559353454
2025_actual,2025-10-31,26.0,110052.25,-0.125116693350054
2025_actual,2025-11-01,27.0,110536.01,-0.12073059614305348
2025_actual,2025-11-02,28.0,106557.98,-0.15738269620973488
2025_actual,2025-11-03,29.0,101468.15,-0.20632699023064538
2025_actual,2025-11-04,30.0,100291.85,-0.21798751093056398
2025_actual,2025-11-05,31.0,103472.0,-0.1867709016614445
2025_actual,2025-11-06,32.0,101447.93,-0.2065262844419955
2025_actual,2025-11-07,33.0,102882.15,-0.19248778796098717
2025_actual,2025-11-08,34.0,101838.43,-0.20268440857471928
2025_actual,2025-11-09,35.0,106496.49,-0.157959919505799
2025_actual,2025-11-10,36.0,106071.01,-0.16196317087987222
2025_actual,2025-11-11,37.0,102734.93,-0.19391977041261158
2025_actual,2025-11-12,38.0,101945.44,-0.2016341781532844
2025_actual,2025-11-13,39.0,98906.39,-0.23189809910630066
2025_actual,2025-11-14,40.0,94829.23,-0.2739942512963256
2025_actual,2025-11-15,41.0,95095.36,-0.2711917687512265
2025_actual,2025-11-16,42.0,95197.96,-0.2701134333693854
2025_actual,2025-11-17,43.0,91855.7,-0.3058530789272702
2025_actual,2025-11-18,44.0,92184.51,-0.30227983425583793
2025_actual,2025-11-19,45.0,91783.66,-0.3066376602250426
2025_actual,2025-11-20,46.0,87214.0,-0.3577070778788775
2025_actual,2025-11-21,47.0,84826.0,-0.38546984678757096
2025_actual,2025-11-22,48.0,85133.92,-0.3818464003079607
2025_actual,2025-11-23,49.0,86499.25,-0.36593620298566826
2025_actual,2025-11-24,50.0,87981.12,-0.3489497003601888
2025_actual,2025-11-25,51.0,87366.12,-0.35596438187776475
2025_actual,2025-11-26,52.0,90635.53,-0.3192256468372901
2025_actual,2025-11-27,53.0,91094.0,-0.3141800059591953
2025_actual,2025-11-28,54.0,90919.78,-0.3160943670939013
2025_actual,2025-11-29,55.0,90946.75,-0.315797775959758
2025_actual,2025-11-30,56.0,87446.89,-0.3550403087124147
2025_actual,2025-12-01,57.0,86628.25,-0.3644459715218801
2025_actual,2025-12-02,58.0,91532.75,-0.3093751146262727
2025_actual,2025-12-03,59.0,93150.03,-0.2918605272569443
2025_actual,2025-12-04,60.0,92353.31,-0.30045039845694516
2025_actual,2025-12-05,61.0,89347.18,-0.3335422665341935
2025_actual,2025-12-06,62.0,89480.46,-0.3320516689433768
2025_actual,2025-12-07,63.0,90435.42,-0.321435941547382
2025_actual,2025-12-08,64.0,90338.37,-0.3225096592508592
2025_actual,2025-12-09,65.0,92243.57,-0.301639367771354
2025_actual,2025-12-10,66.0,91194.97,-0.3130722043151784
2025_actual,2025-12-11,67.0,91784.59,-0.30662752775387725
2025_actual,2025-12-12,68.0,90350.0,-0.3223809293274439
2025_actual,2025-12-13,69.0,90326.01,-0.3226464875511504
2025_actual,2025-12-14,70.0,88460.01,-0.343521360880063
2025_actual,2025-12-15,71.0,85950.0,-0.3723062145368233
2025_actual,2025-12-16,72.0,87599.87,-0.3532924324427018
2025_actual,2025-12-17,73.0,86064.34,-0.3709767902941691
2025_actual,2025-12-18,74.0,85352.25,-0.37928513543404
2025_actual,2025-12-19,75.0,88016.09,-0.34855230769174594
2025_actual,2025-12-20,76.0,88322.39,-0.3450783035146244
2025_actual,2025-12-21,77.0,88716.0,-0.3406316900027182
2025_actual,2025-12-22,78.0,88837.97,-0.3392577976680587
2025_actual,2025-12-23,79.0,87594.74,-0.353350995888249
2025_actual,2025-12-24,80.0,87516.0,-0.35425031257558515
2025_actual,2025-12-25,81.0,87159.35,-0.35833389386640446
2025_actual,2025-12-26,82.0,87280.65,-0.3569431575725384
2025_actual,2025-12-27,83.0,87844.66,-0.35050191900979405
2025_actual,2025-12-28,84.0,88029.48,-0.3484001879874463
2025_actual,2025-12-29,85.0,87055.23,-0.3595292015426838
2025_actual,2025-12-30,86.0,88185.26,-0.3466321175004753
2025_actual,2025-12-31,87.0,87696.0,-0.35219565806192094
2025_actual,2026-01-01,88.0,88642.88,-0.3414562329197987
2025_actual,2026-01-02,89.0,90112.01,-0.32501849429715385
2025_actual,2026-01-03,90.0,91351.98,-0.31135198889971527
2025_actual,2026-01-04,91.0,92392.38,-0.30002743865114434
2025_actual,2026-01-05,92.0,93891.94,-0.28392739983132437
2025_actual,2026-01-06,93.0,92771.99,-0.2959271840304931
2025_actual,2026-01-07,94.0,91377.92,-0.3110680725819779
2025_actual,2026-01-08,95.0,91246.53,-0.3125069820234006
2025_actual,2026-01-09,96.0,90476.01,-0.3209872136734043
2025_actual,2026-01-10,97.0,90509.91,-0.3206125988923598
2025_actual,2026-01-11,98.0,91538.05,-0.3093172135300686
2025_actual,2026-01-12,99.0,91293.98,-0.3119870974118289
2025_actual,2026-01-13,100.0,95222.7,-0.2698535876137916
2025_actual,2026-01-14,101.0,96852.91,-0.25287851050045895
2025_actual,2026-01-15,102.0,95569.99,-0.26621308772294444
2025_actual,2026-01-16,103.0,95467.76,-0.2672833474989138
2025_actual,2026-01-17,104.0,95015.57,-0.27203117345757355
2025_actual,2026-01-18,105.0,92624.74,-0.29751566977091404
2025_actual,2026-01-19,106.0,92572.21,-0.2980829577463234
2025_actual,2026-01-20,107.0,88916.02,-0.33837961760564755
2025_actual,2026-01-21,108.0,89936.47,-0.3269684141811723
2025_actual,2026-01-22,109.0,89522.33,-0.3315838549974199
2025_actual,2026-01-23,110.0,89365.99,-0.33333176162211026
2025_actual,2026-01-24,111.0,89155.13,-0.3356940602460253
2025_actual,2026-01-25,112.0,86978.89,-0.3604065008319988
2025_actual,2026-01-26,113.0,88136.48,-0.34718542421403764
2025_actual,2026-01-27,114.0,89296.0,-0.3341152523196037
2025_actual,2026-01-28,115.0,88963.96,-0.33784060246565584
2025_actual,2026-01-29,116.0,83943.96,-0.3959225130183333
2025_actual,2026-01-30,117.0,83986.02,-0.39542158994456794
2025_actual,2026-01-31,118.0,78727.3,-0.46008196418135344
2025_actual,2026-02-01,119.0,77831.33,-0.4715278970141167
2025_actual,2026-02-02,120.0,78938.16,-0.4574071852447943
2025_actual,2026-02-03,121.0,76313.98,-0.4912158007434241
2025_actual,2026-02-04,122.0,72853.79,-0.5376173903694013
2025_actual,2026-02-05,123.0,63845.99,-0.6695981693049277
2025_actual,2026-02-06,124.0,69936.2,-0.5784885484913194
2025_actual,2026-02-07,125.0,69199.99,-0.5890712282507384
2025_actual,2026-02-08,126.0,70477.92,-0.5707724770915173
2025_actual,2026-02-09,127.0,69986.8,-0.5777652935267211
2025_actual,2026-02-10,128.0,69219.0,-0.5887965549545454
2025_actual,2026-02-11,129.0,67479.13,-0.6142535814799762
2025_actual,2026-02-12,130.0,66001.99,-0.6363870532786521
2025_actual,2026-02-13,131.0,68970.18,-0.5923977090955264
2025_actual,2026-02-14,132.0,69801.43,-0.5804174497011955
2025_actual,2026-02-15,133.0,68913.72,-0.5932166589969367
2025_actual,2026-02-16,134.0,68810.28,-0.5947187939835802
2025_actual,2026-02-17,135.0,67191.37,-0.6185271297025159
2025_actual,2026-02-18,136.0,66533.36,-0.6283684703549046
2025_actual,2026-02-19,137.0,67214.29,-0.6181860726336073
2025_actual,2026-02-20,138.0,67885.32,-0.6082521354702346
2025_actual,2026-02-21,139.0,67969.48,-0.6070131654704144
2025_actual,2026-02-22,140.0,66238.9,-0.6328040427067563
2025_actual,2026-02-23,141.0,64743.99,-0.6556310686267594
2025_actual,2026-02-24,142.0,64290.01,-0.6626676926669124
2025_actual,2026-02-25,143.0,68448.27,-0.5999936688731857
2025_actual,2026-02-26,144.0,67068.86,-0.6203520935656279
2025_actual,2026-02-27,145.0,65950.0,-0.6371750672023578
2025_actual,2026-02-28,146.0,66680.36,-0.6261614895774463
2025_actual,2026-03-01,147.0,66474.29,-0.6292566900006699
2025_actual,2026-03-02,148.0,69016.92,-0.591720254437988
2025_actual,2026-03-03,149.0,68222.81,-0.6032929799566935
2025_actual,2026-03-04,150.0,72776.66,-0.538676646963222
2025_actual,2026-03-05,151.0,70955.49,-0.5640191673176685
2025_actual,2026-03-06,152.0,68350.0,-0.6014303831957228
2025_actual,2026-03-07,153.0,67193.87,-0.6184899232354919
2025_actual,2026-03-08,154.0,66055.14,-0.6355820985916938
2025_actual,2026-03-09,155.0,68480.54,-0.5995223290492667
2025_actual,2026-03-10,156.0,69847.95,-0.5797512096975411
2025_actual,2026-03-11,157.0,70210.72,-0.5745709404396682
2025_actual,2026-03-12,158.0,70500.54,-0.570451577002325
2025_actual,2026-03-13,159.0,70838.78,-0.5656653555078737
2025_actual,2026-03-14,160.0,71118.53,-0.5617240246649837
2025_actual,2026-03-15,161.0,72953.27,-0.5362528471787518
2025_actual,2026-03-16,162.0,74758.54,-0.5118084931289946
2025_actual,2026-03-17,163.0,73845.35,-0.5240989048412495
2025_actual,2026-03-18,164.0,71204.95,-0.5605096078924164
2025_actual,2026-03-19,165.0,69858.95,-0.5795937371600682
2025_actual,2026-03-20,166.0,70560.99,-0.5695945041533287
2025_actual,2026-03-21,167.0,68398.68,-0.6007184201690043
2025_actual,2026-03-22,168.0,67977.71,-0.6068920890434569
2025_actual,2026-03-23,169.0,70906.0,-0.5647168901740648
2025_actual,2026-03-24,170.0,70555.44,-0.5696731626058259
2025_actual,2026-03-25,171.0,71277.56,-0.5594903949899265
2025_actual,2026-03-26,172.0,68762.2,-0.5954177710167418
2025_actual,2026-03-27,173.0,66390.02,-0.6305252023844705
2025_actual,2026-03-28,174.0,66392.04,-0.6304947765874894
2025_actual,2026-03-29,175.0,65862.79,-0.6384983077274259
2025_actual,2026-03-30,176.0,66683.77,-0.6261103513890783
2025_actual,2026-03-31,177.0,68133.96,-0.6045961790948764
2025_actual,2026-04-01,178.0,68100.65,-0.6050851884686883
2025_actual,2026-04-02,179.0,66959.99,-0.6219766695273639
2025_actual,2026-04-03,180.0,66911.51,-0.6227009461974438
2025_actual,2026-04-04,181.0,67284.16,-0.6171471014590669
2025_actual,2026-04-05,182.0,69279.05,-0.5879293946766501
2025_actual,2026-04-06,183.0,68909.06,-0.5932842820705937
2025_actual,2026-04-07,184.0,71872.04,-0.5511846307048897
2025_actual,2026-04-08,185.0,71015.98,-0.5631670242263785
2025_actual,2026-04-09,186.0,71798.73,-0.552205158490222
2025_actual,2026-04-10,187.0,72905.26,-0.5369111563189009
2025_actual,2026-04-11,188.0,72997.99,-0.5356400398429401
2025_actual,2026-04-12,189.0,70661.26,-0.5681744727227371
2025_actual,2026-04-13,190.0,74505.1,-0.5152043669473594
2025_actual,2026-04-14,191.0,74386.01,-0.5168040598423365
2025_actual,2026-04-15,192.0,74725.02,-0.5122569705476728
2025_actual,2026-04-16,193.0,75124.72,-0.5069222806387198
2025_actual,2026-04-17,194.0,75736.82,-0.49880751051415034
2025_actual,2026-04-18,195.0,73823.14,-0.5243997137703241
2025_actual,2026-04-19,196.0,74201.44,-0.5192883893725739
2025_actual,2026-04-20,197.0,75854.66,-0.49725280541151534
2025_actual,2026-04-21,198.0,76434.02,-0.48964406134635324
2025_actual,2026-04-22,199.0,78416.36,-0.4640393673092116
2025_actual,2026-04-23,200.0,78281.09,-0.4657658795607073
2025_actual,2026-04-24,201.0,77490.01,-0.47592292154092153
2025_actual,2026-04-25,202.0,77650.51,-0.4738538288595214
2025_actual,2026-04-26,203.0,78818.4,-0.4589254742212516
2025_actual,2026-04-27,204.0,77302.47,-0.47834603785460317
2025_actual,2026-04-28,205.0,76361.99,-0.490586887082912
2025_actual,2026-04-29,206.0,75794.4,-0.4980475350744841
2025_actual,2026-04-30,207.0,76442.08,-0.48953861647946484
2025_actual,2026-05-01,208.0,78285.16,-0.4657138887900153
2025_actual,2026-05-02,209.0,78705.06,-0.46036449821880226
2025_actual,2026-05-03,210.0,78496.31,-0.4630203290515795
2025_actual,2026-05-04,211.0,79926.19,-0.44496836257221717
2025_actual,2026-05-05,212.0,81028.26,-0.43127396365193
2025_actual,2026-05-06,213.0,81476.51,-0.4257571885213747
2025_actual,2026-05-07,214.0,80047.2,-0.44345548567337056
2025_actual,2026-05-08,215.0,80150.27,-0.4421686986320755
2025_actual,2026-05-09,216.0,80645.62,-0.43600745201071234
2025_actual,2026-05-10,217.0,82103.78,-0.41808788955426124
2025_actual,2026-05-11,218.0,81734.25,-0.4225988157002054
2025_actual,2026-05-12,219.0,80414.77,-0.43887408058506594
2025_actual,2026-05-13,220.0,79371.63,-0.45193094674705003
2025_actual,2026-05-14,221.0,79142.38,-0.454823437572751
2025_actual,2026-05-15,222.0,79026.0,-0.4562950341207169
2025_actual,2026-05-16,223.0,78183.58,-0.4670122952866843
2025_actual,2026-05-17,224.0,77269.08,-0.47877807079364487
2025_actual,2026-05-18,225.0,76952.14,-0.4828882762010848
2025_actual,2026-05-19,226.0,76799.23,-0.4848773323039828
2025_actual,2026-05-20,227.0,77494.61,-0.4758635608120781
2025_actual,2026-05-21,228.0,77451.06,-0.47642569334726675
2025_actual,2026-05-22,229.0,75478.44,-0.5022248938054624
2025_actual,2026-05-23,230.0,76627.99,-0.4871095316634357
2025_actual,2026-05-24,231.0,77078.18,-0.4812517149301426
2025_actual,2026-05-25,232.0,77196.83,-0.4797135523541911
2025_actual,2026-05-26,233.0,75834.53,-0.4975182165475122
2025_actual,2026-05-27,234.0,74422.7,-0.5163109435355896
2025_actual,2026-05-28,235.0,74025.1,-0.521667721483971
2025_actual,2026-05-29,236.0,73897.41,-0.5233941663869974
2025_actual,2026-05-30,237.0,73758.31,-0.5252782795273359
2025_actual,2026-05-31,238.0,73688.35,-0.5262272329353002
