node_index,date,days_from_start,price,kind,kind_group,prev_days,next_days,prev_move_pct,next_move_pct,score
1,2015-01-16,46,199.46,drop_end,low_or_start,46,54,-53.3,66.64,330.8136
2,2015-03-11,100,296.99,rally_end,high_or_end,54,36,66.64,-23.15,129.8034
3,2015-04-16,136,229.45,drop_end,low_or_start,36,103,-23.15,30.3,52.1821
4,2015-07-28,239,295.76,rally_end,high_or_end,103,28,30.3,-23.67,65.3432
5,2015-08-25,267,223.73,drop_end,low_or_start,28,114,-23.67,105.88,158.5922
6,2015-12-17,381,455.5,rally_end,high_or_end,114,46,105.88,-19.09,102.1593
7,2016-02-01,427,371.33,drop_end,low_or_start,46,19,-19.09,15.9,44.4527
8,2016-02-20,446,437.46,rally_end,high_or_end,19,94,15.9,4.01,13.7296
9,2016-05-24,540,446.99,rally_start,low_or_start,94,24,4.01,67.13,116.0084
10,2016-06-17,564,752.26,rally_end,high_or_end,24,75,67.13,-23.38,194.5968
11,2016-08-31,639,572.89,drop_end,low_or_start,75,185,-23.38,122.97,84.2319
12,2017-03-04,824,1273.97,rally_end,high_or_end,185,21,122.97,-22.89,177.4563
13,2017-03-25,845,963.72,drop_end,low_or_start,21,76,-22.89,188.08,346.6386
14,2017-06-09,921,2811.39,rally_end,high_or_end,76,38,188.08,-25.11,290.0906
15,2017-07-17,959,2235.19,drop_end,low_or_start,38,118,-25.11,199.85,234.6743
16,2017-11-12,1077,5886.35,up_to_up,up_continuation,118,35,199.85,193.09,465.4755
17,2017-12-17,1112,19378.99,rally_end,high_or_end,35,51,193.09,-58.87,945.4391
18,2018-02-06,1163,7688.46,drop_end,low_or_start,51,25,-58.87,45.95,412.227
19,2018-03-03,1188,11432.5,rally_end,high_or_end,25,34,45.95,-39.28,261.3068
20,2018-04-06,1222,6619.01,drop_end,low_or_start,34,29,-39.28,41.22,224.2667
21,2018-05-05,1251,9800.0,rally_end,high_or_end,29,52,41.22,-36.78,166.5242
22,2018-06-26,1303,6074.0,drop_end,low_or_start,52,30,-36.78,34.27,140.4231
23,2018-07-26,1333,7931.99,rally_end,high_or_end,30,17,34.27,-23.82,146.3494
24,2018-08-12,1350,6316.01,drop_end,low_or_start,17,21,-23.82,15.95,96.8116
25,2018-09-02,1371,7295.0,rally_end,high_or_end,21,67,15.95,-11.28,23.6527
26,2018-11-08,1438,6406.24,down_to_down,down_continuation,67,44,-11.28,-37.98,54.1972
27,2018-12-22,1482,3980.46,down_to_down,down_continuation,44,45,-37.98,-14.55,46.7591
28,2019-02-05,1527,3428.4,drop_end,low_or_start,45,50,-14.55,17.53,21.435
29,2019-03-27,1577,4026.53,up_to_up,up_continuation,50,92,17.53,200.31,110.0
30,2019-06-27,1669,11127.4,rally_end,high_or_end,92,171,200.31,-41.76,247.9191
31,2019-12-15,1840,7111.0,drop_end,low_or_start,171,60,-41.76,46.53,87.9362
32,2020-02-13,1900,10239.57,rally_end,high_or_end,60,30,46.53,-48.89,302.757
33,2020-03-14,1930,5182.62,drop_end,low_or_start,30,54,-48.89,81.7,424.07
34,2020-05-07,1984,10007.56,rally_end,high_or_end,54,72,81.7,-3.48,73.0564
35,2020-07-18,2056,9174.6,rally_start,low_or_start,72,29,-3.48,30.61,29.33
36,2020-08-16,2085,11924.0,rally_end,high_or_end,29,50,30.61,-11.01,44.2879
37,2020-10-05,2135,10800.0,drop_end,low_or_start,50,191,-11.01,484.93,218.0826
38,2021-04-14,2326,63283.43,rally_end,high_or_end,191,95,484.93,-50.17,408.3526
39,2021-07-18,2421,31753.02,drop_end,low_or_start,95,115,-50.17,111.42,200.0644
40,2021-11-10,2536,64896.86,rally_end,high_or_end,115,74,111.42,-44.73,194.8144
41,2022-01-23,2610,36233.04,drop_end,low_or_start,74,70,-44.73,27.01,95.0747
42,2022-04-03,2680,46358.05,rally_end,high_or_end,70,76,27.01,-56.28,152.536
43,2022-06-18,2756,18989.21,drop_end,low_or_start,76,57,-56.28,20.19,142.7093
44,2022-08-14,2813,24301.71,rally_end,high_or_end,57,100,20.19,-32.79,41.8492
45,2022-11-22,2913,16206.32,drop_end,low_or_start,100,142,-32.79,86.0,84.9435
46,2023-04-13,3055,30412.73,rally_end,high_or_end,142,61,86.0,-15.17,55.4772
47,2023-06-13,3116,25933.04,drop_end,low_or_start,61,19,-15.17,19.61,41.6317
48,2023-07-02,3135,30616.01,rally_end,high_or_end,19,103,19.61,-12.46,33.4402
49,2023-10-13,3238,26859.1,drop_end,low_or_start,103,151,-12.46,165.61,86.1403
50,2024-03-12,3389,71471.62,rally_end,high_or_end,151,50,165.61,-14.74,109.7531
51,2024-05-01,3439,58278.09,drop_end,low_or_start,50,36,-14.74,15.3,21.5591
52,2024-06-06,3475,70770.7,rally_end,high_or_end,36,30,15.3,-18.94,38.6022
53,2024-07-06,3505,58219.33,drop_end,low_or_start,30,22,-18.94,18.42,55.6798
54,2024-07-28,3527,68274.59,rally_end,high_or_end,22,41,18.42,-17.26,44.1182
55,2024-09-07,3568,54178.64,drop_end,low_or_start,41,98,-17.26,86.26,88.9839
56,2024-12-14,3666,104447.76,rally_end,high_or_end,98,114,86.26,-23.8,78.0397
57,2025-04-07,3780,76251.64,drop_end,low_or_start,114,45,-23.8,37.84,56.4072
58,2025-05-22,3825,107329.61,rally_end,high_or_end,45,81,37.84,9.95,24.7827
59,2025-08-11,3906,120113.18,drop_start,high_or_end,81,45,9.95,-7.66,5.131
60,2025-09-25,3951,109697.29,drop_end,low_or_start,45,10,-7.66,11.11,22.751
61,2025-10-05,3961,124720.09,rally_end,high_or_end,10,140,11.11,-46.21,108.5164
62,2026-02-22,4101,66238.9,drop_end,low_or_start,140,75,-46.21,22.16,58.2202
63,2026-05-08,4176,80150.27,rally_end,high_or_end,75,23,22.16,-8.78,19.4606
