cycle,anchor_index,date,days_from_halving,price,drop_pct,rally_pct,prev_peak_date,next_peak_date,interval_from_prev_days,score,votes,scale
2017,1,2016-08-03,25,573.36,-15.68,9.52,2016-07-17,2016-09-08,,0.3321,2,3
2017,2,2016-08-28,50,579.29,-14.81,95.12,2016-07-17,2017-01-04,25.0,1.1793,4,14
2017,3,2016-09-22,75,602.96,-3.98,27.58,2016-09-08,2016-12-02,25.0,0.3956,2,5
2017,4,2016-11-04,118,706.32,-5.14,39.05,2016-11-02,2016-12-28,43.0,0.522,1,3
2017,5,2017-01-13,188,828.0,-26.75,262.2,2017-01-04,2017-06-11,70.0,2.9694,4,14
2017,6,2017-02-10,216,1018.65,-9.88,26.92,2017-01-04,2017-03-03,28.0,0.448,2,5
2017,7,2017-03-24,258,934.87,-27.69,429.27,2017-03-03,2017-09-01,42.0,4.6496,5,14
2017,8,2017-04-14,279,1173.74,-7.07,144.63,2017-03-15,2017-06-06,21.0,1.5969,1,3
2017,9,2017-05-27,322,2232.78,-8.23,53.28,2017-05-24,2017-08-08,43.0,0.6951,2,5
2017,10,2017-07-15,371,2340.0,-21.97,739.74,2017-06-11,2017-12-16,49.0,7.6972,4,14
2017,11,2017-08-20,407,4050.99,-7.3,59.1,2017-08-16,2017-10-31,36.0,0.744,2,5
2017,12,2017-09-18,436,3872.06,-21.74,407.48,2017-09-01,2017-12-16,29.0,4.3723,5,14
2017,13,2017-10-25,473,5739.97,-4.73,242.34,2017-10-21,2017-12-16,37.0,2.5507,1,3
2017,14,2017-11-12,491,5886.35,-21.18,233.82,2017-11-08,2017-12-16,18.0,2.63,3,3
2017,15,2017-12-09,518,15309.98,-11.96,28.35,2017-12-07,2017-12-16,27.0,0.4831,1,3
2017,16,2017-12-29,538,12839.99,-34.66,33.17,2017-12-16,2018-01-06,20.0,0.7583,5,5
2017,17,2018-02-07,578,7688.46,-60.87,49.18,2017-12-16,2018-03-04,40.0,1.1806,4,5
2017,18,2018-03-16,615,7865.02,-31.43,24.6,2018-03-04,2018-05-05,37.0,0.6403,2,3
2017,19,2018-04-06,636,6785.85,-65.47,44.42,2017-12-16,2018-05-05,21.0,1.1788,4,14
2017,20,2018-05-27,687,7346.64,-35.95,14.14,2018-03-04,2018-07-24,51.0,0.5809,3,9
2017,21,2018-06-26,717,6202.36,-45.92,35.2,2018-03-04,2018-07-24,30.0,0.8912,4,14
2017,22,2018-08-12,764,6269.01,-36.03,17.4,2018-05-05,2018-09-04,47.0,0.6143,4,14
2017,23,2018-09-10,793,6300.0,-24.87,7.14,2018-07-24,2018-09-21,29.0,0.4001,4,5
2017,24,2018-10-12,825,6196.0,-15.82,4.96,2018-09-04,2018-11-07,32.0,0.2877,2,5
2017,25,2018-11-25,869,3731.32,-43.53,13.85,2018-10-08,2018-11-29,44.0,0.6538,2,5
2017,26,2018-12-13,887,3265.0,-55.64,169.01,2018-09-04,2019-05-27,18.0,2.3265,4,14
2017,27,2019-02-04,940,3437.5,-48.07,275.35,2018-09-28,2019-06-26,53.0,3.3142,4,14
2017,28,2019-03-02,966,3792.14,-7.73,137.25,2019-02-23,2019-06-16,26.0,1.5299,3,9
2017,29,2019-04-26,1021,5170.6,-6.55,149.54,2019-04-23,2019-06-26,55.0,1.6408,2,5
2017,30,2019-05-17,1042,7363.69,-10.24,75.22,2019-05-15,2019-06-26,21.0,0.9345,1,3
2017,31,2019-06-07,1063,7766.91,-11.57,66.12,2019-05-27,2019-06-26,21.0,0.8569,4,3
2017,32,2019-07-17,1103,9436.0,-26.87,27.36,2019-06-26,2019-08-08,40.0,0.6223,3,5
2017,33,2019-08-29,1146,9580.6,-23.72,10.94,2019-07-09,2019-09-03,43.0,0.4266,4,5
2017,34,2019-10-21,1199,7954.16,-38.35,30.5,2019-06-26,2020-02-14,53.0,0.7685,4,14
2017,35,2019-11-24,1233,6906.25,-27.84,37.46,2019-10-27,2020-01-30,34.0,0.733,2,5
2017,36,2019-12-16,1255,6618.62,-30.84,56.83,2019-10-27,2020-02-14,22.0,0.9567,4,9
2017,37,2020-01-24,1294,8424.96,-5.35,23.21,2020-01-18,2020-02-14,39.0,0.3655,2,3
2017,38,2020-03-15,1345,5074.2,-51.12,97.22,2020-02-14,2020-05-07,51.0,1.5634,4,9
2017,39,2020-04-14,1375,6871.0,-31.04,45.65,2020-02-23,2020-05-07,30.0,0.8469,3,5
2021,1,2020-05-25,14,8892.39,-9.4,38.6,2020-05-14,2020-08-17,,0.56,3,9
2021,2,2020-07-01,51,9239.09,-9.53,113.52,2020-06-01,2020-11-30,37.0,1.3105,4,14
2021,3,2020-09-06,118,10345.95,-16.06,456.14,2020-08-17,2021-02-21,67.0,4.802,4,14
2021,4,2020-12-10,213,18286.8,-7.3,206.39,2020-11-30,2021-02-19,95.0,2.2169,2,5
2021,5,2021-01-25,259,30552.06,-24.87,108.37,2021-01-08,2021-04-13,46.0,1.4124,4,14
2021,6,2021-02-28,293,45973.56,-20.1,38.47,2021-02-21,2021-04-13,34.0,0.6657,4,3
2021,7,2021-03-24,317,51386.2,-15.94,23.89,2021-03-13,2021-04-13,24.0,0.4783,3,9
2021,8,2021-04-24,348,49272.06,-22.6,19.83,2021-04-13,2021-05-08,31.0,0.5044,3,9
2021,9,2021-06-06,391,36895.48,-42.04,82.98,2021-04-13,2021-11-08,43.0,1.3302,3,14
2021,10,2021-07-18,433,31503.78,-50.51,114.29,2021-04-13,2021-11-08,42.0,1.7281,4,14
2021,11,2021-09-25,502,40656.13,-22.84,66.05,2021-09-06,2021-11-08,69.0,0.9689,5,3
2021,12,2021-10-26,533,58517.61,-11.34,15.37,2021-10-20,2021-11-08,31.0,0.3471,2,3
2021,13,2021-11-27,565,54665.93,-19.03,5.78,2021-11-08,2021-11-29,32.0,0.3281,1,3
2021,14,2021-12-18,586,46240.15,-31.51,9.95,2021-11-08,2021-12-26,21.0,0.4946,3,9
2021,15,2022-01-24,623,36976.64,-45.23,28.27,2021-11-08,2022-03-29,37.0,0.815,4,9
2021,16,2022-03-07,665,38670.76,-42.72,22.65,2021-11-08,2022-03-29,42.0,0.7337,3,14
2021,17,2022-05-25,744,28608.55,-38.57,11.17,2022-04-04,2022-05-31,79.0,0.5774,4,5
2021,18,2022-07-02,782,19210.52,-55.09,27.26,2022-04-09,2022-08-13,38.0,0.9035,4,9
2021,19,2022-07-24,804,22592.39,-28.96,8.21,2022-05-31,2022-08-13,22.0,0.4517,2,5
2021,20,2022-09-23,865,19224.81,-39.55,29.19,2022-05-31,2023-02-20,61.0,0.7674,4,14
2021,21,2022-10-12,884,19069.69,-14.92,11.72,2022-09-12,2022-11-05,19.0,0.3464,2,3
2021,22,2022-11-22,925,16597.46,-32.11,83.73,2022-08-13,2023-04-14,41.0,1.2383,4,14
2021,23,2022-12-30,963,16539.02,-26.21,84.37,2022-09-12,2023-04-14,38.0,1.1858,4,14
2021,24,2023-02-11,1006,21629.58,-8.89,40.98,2023-02-01,2023-04-14,43.0,0.5787,3,9
2021,25,2023-03-08,1031,20227.02,-18.56,50.76,2023-02-20,2023-04-14,25.0,0.7731,4,3
2021,26,2023-04-22,1076,27582.31,-9.55,14.1,2023-04-14,2023-07-13,45.0,0.3165,3,9
2021,27,2023-05-24,1108,26321.63,-13.68,19.57,2023-04-14,2023-07-13,32.0,0.4125,2,5
2021,28,2023-06-13,1128,25906.91,-15.04,46.2,2023-04-14,2023-11-15,20.0,0.6924,4,14
2021,29,2023-09-09,1216,26267.36,-16.54,98.65,2023-07-13,2024-02-16,88.0,1.2319,4,14
2021,30,2023-10-12,1249,26745.5,-4.46,64.74,2023-10-01,2023-12-05,33.0,0.772,2,3
2021,31,2023-12-29,1327,42056.3,-4.9,64.06,2023-12-08,2024-03-10,78.0,0.7696,2,5
2021,32,2024-01-22,1351,39547.64,-15.86,84.84,2024-01-08,2024-03-13,24.0,1.0869,4,9
2021,33,2024-03-21,1410,63712.44,-12.84,12.39,2024-03-13,2024-04-08,59.0,0.3323,2,3
2025,1,2024-05-01,11,58278.09,-12.79,22.63,2024-04-22,2024-05-20,,0.4342,2,3
2025,2,2024-07-08,79,56684.73,-20.68,87.24,2024-05-20,2024-12-16,68.0,1.1592,4,14
2025,3,2024-08-06,108,61644.69,-13.74,60.64,2024-05-20,2024-11-21,29.0,0.8238,3,9
2025,4,2024-09-06,139,54178.64,-20.65,95.9,2024-07-28,2024-12-16,31.0,1.2455,4,9
2025,5,2024-10-03,166,62200.28,-12.6,70.67,2024-06-05,2025-01-20,27.0,0.9127,4,14
2025,6,2024-11-02,196,68738.18,-5.48,54.41,2024-10-28,2024-12-16,30.0,0.6789,2,3
2025,7,2024-11-25,219,91929.54,-7.16,15.45,2024-11-21,2024-12-16,23.0,0.3062,2,3
2025,8,2024-12-28,252,94171.89,-11.27,18.64,2024-12-16,2025-05-21,33.0,0.3791,4,14
2025,9,2025-03-10,324,81073.43,-23.63,37.8,2025-01-20,2025-05-21,72.0,0.6943,3,9
2025,10,2025-04-05,350,78370.75,-26.18,53.15,2025-01-20,2025-07-21,26.0,0.8733,4,9
2025,11,2025-06-04,410,101570.2,-9.09,21.46,2025-05-21,2025-08-12,60.0,0.3855,2,5
2025,12,2025-08-01,468,112542.74,-6.24,9.62,2025-07-21,2025-08-12,58.0,0.2385,1,3
2025,13,2025-08-29,496,108247.95,-12.25,15.22,2025-08-12,2025-10-05,28.0,0.3547,2,5
2025,14,2025-09-25,523,109035.72,-11.62,14.38,2025-08-12,2025-10-05,27.0,0.34,3,5
2025,15,2025-10-16,544,106463.3,-14.64,7.59,2025-10-05,2025-10-25,21.0,0.3023,2,3
2025,16,2025-11-22,581,85133.92,-31.74,13.77,2025-10-05,2026-01-14,37.0,0.5351,3,5
2025,17,2025-12-18,607,88016.09,-29.43,10.04,2025-10-05,2026-01-14,26.0,0.4747,4,9
2025,18,2026-02-24,675,64743.99,-43.48,26.81,2025-10-25,2026-05-10,68.0,0.7829,4,14
2025,19,2026-03-29,708,68133.96,-29.65,20.5,2026-01-14,2026-05-10,33.0,0.5816,5,9
