from_cycle,to_cycle,from_index,to_index,from_date,to_date,target_date,span_days,date_delta_days,abs_date_delta_days,from_kind,to_kind,from_group,to_group,from_days_from_halving,to_days_from_halving,phase_delta_days,score
2017,2021,1,1,2016-08-04,2020-06-08,2020-06-06,1402,2,2,drop_end,rally_end,low_or_start,high_or_end,26,28,2,35.2695
2017,2021,2,3,2016-10-19,2020-08-16,2020-08-21,1402,-5,5,up_to_up,rally_end,up_continuation,high_or_end,102,97,-5,38.422
2017,2021,3,5,2017-01-03,2020-09-18,2020-11-05,1402,-48,48,rally_end,rally_end,high_or_end,high_or_end,178,130,-48,54.642
2017,2021,4,6,2017-01-13,2020-10-05,2020-11-15,1402,-41,41,drop_end,drop_end,low_or_start,low_or_start,188,147,-41,45.1625
2017,2021,5,8,2017-03-04,2021-01-08,2021-01-04,1402,4,4,rally_end,rally_end,high_or_end,high_or_end,238,242,4,6.846
2017,2021,6,9,2017-03-26,2021-01-25,2021-01-26,1402,-1,1,drop_end,drop_end,low_or_start,low_or_start,260,259,-1,1.281
2017,2021,7,11,2017-06-09,2021-04-14,2021-04-11,1402,3,3,rally_end,rally_end,high_or_end,high_or_end,335,338,3,7.24
2017,2021,8,13,2017-07-17,2021-06-06,2021-05-19,1402,18,18,drop_end,drop_end,low_or_start,low_or_start,373,391,18,20.3745
2017,2021,9,12,2017-08-15,2021-05-21,2021-06-17,1402,-27,27,up_to_up,down_to_down,up_continuation,down_continuation,402,375,-27,65.16
2017,2021,10,14,2017-09-01,2021-06-15,2021-07-04,1402,-19,19,rally_end,rally_end,high_or_end,high_or_end,419,400,-19,20.551
2017,2021,11,15,2017-09-23,2021-07-18,2021-07-26,1402,-8,8,drop_end,drop_end,low_or_start,low_or_start,441,433,-8,8.6475
2017,2021,12,16,2017-11-12,2021-08-11,2021-09-14,1402,-34,34,up_to_up,up_to_up,up_continuation,up_continuation,491,457,-34,37.9115
2017,2021,13,19,2017-12-17,2021-11-10,2021-10-19,1402,22,22,rally_end,rally_end,high_or_end,high_or_end,526,548,22,27.76
2017,2021,15,21,2018-03-03,2022-02-08,2022-01-03,1402,36,36,rally_end,rally_end,high_or_end,high_or_end,602,638,36,40.1595
2017,2021,16,20,2018-04-06,2022-01-23,2022-02-06,1402,-14,14,drop_end,drop_end,low_or_start,low_or_start,636,622,-14,15.3925
2017,2021,17,23,2018-05-05,2022-04-03,2022-03-07,1402,27,27,rally_end,rally_end,high_or_end,high_or_end,665,692,27,30.135
2017,2021,18,24,2018-06-26,2022-05-11,2022-04-28,1402,13,13,drop_end,drop_end,low_or_start,low_or_start,717,730,13,14.098
2017,2021,19,25,2018-07-26,2022-06-08,2022-05-28,1402,11,11,rally_end,drop_start,high_or_end,high_or_end,747,758,11,25.482
2017,2021,20,26,2018-08-12,2022-06-18,2022-06-14,1402,4,4,drop_end,drop_end,low_or_start,low_or_start,764,768,4,4.8075
2017,2021,21,27,2018-09-02,2022-08-14,2022-07-05,1402,40,40,rally_end,rally_end,high_or_end,high_or_end,785,825,40,43.412
2017,2021,22,28,2018-11-08,2022-09-06,2022-09-10,1402,-4,4,down_to_down,down_to_down,down_continuation,down_continuation,852,848,-4,4.744
2017,2021,23,30,2018-12-22,2022-11-05,2022-10-24,1402,12,12,down_to_down,rally_end,down_continuation,high_or_end,896,908,12,47.345
2017,2021,24,31,2019-02-05,2022-11-22,2022-12-08,1402,-16,16,drop_end,drop_end,low_or_start,low_or_start,941,925,-16,17.645
2017,2021,25,33,2019-03-27,2023-01-05,2023-01-27,1402,-22,22,up_to_up,drop_end,up_continuation,low_or_start,991,969,-22,56.8075
2017,2021,26,36,2019-06-27,2023-04-13,2023-04-29,1402,-16,16,rally_end,rally_end,high_or_end,high_or_end,1083,1067,-16,21.28
2017,2021,27,37,2019-07-28,2023-06-13,2023-05-30,1402,14,14,drop_end,drop_end,low_or_start,low_or_start,1114,1128,14,15.3615
2017,2021,30,38,2019-09-18,2023-07-02,2023-07-21,1402,-19,19,rally_end,rally_end,high_or_end,high_or_end,1166,1147,-19,21.199
2017,2021,33,39,2019-11-05,2023-08-13,2023-09-07,1402,-25,25,rally_end,drop_start,high_or_end,high_or_end,1214,1189,-25,40.1355
2017,2021,34,40,2019-12-15,2023-10-13,2023-10-17,1402,-4,4,drop_end,drop_end,low_or_start,low_or_start,1254,1250,-4,5.1505
2017,2021,35,41,2020-02-13,2023-12-07,2023-12-16,1402,-9,9,rally_end,rally_end,high_or_end,high_or_end,1314,1305,-9,10.5405
2017,2021,36,44,2020-03-14,2024-01-23,2024-01-15,1402,8,8,drop_end,drop_end,low_or_start,low_or_start,1344,1352,8,10.455
2021,2025,1,2,2020-06-08,2024-06-06,2024-05-18,1440,19,19,rally_end,rally_end,high_or_end,high_or_end,28,47,19,20.9175
2021,2025,2,3,2020-07-18,2024-07-06,2024-06-27,1440,9,9,drop_end,drop_end,low_or_start,low_or_start,68,77,9,10.35
2021,2025,3,4,2020-08-16,2024-07-28,2024-07-26,1440,2,2,rally_end,rally_end,high_or_end,high_or_end,97,99,2,2.7695
2021,2025,4,5,2020-09-05,2024-08-24,2024-08-15,1440,9,9,drop_end,down_to_down,low_or_start,down_continuation,117,126,9,42.1235
2021,2025,5,7,2020-09-18,2024-09-26,2024-08-28,1440,29,29,rally_end,rally_end,high_or_end,high_or_end,130,159,29,31.8075
2021,2025,6,6,2020-10-05,2024-09-07,2024-09-14,1440,-7,7,drop_end,drop_end,low_or_start,low_or_start,147,140,-7,8.0015
2021,2025,7,11,2020-12-13,2024-11-26,2024-11-22,1440,4,4,up_to_up,up_to_up,up_continuation,up_continuation,216,220,4,6.527
2021,2025,8,12,2021-01-08,2024-12-14,2024-12-18,1440,-4,4,rally_end,rally_end,high_or_end,high_or_end,242,238,-4,8.32
2021,2025,9,13,2021-01-25,2025-01-03,2025-01-04,1440,-1,1,drop_end,drop_end,low_or_start,low_or_start,259,258,-1,1.762
2021,2025,10,14,2021-02-19,2025-01-22,2025-01-29,1440,-7,7,up_to_up,rally_end,up_continuation,high_or_end,284,277,-7,42.8335
2021,2025,11,18,2021-04-14,2025-03-24,2025-03-24,1440,0,0,rally_end,rally_end,high_or_end,high_or_end,338,338,0,0.354
2021,2025,12,21,2021-05-21,2025-06-10,2025-04-30,1440,41,41,down_to_down,drop_start,down_continuation,high_or_end,375,416,41,78.23
2021,2025,13,19,2021-06-06,2025-04-07,2025-05-16,1440,-39,39,drop_end,drop_end,low_or_start,low_or_start,391,352,-39,42.2515
2021,2025,14,20,2021-06-15,2025-05-22,2025-05-25,1440,-3,3,rally_end,rally_end,high_or_end,high_or_end,400,397,-3,4.5445
2021,2025,15,22,2021-07-18,2025-06-20,2025-06-27,1440,-7,7,drop_end,drop_end,low_or_start,low_or_start,433,426,-7,8.3745
2021,2025,16,23,2021-08-11,2025-07-12,2025-07-21,1440,-9,9,up_to_up,rally_end,up_continuation,high_or_end,457,448,-9,43.379
2021,2025,17,24,2021-09-04,2025-08-11,2025-08-14,1440,-3,3,rally_end,drop_start,high_or_end,high_or_end,481,478,-3,15.693
2021,2025,18,25,2021-09-27,2025-08-30,2025-09-06,1440,-7,7,drop_end,drop_end,low_or_start,low_or_start,504,497,-7,7.9585
2021,2025,19,29,2021-11-10,2025-10-26,2025-10-20,1440,6,6,rally_end,rally_end,high_or_end,high_or_end,548,554,6,9.074
2021,2025,20,34,2022-01-23,2025-12-30,2026-01-02,1440,-3,3,drop_end,rally_start,low_or_start,low_or_start,622,619,-3,17.548
2021,2025,21,35,2022-02-08,2026-01-15,2026-01-18,1440,-3,3,rally_end,rally_end,high_or_end,high_or_end,638,635,-3,3.82
2021,2025,22,37,2022-02-22,2026-02-22,2026-02-01,1440,21,21,drop_end,drop_end,low_or_start,low_or_start,652,673,21,23.1295
2021,2025,23,38,2022-04-03,2026-03-16,2026-03-13,1440,3,3,rally_end,rally_end,high_or_end,high_or_end,692,695,3,3.831
2021,2025,24,39,2022-05-11,2026-03-29,2026-04-20,1440,-22,22,drop_end,drop_end,low_or_start,low_or_start,730,708,-22,25.1235
2021,2025,25,40,2022-06-08,2026-05-08,2026-05-18,1440,-10,10,drop_start,rally_end,high_or_end,high_or_end,758,748,-10,23.7525
