date,rel_day,price,norm_price,log_norm,cycle
2021-05-22,-170,37383.34,0.5537447307853081,-0.5910514731799235,2021_top
2021-05-23,-169,34927.4,0.5173658562886776,-0.6590050023457084,2021_top
2021-05-24,-168,38725.06,0.5736191021012276,-0.5557896881221722,2021_top
2021-05-25,-167,38370.0,0.5683597377931526,-0.5650007195517442,2021_top
2021-05-26,-166,39213.41,0.580852838821355,-0.5432578436775248,2021_top
2021-05-27,-165,38368.17,0.568332630721999,-0.5650484141996711,2021_top
2021-05-28,-164,35770.0,0.5298469591050579,-0.6351670705396789,2021_top
2021-05-29,-163,34621.64,0.5128367535149576,-0.6677977037229516,2021_top
2021-05-30,-162,35545.27,0.5265181218917595,-0.6414695284529445,2021_top
2021-05-31,-161,37153.71,0.55034331179679,-0.5972129922225573,2021_top
2021-06-01,-160,36764.58,0.5445792819618291,-0.6077417421362817,2021_top
2021-06-02,-159,37501.36,0.5554929146856039,-0.5878994248251932,2021_top
2021-06-03,-158,39215.09,0.5808777240014302,-0.5432150021084461,2021_top
2021-06-04,-157,36895.48,0.5465182522427029,-0.6041875734919636,2021_top
2021-06-05,-156,35565.0,0.5268103746315734,-0.6409146156251269,2021_top
2021-06-06,-155,35873.42,0.5313788789404127,-0.632279992512536,2021_top
2021-06-07,-154,33816.09,0.5009044577948827,-0.6913398990876285,2021_top
2021-06-08,-153,33432.26,0.4952189347780168,-0.7027553217150928,2021_top
2021-06-09,-152,37357.02,0.5533548629641271,-0.5917557780852782,2021_top
2021-06-10,-151,36717.51,0.5438820525415028,-0.6090228708150648,2021_top
2021-06-11,-150,37282.15,0.552245843063982,-0.593761963982342,2021_top
2021-06-12,-149,35609.66,0.5274719056685775,-0.6396596744463091,2021_top
2021-06-13,-148,39122.03,0.5794992627765403,-0.5455908883747701,2021_top
2021-06-14,-147,40496.92,0.5998649682728766,-0.511050701972729,2021_top
2021-06-15,-146,40093.93,0.5938956357022939,-0.5210516725269867,2021_top
2021-06-16,-145,38394.4,0.5687211654085332,-0.5643650081849719,2021_top
2021-06-17,-144,38027.63,0.5632883454702899,-0.5739636230340275,2021_top
2021-06-18,-143,35777.39,0.5299564242721752,-0.6349604941704702,2021_top
2021-06-19,-142,35498.24,0.5258214849757207,-0.642793506023027,2021_top
2021-06-20,-141,35565.82,0.5268225209694674,-0.6408915595152708,2021_top
2021-06-21,-140,31686.69,0.4693624920493331,-0.7563799049160976,2021_top
2021-06-22,-139,32508.26,0.4815320857365554,-0.7307824129203772,2021_top
2021-06-23,-138,33688.35,0.49901229535272223,-0.6951245435487625,2021_top
2021-06-24,-137,34695.34,0.5139284426646932,-0.6656712398241584,2021_top
2021-06-25,-136,31704.87,0.46963178524800603,-0.7558063269666538,2021_top
2021-06-26,-135,32265.95,0.4779428428888969,-0.7382641291866475,2021_top
2021-06-27,-134,34596.99,0.5124716227477801,-0.6685099397507965,2021_top
2021-06-28,-133,34541.8,0.5116541149570895,-0.6701064389583294,2021_top
2021-06-29,-132,35928.75,0.5321984604961097,-0.6307388131595496,2021_top
2021-06-30,-131,34995.83,0.5183794829985339,-0.6570477122764085,2021_top
2021-07-01,-130,33538.49,0.4967924780395692,-0.6995828892996147,2021_top
2021-07-02,-129,33832.49,0.5011473845527614,-0.6908550404159081,2021_top
2021-07-03,-128,34633.93,0.5130188004572949,-0.6674427864179892,2021_top
2021-07-04,-127,35126.9,0.5203209714226295,-0.6533094050929531,2021_top
2021-07-05,-126,33673.22,0.49878818060597196,-0.6955737611146365,2021_top
2021-07-06,-125,34193.9,0.5065008089164785,-0.6802293582236407,2021_top
2021-07-07,-124,33791.0,0.5005328094805426,-0.692082128967715,2021_top
2021-07-08,-123,32878.23,0.4870123060177995,-0.7194658871884148,2021_top
2021-07-09,-122,33766.87,0.5001753812691028,-0.6927964795245374,2021_top
2021-07-10,-121,33547.19,0.4969213477221025,-0.6993235194892832,2021_top
2021-07-11,-120,34236.21,0.5071275303265913,-0.6789927679159079,2021_top
2021-07-12,-119,33096.86,0.4902507863272526,-0.7128382099758048,2021_top
2021-07-13,-118,32768.54,0.4853875111353775,-0.7228077150371606,2021_top
2021-07-14,-117,32817.18,0.4861079963489886,-0.7213244650578219,2021_top
2021-07-15,-116,31891.09,0.4723901889585049,-0.7499499633790333,2021_top
2021-07-16,-115,31408.78,0.4652459203857914,-0.7651891521477835,2021_top
2021-07-17,-114,31503.78,0.46665311806862564,-0.762169085178442,2021_top
2021-07-18,-113,31753.02,0.47034501228409514,-0.7542887848851091,2021_top
2021-07-19,-112,30849.9,0.4569674504807136,-0.783143114955548,2021_top
2021-07-20,-111,29788.61,0.4412469785984489,-0.8181505181270282,2021_top
2021-07-21,-110,32086.04,0.4752779067297526,-0.7438555792328692,2021_top
2021-07-22,-109,32327.95,0.47886122453453606,-0.7363444426824983,2021_top
2021-07-23,-108,33700.0,0.4991848622264593,-0.6947787864522893,2021_top
2021-07-24,-107,34275.43,0.507708480780494,-0.6778478528537598,2021_top
2021-07-25,-106,35368.57,0.5239007342016879,-0.6464530511532398,2021_top
2021-07-26,-105,37269.12,0.5520528347923258,-0.5941115220819607,2021_top
2021-07-27,-104,39381.82,0.5833474299978403,-0.5389723353140897,2021_top
2021-07-28,-103,40031.56,0.5929717733919951,-0.5226084807935429,2021_top
2021-07-29,-102,40024.94,0.5928737139324125,-0.522773863992036,2021_top
2021-07-30,-101,42188.95,0.6249283440127293,-0.47011828539813405,2021_top
2021-07-31,-100,41472.42,0.6143146665845061,-0.4872479958172619,2021_top
2021-08-01,-99,39816.76,0.5897900253680711,-0.5279886946326241,2021_top
2021-08-02,-98,39146.69,0.5798645416697897,-0.5449607515636408,2021_top
2021-08-03,-97,38207.27,0.5659492822254935,-0.5692508121693881,2021_top
2021-08-04,-96,39730.0,0.5885048835684638,-0.5301700539840977,2021_top
2021-08-05,-95,40893.75,0.605743055183183,-0.5012993841746936,2021_top
2021-08-06,-94,42827.76,0.6343907856103225,-0.45509013334087417,2021_top
2021-08-07,-93,44488.87,0.6589961555359306,-0.41703757828127375,2021_top
2021-08-08,-92,43933.26,0.6507661228563566,-0.4296049596074523,2021_top
2021-08-09,-91,46208.5,0.6844683592341645,-0.3791128599616679,2021_top
2021-08-10,-90,45565.76,0.6749477040903238,-0.3931200665327253,2021_top
2021-08-11,-89,45482.95,0.6737210720891079,-0.39493909335548605,2021_top
2021-08-12,-88,44454.37,0.6584851205879539,-0.4178133539721583,2021_top
2021-08-13,-87,47765.41,0.7075302554908114,-0.34597488643448604,2021_top
2021-08-14,-86,47134.61,0.698186462876792,-0.3592690731030127,2021_top
2021-08-15,-85,47090.0,0.6975256724701474,-0.36021595955514213,2021_top
2021-08-16,-84,45930.71,0.6803535650834853,-0.3851426672862636,2021_top
2021-08-17,-83,44718.51,0.6623977226505205,-0.41188911394459293,2021_top
2021-08-18,-82,44735.2,0.6626449450644837,-0.41151596004871405,2021_top
2021-08-19,-81,46736.74,0.6922929708550103,-0.36774604467194694,2021_top
2021-08-20,-80,49350.99,0.7310168291955302,-0.3133187973420562,2021_top
2021-08-21,-79,48896.95,0.7242913130280139,-0.3225616014631439,2021_top
2021-08-22,-78,49328.47,0.7306832492816626,-0.31377522465511515,2021_top
2021-08-23,-77,49464.66,0.7327005782545595,-0.31101814860599464,2021_top
2021-08-24,-76,47770.4,0.7076041704006781,-0.3458704229876479,2021_top
2021-08-25,-75,48985.05,0.7255963037212528,-0.32076147429389185,2021_top
2021-08-26,-74,46770.6,0.6927945257343868,-0.3670218234187286,2021_top
2021-08-27,-73,49082.04,0.7270329784923907,-0.31878344003951053,2021_top
2021-08-28,-72,48963.41,0.7252757589017105,-0.32120333933908163,2021_top
2021-08-29,-71,48770.78,0.7224224063791381,-0.32514526077794853,2021_top
2021-08-30,-70,46924.16,0.6950691496941346,-0.36374394240395636,2021_top
2021-08-31,-69,47065.73,0.6971661704937013,-0.36073148846745606,2021_top
2021-09-01,-68,48889.19,0.7241763671962372,-0.3227203151625757,2021_top
2021-09-02,-67,49273.33,0.7298664821213313,-0.3148936627718209,2021_top
2021-09-03,-66,49919.31,0.7394351301124603,-0.301868721960344,2021_top
2021-09-04,-65,49949.07,0.7398759533023671,-0.30127273750799,2021_top
2021-09-05,-64,51782.76,0.7670376829764335,-0.26521934847436596,2021_top
2021-09-06,-63,52691.2,0.7804940478500537,-0.24782816512869021,2021_top
2021-09-07,-62,46943.82,0.6953603655514452,-0.36332505621321354,2021_top
2021-09-08,-61,46022.48,0.6817129180451033,-0.38314665104216683,2021_top
2021-09-09,-60,46414.58,0.6875209413234117,-0.3746629897985297,2021_top
2021-09-10,-59,44897.75,0.6650527343628491,-0.40788894167658735,2021_top
2021-09-11,-58,45127.48,0.668455634612086,-0.402785250218967,2021_top
2021-09-12,-57,46010.13,0.6815299823463348,-0.3834150341744964,2021_top
2021-09-13,-56,44969.02,0.6661084288771184,-0.4063028155714269,2021_top
2021-09-14,-55,47096.48,0.697621658164724,-0.3600783601882217,2021_top
2021-09-15,-54,48106.71,0.7125857983239832,-0.33885495538875393,2021_top
2021-09-16,-53,47772.7,0.7076382393972098,-0.3458222771770046,2021_top
2021-09-17,-52,47337.8,0.7011962365312666,-0.35496749313248066,2021_top
2021-09-18,-51,48300.04,0.7154495196715868,-0.33484423499507127,2021_top
2021-09-19,-50,47270.75,0.7002030512193295,-0.35638491283134976,2021_top
2021-09-20,-49,42991.14,0.6368108693726535,-0.4512825758591696,2021_top
2021-09-21,-48,40656.13,0.602223283463235,-0.5071269996778935,2021_top
2021-09-22,-47,43544.09,0.6450015005171081,-0.4385026358059572,2021_top
2021-09-23,-46,44892.71,0.6649780788226229,-0.4080012030461202,2021_top
2021-09-24,-45,42816.65,0.6342262175444667,-0.4553495781794182,2021_top
2021-09-25,-44,42682.26,0.6322355512645079,-0.45849324657653423,2021_top
2021-09-26,-43,43142.04,0.6390460917972818,-0.44777869606777154,2021_top
2021-09-27,-42,42214.52,0.6253071023785196,-0.4695123861197688,2021_top
2021-09-28,-41,41006.19,0.6074085847353713,-0.49855359289221185,2021_top
2021-09-29,-40,41522.49,0.6150563338263957,-0.4860414156529006,2021_top
2021-09-30,-39,43834.03,0.6492962678451182,-0.43186616745107503,2021_top
2021-10-01,-38,48145.34,0.713158009339645,-0.3380522711430862,2021_top
2021-10-02,-37,47692.85,0.7064554527132697,-0.34749513232991186,2021_top
2021-10-03,-36,48179.83,0.7136688961615499,-0.33733615506514014,2021_top
2021-10-04,-35,49248.68,0.7295013513541537,-0.31539405858214514,2021_top
2021-10-05,-34,51441.74,0.7619862876732741,-0.2718267186368362,2021_top
2021-10-06,-33,55278.64,0.8188207801918707,-0.1998900466798749,2021_top
2021-10-07,-32,53844.74,0.7975809827453864,-0.22617190371631937,2021_top
2021-10-08,-31,53983.21,0.7996320844626712,-0.22360355151974448,2021_top
2021-10-09,-30,54951.3,0.8139720213550397,-0.20582928537002618,2021_top
2021-10-10,-29,54655.3,0.8095874896274718,-0.21123043310356496,2021_top
2021-10-11,-28,57440.05,0.8508368974934996,-0.16153482859747775,2021_top
2021-10-12,-27,56019.29,0.829791737705462,-0.18658052810394316,2021_top
2021-10-13,-26,57372.59,0.8498376390126153,-0.16270996066940227,2021_top
2021-10-14,-25,57327.09,0.8491636653855736,-0.16350333694362815,2021_top
2021-10-15,-24,61682.48,0.9136783466049357,-0.09027668784113412,2021_top
2021-10-16,-23,60880.85,0.9018041163050367,-0.10335794846239414,2021_top
2021-10-17,-22,61541.01,0.9115828070660877,-0.09257284196168855,2021_top
2021-10-18,-21,62036.95,0.9189289714747698,-0.08454644854182641,2021_top
2021-10-19,-20,64353.53,0.9532435610337185,-0.04788483501816271,2021_top
2021-10-20,-19,66005.17,0.9777086555692589,-0.02254355151874175,2021_top
2021-10-21,-18,62152.09,0.9206344950663649,-0.08269217810072044,2021_top
2021-10-22,-17,60671.75,0.8987068001420826,-0.10679843770341563,2021_top
2021-10-23,-16,61308.09,0.9081326545999219,-0.09636481567737036,2021_top
2021-10-24,-15,60889.41,0.9019309122225636,-0.1032173558412714,2021_top
2021-10-25,-14,63102.83,0.9347174332240262,-0.0675110058238192,2021_top
2021-10-26,-13,60341.21,0.8938106409622507,-0.11226133724793555,2021_top
2021-10-27,-12,58517.61,0.8667983704947085,-0.14294888923089652,2021_top
2021-10-28,-11,60577.62,0.8973124894275016,-0.10835110587662841,2021_top
2021-10-29,-10,62316.4,0.9230683545533807,-0.08005199028379067,2021_top
2021-10-30,-9,62062.88,0.9193130623791477,-0.08412855916393842,2021_top
2021-10-31,-8,61333.45,0.9085083023182027,-0.09595125269762546,2021_top
2021-11-01,-7,60950.0,0.9028284080920681,-0.10222276788332474,2021_top
2021-11-02,-6,63357.2,0.9384853161143687,-0.0634880692001185,2021_top
2021-11-03,-5,62944.4,0.9323706718672744,-0.07002482676903934,2021_top
2021-11-04,-4,61499.24,0.9109640844638562,-0.09325180679806763,2021_top
2021-11-05,-3,61000.01,0.9035691865775264,-0.10140259570288127,2021_top
2021-11-06,-2,61539.3,0.9115574775077967,-0.09260062869703414,2021_top
2021-11-07,-1,63433.66,0.9396178880599425,-0.06228198842633989,2021_top
2021-11-08,0,67510.06,1.0,0.0,2021_top
2021-11-09,1,66967.98,0.991970381895676,-0.008062029102996204,2021_top
2021-11-10,2,64896.86,0.9612916948970273,-0.039477383397362,2021_top
2021-11-11,3,64793.69,0.9597634782134693,-0.041068401736989495,2021_top
2021-11-12,4,64158.51,0.9503548063799677,-0.050919883714028655,2021_top
2021-11-13,5,64482.54,0.9551545354870075,-0.04588213432852588,2021_top
2021-11-14,6,65714.05,0.9733964093647673,-0.026963870345732742,2021_top
2021-11-15,7,63441.68,0.9397366851695881,-0.06215556511964087,2021_top
2021-11-16,8,60147.32,0.8909386245546219,-0.11547973766100385,2021_top
2021-11-17,9,60314.28,0.8934117374506851,-0.11270773219353138,2021_top
2021-11-18,10,57017.38,0.8445760528134622,-0.16892049017165567,2021_top
2021-11-19,11,58187.85,0.8619137651484831,-0.14860005375381577,2021_top
2021-11-20,12,59771.71,0.8853748611688391,-0.12174415171328812,2021_top
2021-11-21,13,58742.9,0.870135502768032,-0.1391063291532449,2021_top
2021-11-22,14,56254.57,0.8332768479245908,-0.18238934158178252,2021_top
2021-11-23,15,57599.99,0.8532060258871048,-0.15875422971988595,2021_top
2021-11-24,16,57255.24,0.8480993795591353,-0.16475745718044388,2021_top
2021-11-25,17,59022.44,0.8742762189812897,-0.13435891323237148,2021_top
2021-11-26,18,53839.39,0.797501735296932,-0.22627126840458683,2021_top
2021-11-27,19,54665.93,0.8097449476418774,-0.21103596035506947,2021_top
2021-11-28,20,57471.87,0.8513082346542131,-0.16098101310447582,2021_top
2021-11-29,21,57828.33,0.8565883366123509,-0.15479782980256343,2021_top
2021-11-30,22,56879.47,0.8425332461562025,-0.1713421562211974,2021_top
2021-12-01,23,57228.47,0.8477028460647199,-0.16522512197725903,2021_top
2021-12-02,24,56566.29,0.8378942338371497,-0.17686339907036838,2021_top
2021-12-03,25,53681.96,0.7951697865473679,-0.22919961914608997,2021_top
2021-12-04,26,49335.0,0.7307799756065985,-0.31364285550147536,2021_top
2021-12-05,27,49511.76,0.7333982520531015,-0.31006640669503616,2021_top
2021-12-06,28,50588.91,0.7493536518853635,-0.28854424149890534,2021_top
2021-12-07,29,50676.09,0.7506450149799896,-0.286822422083742,2021_top
2021-12-08,30,50531.51,0.7485034082327878,-0.2896795217156026,2021_top
2021-12-09,31,47639.07,0.7056588306987137,-0.34862340092463046,2021_top
2021-12-10,32,47268.48,0.7001694266010133,-0.3564329352237563,2021_top
2021-12-11,33,49432.46,0.7322236123031145,-0.3116693303823263,2021_top
2021-12-12,34,50065.39,0.7415989557704437,-0.2989466728080153,2021_top
2021-12-13,35,46639.86,0.6908579254706633,-0.3698210834881393,2021_top
2021-12-14,36,48343.16,0.7160882392935216,-0.3339518803780603,2021_top
2021-12-15,37,48885.97,0.7241286706010926,-0.3227861805623597,2021_top
2021-12-16,38,47605.48,0.7051612752232779,-0.34932874314930595,2021_top
2021-12-17,39,46240.15,0.6849371782516561,-0.3784281555071082,2021_top
2021-12-18,40,46813.13,0.6934245059180809,-0.36611290467979923,2021_top
2021-12-19,41,46683.77,0.6915083470522764,-0.3688800570141305,2021_top
2021-12-20,42,46963.71,0.6956549883084091,-0.36290144800421414,2021_top
2021-12-21,43,48954.47,0.7251433341934521,-0.3213859413321976,2021_top
2021-12-22,44,48646.94,0.7205880131050099,-0.32768771540959557,2021_top
2021-12-23,45,50840.46,0.7530797632234366,-0.28358412953657913,2021_top
2021-12-24,46,50815.7,0.7527130030694684,-0.28407126185575443,2021_top
2021-12-25,47,50395.07,0.7464823761080941,-0.2923832709780397,2021_top
2021-12-26,48,50841.73,0.7530985752345651,-0.283559149744148,2021_top
2021-12-27,49,50663.26,0.7504549692297712,-0.28707563073504155,2021_top
2021-12-28,50,47594.55,0.704999373426716,-0.3495583649266945,2021_top
2021-12-29,51,46518.8,0.6890647112445168,-0.3724200918496832,2021_top
2021-12-30,52,47097.85,0.697641951436571,-0.36004927138850124,2021_top
2021-12-31,53,46244.63,0.6850035387318572,-0.3783312747013474,2021_top
2022-01-01,54,47748.83,0.7072846624636389,-0.346322059801861,2021_top
2022-01-02,55,47258.52,0.7000218930334234,-0.35664366866577535,2021_top
2022-01-03,56,46519.76,0.689078931347417,-0.3723994552448167,2021_top
2022-01-04,57,45889.4,0.6797416562805603,-0.3860424702332913,2021_top
2022-01-05,58,43422.85,0.6432056200216679,-0.44129082355967625,2021_top
2022-01-06,59,43133.33,0.6389170739886767,-0.4479806076916704,2021_top
2022-01-07,60,41656.16,0.6170363350291794,-0.48282736697409206,2021_top
2022-01-08,61,41667.48,0.6172040137425445,-0.48255565536692646,2021_top
2022-01-09,62,41838.78,0.6197414133538024,-0.47845296317886976,2021_top
2022-01-10,63,41872.47,0.620240450089957,-0.47764805340105804,2021_top
2022-01-11,64,42771.24,0.6335535770520719,-0.4564107097077448,2021_top
2022-01-12,65,43884.25,0.6500401569780859,-0.43072113803447176,2021_top
2022-01-13,66,42617.64,0.6312783605880368,-0.4600083717375681,2021_top
2022-01-14,67,43158.68,0.6392925735808856,-0.44739306776232485,2021_top
2022-01-15,68,43082.34,0.6381617791481743,-0.44916345544881575,2021_top
2022-01-16,69,43137.67,0.6389813607038713,-0.44787999450754934,2021_top
2022-01-17,70,42285.47,0.626358056858489,-0.4678330955855723,2021_top
2022-01-18,71,42411.61,0.6282265191291491,-0.464854478300037,2021_top
2022-01-19,72,41723.49,0.6180336678711291,-0.48121234425248743,2021_top
2022-01-20,73,40696.22,0.6028171208853911,-0.5061414103680519,2021_top
2022-01-21,74,36513.29,0.5408570219016248,-0.6146003199049285,2021_top
2022-01-22,75,35108.16,0.5200433831639315,-0.6538430417252762,2021_top
2022-01-23,76,36233.04,0.5367057887372638,-0.6223052140604942,2021_top
2022-01-24,77,36643.49,0.542785623357467,-0.6110408374490699,2021_top
2022-01-25,78,36976.64,0.5477204434420588,-0.6019902619039229,2021_top
2022-01-26,79,36838.9,0.5456801549280211,-0.6057222717183606,2021_top
2022-01-27,80,37139.68,0.5501354909179462,-0.597590683970552,2021_top
2022-01-28,81,37677.8,0.5581064510978068,-0.5832055622188855,2021_top
2022-01-29,82,38166.62,0.5653471497433123,-0.5703153121925917,2021_top
2022-01-30,83,37918.6,0.5616733269086118,-0.5768348669365617,2021_top
2022-01-31,84,38430.3,0.5692529380065727,-0.5634304128630734,2021_top
2022-02-01,85,38745.11,0.5739160948753416,-0.5552720695227121,2021_top
2022-02-02,86,36905.98,0.5466737846181741,-0.6039030262737691,2021_top
2022-02-03,87,37238.31,0.5515964583648718,-0.5949385537419208,2021_top
2022-02-04,88,41545.39,0.6153955425309946,-0.48549005932648137,2021_top
2022-02-05,89,41447.5,0.6139455364133879,-0.48784905767912207,2021_top
2022-02-06,90,42496.61,0.629485590740106,-0.4628523157674898,2021_top
2022-02-07,91,43897.96,0.6502432378226297,-0.43040877405750017,2021_top
2022-02-08,92,44147.59,0.6539409089549024,-0.42473828488700754,2021_top
2022-02-09,93,44402.94,0.657723308200289,-0.4189709403484068,2021_top
2022-02-10,94,43477.29,0.6440120183569679,-0.4400378910069361,2021_top
2022-02-11,95,42391.54,0.6279292301028914,-0.46532780978299987,2021_top
2022-02-12,96,42217.48,0.6253509476957954,-0.46944227052375737,2021_top
2022-02-13,97,42097.33,0.6235712129421896,-0.4722923055609834,2021_top
2022-02-14,98,42572.56,0.630610608256014,-0.46106670953247314,2021_top
2022-02-15,99,44469.73,0.6587126422343574,-0.4174678908153142,2021_top
2022-02-16,100,43897.22,0.6502322764933108,-0.4304256314749578,2021_top
2022-02-17,101,40553.82,0.6007078056218584,-0.5096466430005927,2021_top
2022-02-18,102,39993.11,0.5924022286456271,-0.523569434533404,2021_top
2022-02-19,103,40089.18,0.5938252758181521,-0.5211701513439234,2021_top
2022-02-20,104,38426.4,0.5691951688385406,-0.5635319004367878,2021_top
2022-02-21,105,37075.4,0.549183336527919,-0.5993229469034747,2021_top
2022-02-22,106,38261.46,0.5667519774089965,-0.5678335005683903,2021_top
2022-02-23,107,37225.0,0.5513993025632032,-0.5952960452405325,2021_top
2022-02-24,108,38367.61,0.5683243356619739,-0.5650630097377632,2021_top
2022-02-25,109,39212.8,0.5808438031309705,-0.5432733997014615,2021_top
2022-02-26,110,39138.21,0.5797389307608377,-0.5451773961536747,2021_top
2022-02-27,111,37700.0,0.5584352909773743,-0.5826165293566402,2021_top
2022-02-28,112,43206.02,0.6399938024051526,-0.44629678641725634,2021_top
2022-03-01,113,44412.2,0.6578604729428473,-0.4187624173413261,2021_top
2022-03-02,114,43862.75,0.6497216859235498,-0.43121118328799046,2021_top
2022-03-03,115,42432.0,0.6285285481897068,-0.46437382924720805,2021_top
2022-03-04,116,39205.77,0.5807396705024407,-0.5434526939685933,2021_top
2022-03-05,117,39390.89,0.5834817803450331,-0.5387420525158951,2021_top
2022-03-06,118,38432.11,0.5692797488255825,-0.56338331571896,2021_top
2022-03-07,119,38004.69,0.5629485442614035,-0.5745670506473393,2021_top
2022-03-08,120,38724.21,0.573606511385118,-0.5558116379739922,2021_top
2022-03-09,121,41985.86,0.6219200516189736,-0.47494372887884884,2021_top
2022-03-10,122,39454.87,0.584429490952904,-0.537119136735951,2021_top
2022-03-11,123,38670.76,0.5728147775309339,-0.5571928649063782,2021_top
2022-03-12,124,38767.98,0.5742548592017249,-0.5546819756259618,2021_top
2022-03-13,125,37780.14,0.559622373317399,-0.580493056079735,2021_top
2022-03-14,126,39644.88,0.5872440344446442,-0.5323148139542369,2021_top
2022-03-15,127,39361.36,0.5830443640547794,-0.5394919993779599,2021_top
2022-03-16,128,41109.85,0.6089440595964513,-0.4960288716547384,2021_top
2022-03-17,129,40964.07,0.6067846777206242,-0.49958128278137587,2021_top
2022-03-18,130,41806.03,0.6192563004684043,-0.4792360363109274,2021_top
2022-03-19,131,42219.55,0.6253816097926739,-0.4693932399029407,2021_top
2022-03-20,132,41271.13,0.6113330368836881,-0.49211339975703794,2021_top
2022-03-21,133,41009.98,0.6074647245166128,-0.49846117209268653,2021_top
2022-03-22,134,42359.88,0.6274602629593278,-0.4660749359426021,2021_top
2022-03-23,135,42940.28,0.6360575001710856,-0.4524663106546349,2021_top
2022-03-24,136,43979.48,0.6514507615605735,-0.4285534623100507,2021_top
2022-03-25,137,44355.11,0.6570148211985,-0.4200487018501483,2021_top
2022-03-26,138,44548.42,0.6598782462939597,-0.41569993629151136,2021_top
2022-03-27,139,46819.78,0.6935230097558793,-0.36597086060552697,2021_top
2022-03-28,140,47191.31,0.6990263377043362,-0.35806685833894497,2021_top
2022-03-29,141,47430.74,0.7025729202432941,-0.3530060821031234,2021_top
2022-03-30,142,47022.82,0.6965305615192758,-0.36164360801813383,2021_top
2022-03-31,143,45475.83,0.6736156063259313,-0.39509564778628514,2021_top
2022-04-01,144,46222.43,0.6846746988522896,-0.378811445703357,2021_top
2022-04-02,145,45871.46,0.6794759181076124,-0.38643348662587035,2021_top
2022-04-03,146,46358.05,0.6866835846390894,-0.37588166834620956,2021_top
2022-04-04,147,46568.89,0.6898066747385501,-0.37134390218734553,2021_top
2022-04-05,148,45449.25,0.6732218872268815,-0.3956803049734362,2021_top
2022-04-06,149,43206.04,0.6399940986572964,-0.4462963235189062,2021_top
2022-04-07,150,43432.08,0.6433423403860107,-0.44107828524930637,2021_top
2022-04-08,151,42281.5,0.6262992508079537,-0.4679269856706237,2021_top
2022-04-09,152,42773.37,0.6335851279053819,-0.4563609111289577,2021_top
2022-04-10,153,42177.2,0.6247542958782736,-0.47039683313501596,2021_top
2022-04-11,154,39615.2,0.5868043962633125,-0.5330637408134393,2021_top
2022-04-12,155,40105.2,0.5940625737852996,-0.5207706220947891,2021_top
2022-04-13,156,41101.04,0.6088135605271274,-0.4962431984923075,2021_top
2022-04-14,157,39910.05,0.5911718934926143,-0.5256484519319051,2021_top
2022-04-15,158,40566.6,0.6008971107417176,-0.5093315558719578,2021_top
2022-04-16,159,40378.25,0.5981071561779089,-0.5139853501513248,2021_top
2022-04-17,160,39670.73,0.5876269403404472,-0.5316629876387041,2021_top
2022-04-18,161,40817.48,0.6046132976329751,-0.5031662027784557,2021_top
2022-04-19,162,41480.25,0.614430649298786,-0.48705921346647674,2021_top
2022-04-20,163,41350.25,0.6125050103643813,-0.49019815640996756,2021_top
2022-04-21,164,40464.52,0.5993850397999942,-0.5118510830363474,2021_top
2022-04-22,165,39708.2,0.5881819687317712,-0.5307189083274051,2021_top
2022-04-23,166,39468.1,0.5846254617459976,-0.536783873120709,2021_top
2022-04-24,167,39489.71,0.5849455621873244,-0.5362364921703109,2021_top
2022-04-25,168,40490.41,0.5997685382000846,-0.5112114678607762,2021_top
2022-04-26,169,38102.78,0.5644015129004477,-0.5719893784605653,2021_top
2022-04-27,170,39188.42,0.5804826717677336,-0.5438953288190401,2021_top
2022-04-28,171,39737.71,0.5886190887698811,-0.5299760129069309,2021_top
2022-04-29,172,38597.17,0.5717247177679889,-0.5590976660897502,2021_top
2022-04-30,173,37658.53,0.5578210121572992,-0.5837171348006733,2021_top
2022-05-01,174,38496.42,0.5702323475938252,-0.5617113738534142,2021_top
2022-05-02,175,38488.36,0.5701129579798923,-0.5619207658924494,2021_top
2022-05-03,176,37708.41,0.5585598650038232,-0.5823934773115204,2021_top
2022-05-04,177,39671.83,0.5876432342083536,-0.5316352597710864,2021_top
2022-05-05,178,36516.79,0.5409088660267818,-0.6145044689897253,2021_top
2022-05-06,179,36013.22,0.5334496814252573,-0.6283905305418509,2021_top
2022-05-07,180,35445.54,0.5250408605769273,-0.6442791897487472,2021_top
2022-05-08,181,34089.76,0.5049582240039485,-0.6832795778733141,2021_top
2022-05-09,182,30176.73,0.44699604770015017,-0.8052055262417734,2021_top
2022-05-10,183,30961.83,0.45862542560323605,-0.7795214683087873,2021_top
2022-05-11,184,29027.82,0.42997769517609674,-0.8440219433234072,2021_top
2022-05-12,185,28959.93,0.42897206727412185,-0.8463634734230827,2021_top
2022-05-13,186,29292.4,0.43389681478582603,-0.8349485270993927,2021_top
2022-05-14,187,30012.62,0.444565150734572,-0.8106586639371995,2021_top
2022-05-15,188,31258.75,0.4630235849294165,-0.769977286820879,2021_top
2022-05-16,189,29854.67,0.44222549942927025,-0.8159353472976261,2021_top
2022-05-17,190,30391.04,0.45017053754655234,-0.798128795683974,2021_top
2022-05-18,191,28762.93,0.4260539836581393,-0.8531892185391418,2021_top
2022-05-19,192,30258.84,0.4482123108763346,-0.8024882506200761,2021_top
2022-05-20,193,29138.15,0.4316119701271189,-0.8402283116752419,2021_top
2022-05-21,194,29426.6,0.4358846666704192,-0.8303775966115494,2021_top
2022-05-22,195,30221.12,0.4476535793332134,-0.8037356061041309,2021_top
2022-05-23,196,29095.68,0.430982878699856,-0.8416869142617335,2021_top
2022-05-24,197,29605.66,0.4385370121134539,-0.8243110645438648,2021_top
2022-05-25,198,29487.83,0.4367916426085239,-0.8282989879567281,2021_top
2022-05-26,199,29160.96,0.4319498456970709,-0.8394457954013593,2021_top
2022-05-27,200,28608.55,0.42376721336049766,-0.8585709996128084,2021_top
2022-05-28,201,28974.3,0.4291849244394095,-0.845867393634167,2021_top
2022-05-29,202,29441.17,0.4361004863571444,-0.8298825888917901,2021_top
2022-05-30,203,31691.54,0.4694343331941936,-0.7562268555169754,2021_top
2022-05-31,204,31804.27,0.4711041584024663,-0.7526760663092275,2021_top
2022-06-01,205,29779.16,0.44110699946052484,-0.8184678038027982,2021_top
2022-06-02,206,30428.98,0.45073252786325474,-0.796881180016591,2021_top
2022-06-03,207,29684.67,0.43970735620735635,-0.8216458728753768,2021_top
2022-06-04,208,29832.02,0.4418899938764682,-0.8166943105132859,2021_top
2022-06-05,209,29893.98,0.44280778301781987,-0.8146195014777811,2021_top
2022-06-06,210,31324.88,0.464003142642741,-0.7678639538418762,2021_top
2022-06-07,211,31073.76,0.4602834007257585,-0.7759128906693672,2021_top
2022-06-08,212,30195.33,0.44727156219384195,-0.8045893471487128,2021_top
2022-06-09,213,30070.71,0.4454256150861072,-0.80872501551592,2021_top
2022-06-10,214,29061.88,0.43048221257691077,-0.8428492740239223,2021_top
2022-06-11,215,28381.45,0.4204032702681645,-0.8665408610653426,2021_top
2022-06-12,216,26633.35,0.3945093516432958,-0.9301124339244541,2021_top
2022-06-13,217,22333.0,0.3308099563235465,-1.1062112185722677,2021_top
2022-06-14,218,22122.57,0.3276929393930327,-1.1156782694568987,2021_top
2022-06-15,219,22544.07,0.33393645332266036,-1.0968045636200667,2021_top
2022-06-16,220,20336.62,0.3012383635861085,-1.1998534220233728,2021_top
2022-06-17,221,20421.22,0.3024915101541904,-1.1957020675110694,2021_top
2022-06-18,222,18989.21,0.2812797085352909,-1.2684057006942986,2021_top
2022-06-19,223,20520.28,0.30395884702220677,-1.19086295837696,2021_top
2022-06-20,224,20534.33,0.3041669641531944,-1.1901785041561792,2021_top
2022-06-21,225,20675.12,0.3062524311191547,-1.1833455788064486,2021_top
2022-06-22,226,19997.23,0.2962111128326652,-1.216682859848625,2021_top
2022-06-23,227,21121.55,0.31286522334597244,-1.1619827775139548,2021_top
2022-06-24,228,21206.32,0.3141208880572762,-1.1579773733520042,2021_top
2022-06-25,229,21474.76,0.3180971843307501,-1.1453983317885332,2021_top
2022-06-26,230,21025.22,0.31143832489557854,-1.1665539542726875,2021_top
2022-06-27,231,20718.74,0.30689855704468344,-1.181238019079186,2021_top
2022-06-28,232,20251.34,0.299975144445139,-1.2040556596078766,2021_top
2022-06-29,233,20094.43,0.29765089825131247,-1.211833961576734,2021_top
2022-06-30,234,19837.58,0.29384628009514435,-1.224698505199984,2021_top
2022-07-01,235,19270.3,0.2854433842896896,-1.2537115732647253,2021_top
2022-07-02,236,19210.52,0.28455788663200715,-1.2568185781617316,2021_top
2022-07-03,237,19283.07,0.28563254128347687,-1.253049114939188,2021_top
2022-07-04,238,20205.89,0.29930191144845675,-1.2063024777474292,2021_top
2022-07-05,239,20171.1,0.29878658084439563,-1.2080257368912848,2021_top
2022-07-06,240,20556.8,0.30449980343670263,-1.1890848373604639,2021_top
2022-07-07,241,21657.39,0.320802410781445,-1.1369298881132606,2021_top
2022-07-08,242,21582.54,0.31969368713344354,-1.1403919693313707,2021_top
2022-07-09,243,21573.37,0.31955785552553206,-1.1408169401007513,2021_top
2022-07-10,244,20806.95,0.308205177124713,-1.176989558298487,2021_top
2022-07-11,245,19942.91,0.29540649201022784,-1.2194029321113593,2021_top
2022-07-12,246,19302.71,0.28592346088864384,-1.2520311232491879,2021_top
2022-07-13,247,20206.62,0.2993127246517038,-1.2062663503205469,2021_top
2022-07-14,248,20583.48,0.3048950037964712,-1.1877878114899418,2021_top
2022-07-15,249,20838.39,0.3086708854946952,-1.1754796651880928,2021_top
2022-07-16,250,21195.28,0.3139573568739237,-1.1584981084303727,2021_top
2022-07-17,251,20762.12,0.30754112794448707,-1.1791464512662537,2021_top
2022-07-18,252,22368.75,0.33133950703050774,-1.1046117282784065,2021_top
2022-07-19,253,23410.92,0.346776761863343,-1.0590740436353072,2021_top
2022-07-20,254,23237.11,0.3442021826080439,-1.0665260541206658,2021_top
2022-07-21,255,23140.92,0.34277735792265623,-1.0706741448405888,2021_top
2022-07-22,256,22706.35,0.33634024321708494,-1.0896320027591602,2021_top
2022-07-23,257,22457.13,0.33264864525375926,-1.1006684653900602,2021_top
2022-07-24,258,22592.39,0.3346521985019714,-1.094663499900898,2021_top
2022-07-25,259,21248.31,0.314742869433089,-1.1559992610145753,2021_top
2022-07-26,260,21277.3,0.3151722869154612,-1.1546358470863198,2021_top
2022-07-27,261,22986.74,0.3404935501464523,-1.0773590958731458,2021_top
2022-07-28,262,23875.62,0.3536601804234806,-1.039418769194602,2021_top
2022-07-29,263,23817.5,0.3527992716937298,-1.0418560192118078,2021_top
2022-07-30,264,23643.31,0.35021906364769934,-1.0491964241536882,2021_top
2022-07-31,265,23296.14,0.34507657081033555,-1.0639889421990028,2021_top
2022-08-01,266,23250.19,0.34439593151005937,-1.0659633197676202,2021_top
2022-08-02,267,23005.22,0.3407672871272815,-1.0765554771104517,2021_top
2022-08-03,268,22820.48,0.33803080607542046,-1.0846182454173476,2021_top
2022-08-04,269,22604.63,0.33483350481394925,-1.0941218712581586,2021_top
2022-08-05,270,23285.14,0.3449136321312705,-1.0644612349399698,2021_top
2022-08-06,271,22960.16,0.34009983104740243,-1.0785160837424055,2021_top
2022-08-07,272,23187.41,0.3434659960308138,-1.0686671648521013,2021_top
2022-08-08,273,23824.9,0.352908884986919,-1.0415453715509213,2021_top
2022-08-09,274,23138.91,0.34274758458220894,-1.0707610077353429,2021_top
2022-08-10,275,23982.75,0.355247055031502,-1.0349418018872767,2021_top
2022-08-11,276,23956.28,0.35485496531924277,-1.0360461213818541,2021_top
2022-08-12,277,24398.29,0.3614022858222908,-1.017763575934518,2021_top
2022-08-13,278,24447.08,0.3621249929269801,-1.0157658424246074,2021_top
2022-08-14,279,24301.71,0.35997168422009995,-1.0217299055696105,2021_top
2022-08-15,280,24092.27,0.35686933177070207,-1.0303855816522478,2021_top
2022-08-16,281,23861.8,0.3534554701921462,-1.0399977699192362,2021_top
2022-08-17,282,23357.89,0.3459912493041778,-1.061341795272624,2021_top
2022-08-18,283,23175.9,0.34329550292208305,-1.0691636781612872,2021_top
2022-08-19,284,20850.04,0.30884345236843225,-1.1749207571024072,2021_top
2022-08-20,285,21151.45,0.31330812030088556,-1.1605681627486832,2021_top
2022-08-21,286,21513.86,0.31867635727179033,-1.143579245212501,2021_top
2022-08-22,287,21403.82,0.31704637797685264,-1.1487072130399658,2021_top
2022-08-23,288,21529.34,0.31890565643105634,-1.142859967804344,2021_top
2022-08-24,289,21358.67,0.3163775887623267,-1.150818877574817,2021_top
2022-08-25,290,21518.35,0.3187428658780632,-1.1433705643189893,2021_top
2022-08-26,291,20230.18,0.29966170967704664,-1.2051010749938176,2021_top
2022-08-27,292,20018.43,0.2965251401050451,-1.215623274577085,2021_top
2022-08-28,293,19582.83,0.2900727684140705,-1.2376234619124113,2021_top
2022-08-29,294,20291.07,0.30056364932870744,-1.2020957360257363,2021_top
2022-08-30,295,19835.7,0.2938184323936314,-1.2247932793150258,2021_top
2022-08-31,296,20025.48,0.2966295689857186,-1.215271161106006,2021_top
2022-09-01,297,20112.51,0.2979187101892666,-1.2109346142889956,2021_top
2022-09-02,298,19946.87,0.2954651499346912,-1.219204385014183,2021_top
2022-09-03,299,19840.11,0.2938837559913293,-1.2245709776144096,2021_top
2022-09-04,300,20006.54,0.296349018205583,-1.2162174037094617,2021_top
2022-09-05,301,19807.74,0.29340427189666257,-1.2262038534042594,2021_top
2022-09-06,302,18777.0,0.27813632516398296,-1.2796439071999313,2021_top
2022-09-07,303,19286.23,0.28567934912219006,-1.2528852540442756,2021_top
2022-09-08,304,19320.01,0.28617971899299155,-1.2511352774280238,2021_top
2022-09-09,305,21355.55,0.31633137342790096,-1.150964964756348,2021_top
2022-09-10,306,21660.39,0.3208468486030082,-1.1367913768596922,2021_top
2022-09-11,307,21818.08,0.3231826486304412,-1.12953763994454,2021_top
2022-09-12,308,22412.6,0.33198903985568967,-1.102653323093435,2021_top
2022-09-13,309,20164.09,0.2986827444680097,-1.2083733242000627,2021_top
2022-09-14,310,20216.63,0.29946099884965294,-1.205771090775379,2021_top
2022-09-15,311,19690.75,0.2916713449817701,-1.2321276414837732,2021_top
2022-09-16,312,19784.17,0.29305513874524775,-1.2273945008261438,2021_top
2022-09-17,313,20117.18,0.2979878850648333,-1.2107024474479895,2021_top
2022-09-18,314,19425.05,0.2877356352519906,-1.245713153557633,2021_top
2022-09-19,315,19553.1,0.28963238960237925,-1.2391427821748353,2021_top
2022-09-20,316,18869.22,0.2795023437988353,-1.27474460073758,2021_top
2022-09-21,317,18488.54,0.27386348049461073,-1.2951255431300686,2021_top
2022-09-22,318,19402.35,0.2873993890688291,-1.2468824310568374,2021_top
2022-09-23,319,19304.43,0.28594893857300674,-1.2519420205598335,2021_top
2022-09-24,320,18944.06,0.280610919320765,-1.2707861978842958,2021_top
2022-09-25,321,18788.61,0.2783082995334325,-1.2790257886404481,2021_top
2022-09-26,322,19224.81,0.2847695587887198,-1.256074991432624,2021_top
2022-09-27,323,19072.97,0.2825204125133351,-1.2640044743216579,2021_top
2022-09-28,324,19407.62,0.28747745150870846,-1.2466108513554157,2021_top
2022-09-29,325,19610.61,0.29048426264174554,-1.2362058775078737,2021_top
2022-09-30,326,19415.8,0.2875986186355041,-1.246189456222218,2021_top
2022-10-01,327,19308.76,0.2860130771621296,-1.2517177448644998,2021_top
2022-10-02,328,19072.29,0.28251033994044744,-1.2640401275063562,2021_top
2022-10-03,329,19640.84,0.2909320477570306,-1.234665551941456,2021_top
2022-10-04,330,20344.37,0.3013531612918134,-1.199472408675676,2021_top
2022-10-05,331,20152.33,0.298508548207482,-1.2089567093485223,2021_top
2022-10-06,332,19962.19,0.2956920790768072,-1.218436639507147,2021_top
2022-10-07,333,19524.22,0.28920460150679766,-1.2406208776664402,2021_top
2022-10-08,334,19409.72,0.28750855798380276,-1.2465026522875737,2021_top
2022-10-09,335,19437.02,0.2879129421600277,-1.2450971287098294,2021_top
2022-10-10,336,19104.67,0.28298997216118604,-1.2623438160261138,2021_top
2022-10-11,337,19069.69,0.2824718271617593,-1.2641764602297245,2021_top
2022-10-12,338,19157.32,0.28376985592961995,-1.2595917357903141,2021_top
2022-10-13,339,19382.53,0.28710580319436835,-1.247904478912873,2021_top
2022-10-14,340,19187.64,0.2842189741795519,-1.2580103020728701,2021_top
2022-10-15,341,19074.41,0.2825417426676854,-1.263928977655796,2021_top
2022-10-16,342,19270.79,0.2854506424672116,-1.253686145857248,2021_top
2022-10-17,343,19565.96,0.28982287973081344,-1.2384853021401279,2021_top
2022-10-18,344,19334.77,0.28639835307508243,-1.250371594348345,2021_top
2022-10-19,345,19122.17,0.2832491927869713,-1.2614282289034262,2021_top
2022-10-20,346,19046.77,0.28213232220501655,-1.2653790904195412,2021_top
2022-10-21,347,19172.57,0.28399574818923284,-1.2587960120976731,2021_top
2022-10-22,348,19210.62,0.2845593678927259,-1.2568133726941166,2021_top
2022-10-23,349,19563.5,0.28978644071713167,-1.2386110386058617,2021_top
2022-10-24,350,19332.45,0.28636398782640693,-1.250491592631272,2021_top
2022-10-25,351,20113.74,0.2979369296961075,-1.2108734601918383,2021_top
2022-10-26,352,20760.56,0.30751802027727426,-1.1792215909249044,2021_top
2022-10-27,353,20287.17,0.3005058801606753,-1.2022879572759437,2021_top
2022-10-28,354,20594.01,0.305050980550158,-1.1872763669978403,2021_top
2022-10-29,355,20831.19,0.30856423472294353,-1.1758252410288694,2021_top
2022-10-30,356,20634.95,0.3056574086884236,-1.1852903836765993,2021_top
2022-10-31,357,20472.79,0.30325539630686155,-1.1931799364049727,2021_top
2022-11-01,358,20479.49,0.30335464077501934,-1.1928527262931168,2021_top
2022-11-02,359,20148.56,0.29845270467838425,-1.2091438019914391,2021_top
2022-11-03,360,20205.32,0.2992934682623597,-1.2063306877416382,2021_top
2022-11-04,361,21157.96,0.31340455037367765,-1.1602604297856676,2021_top
2022-11-05,362,21304.72,0.31557844860454876,-1.1533479793999155,2021_top
2022-11-06,363,20912.34,0.30976627779622773,-1.1719372084534108,2021_top
2022-11-07,364,20578.77,0.304825236416617,-1.1880166619546544,2021_top
2022-11-08,365,18561.6,0.27494568957574617,-1.2911816932716,2021_top
2022-11-09,366,15850.62,0.2347890077419573,-1.4490680075331117,2021_top
2022-11-10,367,17573.15,0.26030416800103573,-1.3459044548123265,2021_top
2022-11-11,368,16997.14,0.25177195813483205,-1.3792315292016515,2021_top
2022-11-12,369,16777.73,0.24852192399177248,-1.3922242120180743,2021_top
2022-11-13,370,16290.62,0.24130655490455793,-1.421687141761314,2021_top
2022-11-14,371,16576.49,0.245541034921314,-1.404291197359634,2021_top
2022-11-15,372,16869.14,0.24987594441480276,-1.3867907066197298,2021_top
2022-11-16,373,16660.48,0.24678514579901129,-1.3992371759623428,2021_top
2022-11-17,374,16677.36,0.24703518260834018,-1.3982245127878528,2021_top
2022-11-18,375,16673.07,0.2469716365235048,-1.3984817808364904,2021_top
2022-11-19,376,16667.74,0.24689268532719424,-1.3988015091241597,2021_top
2022-11-20,377,16261.22,0.2408710642532387,-1.4234934917552993,2021_top
2022-11-21,378,15755.75,0.23338373569805745,-1.4550712457991402,2021_top
2022-11-22,379,16206.32,0.2400578521186324,-1.4268753341938465,2021_top
2022-11-23,380,16597.46,0.24585165529404063,-1.4030269522038383,2021_top
2025-04-18,-170,85074.99,0.6821273942313545,-0.38253884352206297,2025_top
2025-04-19,-169,85177.34,0.6829480318688032,-0.3813365103460084,2025_top
2025-04-20,-168,87522.07,0.7017479701946977,-0.35418095623496226,2025_top
2025-04-21,-167,93489.1,0.749591344906823,-0.28822709440683664,2025_top
2025-04-22,-166,93740.92,0.7516104261951704,-0.2855371395390815,2025_top
2025-04-23,-165,94021.96,0.7538637921124015,-0.28254357435860794,2025_top
2025-04-24,-164,94708.79,0.7593707637638811,-0.2752651310513275,2025_top
2025-04-25,-163,94666.64,0.7590328069840232,-0.27571027856276564,2025_top
2025-04-26,-162,93780.57,0.7519283380889158,-0.2851142546676901,2025_top
2025-04-27,-161,95042.57,0.7620469965985432,-0.27174704987116327,2025_top
2025-04-28,-160,94271.09,0.7558613051032917,-0.27989737849131857,2025_top
2025-04-29,-159,94182.54,0.7551513152371843,-0.28083713228132867,2025_top
2025-04-30,-158,96524.98,0.7739328924473996,-0.2562701114156101,2025_top
2025-05-01,-157,96929.81,0.7771788009453809,-0.2520848380405338,2025_top
2025-05-02,-156,95861.33,0.7686117769799558,-0.26316927833027787,2025_top
2025-05-03,-155,94272.55,0.7558730113167815,-0.27988189136059344,2025_top
2025-05-04,-154,94733.99,0.759572816215896,-0.2749990876566027,2025_top
2025-05-05,-153,96839.17,0.7764520535544835,-0.25302038517105,2025_top
2025-05-06,-152,97058.32,0.7782091882711119,-0.2507599114195161,2025_top
2025-05-07,-151,103253.49,0.8278817791103262,-0.18888491364301102,2025_top
2025-05-08,-150,102986.96,0.8257447537120924,-0.19146956809249555,2025_top
2025-05-09,-149,104821.19,0.8404515262937993,-0.1738160002608356,2025_top
2025-05-10,-148,104137.62,0.8349706931738102,-0.18035865274266746,2025_top
2025-05-11,-147,102800.21,0.8242474007194832,-0.19328455054514676,2025_top
2025-05-12,-146,104131.06,0.8349180953926508,-0.18042164829247526,2025_top
2025-05-13,-145,103545.38,0.830222139833286,-0.1860619756468919,2025_top
2025-05-14,-144,103786.43,0.8321548677522602,-0.18373671635735322,2025_top
2025-05-15,-143,103500.03,0.8298585255992038,-0.18650004380522725,2025_top
2025-05-16,-142,103161.07,0.8271407597605166,-0.1897803931690274,2025_top
2025-05-17,-141,106473.46,0.8536993518846884,-0.1581761941500835,2025_top
2025-05-18,-140,105616.18,0.8468257198980533,-0.16626036713348957,2025_top
2025-05-19,-139,106883.24,0.8569849492571726,-0.15433492266555968,2025_top
2025-05-20,-138,109699.54,0.8795659143607096,-0.12832677234761866,2025_top
2025-05-21,-137,111722.53,0.8957861560234602,-0.11005355964465455,2025_top
2025-05-22,-136,107329.61,0.8605639235828005,-0.15016737953206918,2025_top
2025-05-23,-135,107794.01,0.8642874616270723,-0.1458498552973332,2025_top
2025-05-24,-134,109048.68,0.8743473485306176,-0.13427755833050622,2025_top
2025-05-25,-133,109464.32,0.8776799311161498,-0.13047329495691953,2025_top
2025-05-26,-132,108978.46,0.8737843277694878,-0.13492169834379017,2025_top
2025-05-27,-131,107819.29,0.8644901555154426,-0.14561536141299636,2025_top
2025-05-28,-130,105572.58,0.8464761370842501,-0.16667326790168796,2025_top
2025-05-29,-129,104033.26,0.8341339394479269,-0.18136129065958084,2025_top
2025-05-30,-128,104645.87,0.8390458185204965,-0.17548996313537493,2025_top
2025-05-31,-127,105697.94,0.847481267853479,-0.1654865427995562,2025_top
2025-06-01,-126,105904.94,0.8491409844236001,-0.16353004706536922,2025_top
2025-06-02,-125,105447.82,0.8454758170876882,-0.1678557129594774,2025_top
2025-06-03,-124,104753.38,0.8399078288028817,-0.17446312078090997,2025_top
2025-06-04,-123,101570.2,0.8143852365725521,-0.2053217613308506,2025_top
2025-06-05,-122,104397.99,0.8370583279726627,-0.17786152397604527,2025_top
2025-06-06,-121,105619.02,0.8468484908886773,-0.1662334776756702,2025_top
2025-06-07,-120,105784.4,0.8481745001947962,-0.16466888582813258,2025_top
2025-06-08,-119,110301.15,0.8843895959343839,-0.12285759404996881,2025_top
2025-06-09,-118,110300.24,0.884382299595839,-0.12286584422463902,2025_top
2025-06-10,-117,108669.37,0.8713060582300735,-0.13776197667590495,2025_top
2025-06-11,-116,105721.05,0.8476665627807036,-0.1652679247833407,2025_top
2025-06-12,-115,106118.7,0.8508549023657697,-0.1615136674538767,2025_top
2025-06-13,-114,105465.42,0.8456169330859207,-0.16768881969055932,2025_top
2025-06-14,-113,105599.25,0.846689975929299,-0.16642067739146893,2025_top
2025-06-15,-112,106853.38,0.8567455331374441,-0.15461433197028487,2025_top
2025-06-16,-111,104590.44,0.8386013833056086,-0.17601979470520798,2025_top
2025-06-17,-110,104915.6,0.8412085013729546,-0.1729157289600636,2025_top
2025-06-18,-109,104671.9,0.8392545258747007,-0.17524125037549612,2025_top
2025-06-19,-108,103317.8,0.8283974137606861,-0.18826227143481586,2025_top
2025-06-20,-107,102160.03,0.819114466642864,-0.19953144098443215,2025_top
2025-06-21,-106,100996.87,0.8097883027505833,-0.21098242010363497,2025_top
2025-06-22,-105,105419.39,0.8452478666428159,-0.16812536133365816,2025_top
2025-06-23,-104,106141.0,0.8510337027498938,-0.16130354749156603,2025_top
2025-06-24,-103,107400.22,0.861130071346164,-0.14950971587588296,2025_top
2025-06-25,-102,107029.64,0.8581587777879249,-0.15296614091798588,2025_top
2025-06-26,-101,107113.38,0.8588302012931518,-0.1521840467430886,2025_top
2025-06-27,-100,107352.2,0.8607450491737137,-0.14995692853872816,2025_top
2025-06-28,-99,108386.44,0.8690375383789413,-0.14036895743574626,2025_top
2025-06-29,-98,107173.21,0.8593099155075979,-0.15162563567728463,2025_top
2025-06-30,-97,105711.78,0.8475922363429982,-0.16535561220639552,2025_top
2025-07-01,-96,108888.32,0.8730615893558128,-0.13574917654072677,2025_top
2025-07-02,-95,109628.83,0.8789989648019016,-0.12897155899742413,2025_top
2025-07-03,-94,108028.6,0.8661683935603318,-0.14367593948390103,2025_top
2025-07-04,-93,108246.65,0.8679167085270705,-0.14165952684416402,2025_top
2025-07-05,-92,109217.98,0.8757047882181611,-0.1327262445938801,2025_top
2025-07-06,-91,108269.84,0.8681026448906507,-0.14144531683098052,2025_top
2025-07-07,-90,108958.04,0.8736206011397202,-0.13510909237883953,2025_top
2025-07-08,-89,111282.85,0.8922608218130696,-0.11399678800728,2025_top
2025-07-09,-88,116031.3,0.9303336775975707,-0.07221196407002599,2025_top
2025-07-10,-87,117582.16,0.9427684024281895,-0.05893462308913899,2025_top
2025-07-11,-86,117472.65,0.9418903562369142,-0.059866405833114616,2025_top
2025-07-12,-85,119130.81,0.9551854075794846,-0.0458498132826389,2025_top
2025-07-13,-84,119863.71,0.9610617663922469,-0.03971659903642826,2025_top
2025-07-14,-83,117781.64,0.9443678239808839,-0.05723954468061858,2025_top
2025-07-15,-82,118681.68,0.9515843036995884,-0.04962699533041041,2025_top
2025-07-16,-81,119273.69,0.9563310129105905,-0.04465117804625168,2025_top
2025-07-17,-80,118023.05,0.9463034383634585,-0.05519200199314085,2025_top
2025-07-18,-79,117914.17,0.9454304434834837,-0.05611495944537432,2025_top
2025-07-19,-78,117312.7,0.9406078844234317,-0.06122892717224523,2025_top
2025-07-20,-77,117428.79,0.9415386887549552,-0.060239839052678545,2025_top
2025-07-21,-76,120026.42,0.9623663677599976,-0.03836006115009256,2025_top
2025-07-22,-75,118810.44,0.9526166955139305,-0.0485426645103726,2025_top
2025-07-23,-74,118397.04,0.9493020731463552,-0.05202822422828139,2025_top
2025-07-24,-73,117633.27,0.943178200079875,-0.05850004274885785,2025_top
2025-07-25,-72,117969.63,0.9458751192370051,-0.05564472790745663,2025_top
2025-07-26,-71,119465.52,0.9578690971117805,-0.04304415219336464,2025_top
2025-07-27,-70,118070.59,0.9466846119177752,-0.054789280423491495,2025_top
2025-07-28,-69,117933.39,0.9455845485679172,-0.05595197281076552,2025_top
2025-07-29,-68,117830.15,0.9447567749510123,-0.05682776562078926,2025_top
2025-07-30,-67,115761.13,0.928167466845157,-0.0745431025144231,2025_top
2025-07-31,-66,113248.73,0.9080231580974645,-0.09648539619345223,2025_top
2025-08-01,-65,112542.74,0.9023625624388181,-0.10273888575804903,2025_top
2025-08-02,-64,114215.73,0.9157765200458081,-0.08798291782356127,2025_top
2025-08-03,-63,115051.85,0.9224804921163865,-0.08068905004835523,2025_top
2025-08-04,-62,114112.95,0.9149524346879481,-0.08888319900542571,2025_top
2025-08-05,-61,115028.83,0.9222959188050618,-0.0808891537691616,2025_top
2025-08-06,-60,117515.49,0.9422338454053394,-0.05950179168301646,2025_top
2025-08-07,-59,116683.79,0.935565312693408,-0.06660431989163279,2025_top
2025-08-08,-58,116492.51,0.9340316383671629,-0.06824496727222905,2025_top
2025-08-09,-57,119309.37,0.9566170935251891,-0.044352078853995676,2025_top
2025-08-10,-56,118701.84,0.9517459456612002,-0.049457143606512544,2025_top
2025-08-11,-55,120113.18,0.9630620054876483,-0.03763748141917831,2025_top
2025-08-12,-54,123365.63,0.9891400014223852,-0.010919398811275346,2025_top
2025-08-13,-53,118389.79,0.9492439429766287,-0.0520894607421725,2025_top
2025-08-14,-52,117436.96,0.9416041954427712,-0.0601702673930959,2025_top
2025-08-15,-51,117455.68,0.941754291549982,-0.06001087542543256,2025_top
2025-08-16,-50,117488.6,0.9420182426103125,-0.05973063876493198,2025_top
2025-08-17,-49,116286.76,0.9323819442400979,-0.0700127368298954,2025_top
2025-08-18,-48,112856.19,0.9048757902596126,-0.09995759303354487,2025_top
2025-08-19,-47,114276.0,0.9162597621602101,-0.08745537136577225,2025_top
2025-08-20,-46,112480.3,0.9018619213632704,-0.10329385116605848,2025_top
2025-08-21,-45,116908.68,0.9373684704685508,-0.06467882914715879,2025_top
2025-08-22,-44,115383.87,0.9251426133512252,-0.07780737675778265,2025_top
2025-08-23,-43,113478.0,0.9098614345130764,-0.09446296083130917,2025_top
2025-08-24,-42,110127.74,0.8829992024540714,-0.12443098160160718,2025_top
2025-08-25,-41,111788.01,0.8963111716805208,-0.10946763647634843,2025_top
2025-08-26,-40,111253.21,0.892023169643319,-0.11426317180301426,2025_top
2025-08-27,-39,112574.85,0.9026200189560479,-0.10245361262397047,2025_top
2025-08-28,-38,108378.32,0.8689724325888476,-0.14044387736280267,2025_top
2025-08-29,-37,108827.93,0.8725773850868773,-0.1363039353292766,2025_top
2025-08-30,-36,108247.95,0.8679271318678491,-0.14164751730674346,2025_top
2025-08-31,-35,109240.55,0.8758857534499855,-0.13251961498705891,2025_top
2025-09-01,-34,111247.94,0.8919809150233936,-0.11431054234470352,2025_top
2025-09-02,-33,111756.41,0.8960578043200579,-0.10975035433806446,2025_top
2025-09-03,-32,110720.79,0.8877542503376962,-0.11906031940616997,2025_top
2025-09-04,-31,110670.02,0.887347178790522,-0.1195189653715556,2025_top
2025-09-05,-30,110212.6,0.8836796060682767,-0.12366071861485073,2025_top
2025-09-06,-29,111129.61,0.8910321504739133,-0.11537476857768572,2025_top
2025-09-07,-28,112072.57,0.8985927607973985,-0.10692533846866986,2025_top
2025-09-08,-27,111549.32,0.8943973661340368,-0.11160512142683164,2025_top
2025-09-09,-26,113983.97,0.9139182789236281,-0.09001412189335405,2025_top
2025-09-10,-25,115540.0,0.9263944565787277,-0.07645515601256198,2025_top
2025-09-11,-24,116106.03,0.9309328593332478,-0.07156812102606996,2025_top
2025-09-12,-23,115968.35,0.9298289473652561,-0.07275463731582495,2025_top
2025-09-13,-22,115314.13,0.9245834412082288,-0.07841197672938541,2025_top
2025-09-14,-21,115381.08,0.9251202432583235,-0.07783155720633114,2025_top
2025-09-15,-20,116832.56,0.9367581437761952,-0.06533014769660207,2025_top
2025-09-16,-19,116484.4,0.9339666127566136,-0.0683145879054779,2025_top
2025-09-17,-18,117117.99,0.9390467085134401,-0.06289005818519271,2025_top
2025-09-18,-17,115690.55,0.9276015596204269,-0.07515299225199401,2025_top
2025-09-19,-16,115752.4,0.9280974701028519,-0.07461851927303881,2025_top
2025-09-20,-15,115282.27,0.9243279891796101,-0.0786883036816078,2025_top
2025-09-21,-14,112736.59,0.903916842907987,-0.10101791075475268,2025_top
2025-09-22,-13,112017.21,0.8981488868393216,-0.1074194261608995,2025_top
2025-09-23,-12,113348.17,0.9088204634874782,-0.09560771422707552,2025_top
2025-09-24,-11,109035.72,0.87424343584101,-0.1343964113985409,2025_top
2025-09-25,-10,109697.29,0.8795478739632083,-0.1283472831271051,2025_top
2025-09-26,-9,109681.16,0.87941854435801,-0.1284943349458144,2025_top
2025-09-27,-8,112197.67,0.8995958068984716,-0.1058097199811256,2025_top
2025-09-28,-7,114365.07,0.916973921362629,-0.08667624621117304,2025_top
2025-09-29,-6,114067.71,0.914589702428855,-0.08927972691969127,2025_top
2025-09-30,-5,118659.97,0.9514102339085868,-0.04980993835840859,2025_top
2025-10-01,-4,120621.32,0.9671362488593458,-0.033415894943923725,2025_top
2025-10-02,-3,122318.4,0.9807433589889167,-0.019444465275159487,2025_top
2025-10-03,-2,122458.56,0.9818671554839321,-0.018299259326705165,2025_top
2025-10-04,-1,123520.79,0.9903840672340759,-0.009662464384279437,2025_top
2025-10-05,0,124720.09,1.0,0.0,2025_top
2025-10-06,1,121393.95,0.9733311610022091,-0.027030904237455366,2025_top
2025-10-07,2,123343.25,0.9889605596019054,-0.011100827222456923,2025_top
2025-10-08,3,121714.51,0.9759013964791077,-0.02439372587037225,2025_top
2025-10-09,4,112980.28,0.9058707382266963,-0.09885865615689049,2025_top
2025-10-10,5,110768.89,0.8881399139465022,-0.11862598765079287,2025_top
2025-10-11,6,115067.98,0.9226098217215847,-0.08054886221642091,2025_top
2025-10-12,7,115274.03,0.9242619212349831,-0.07875978296890992,2025_top
2025-10-13,8,113068.0,0.9065740731906143,-0.09808253873274335,2025_top
2025-10-14,9,110804.12,0.8884223864816005,-0.11830798862828665,2025_top
2025-10-15,10,108198.0,0.8675266350433198,-0.14210906441249177,2025_top
2025-10-16,11,106463.3,0.8536178894675269,-0.15827162154371627,2025_top
2025-10-17,12,107208.91,0.8595961564812855,-0.15129258551125405,2025_top
2025-10-18,13,108676.78,0.8713654712725111,-0.13769379051293068,2025_top
2025-10-19,14,110568.06,0.8865296681553069,-0.12044068741161777,2025_top
2025-10-20,15,108362.27,0.8688437444200049,-0.14059198067865444,2025_top
2025-10-21,16,107585.98,0.8626194865638728,-0.14778160452521033,2025_top
2025-10-22,17,110116.03,0.8829053122075201,-0.12453731832124315,2025_top
2025-10-23,18,111042.13,0.8903307398190621,-0.11616226751450753,2025_top
2025-10-24,19,111666.21,0.8953345848291162,-0.11055779276932573,2025_top
2025-10-25,20,114548.09,0.9184413673851582,-0.08507721154669892,2025_top
2025-10-26,21,114087.06,0.9147448498473663,-0.08911010521906769,2025_top
2025-10-27,22,112906.75,0.9052811780363532,-0.09950968957476412,2025_top
2025-10-28,23,110032.13,0.8822326058295822,-0.12529953231441884,2025_top
2025-10-29,24,108308.18,0.8684100532640732,-0.1410912642784592,2025_top
2025-10-30,25,109555.27,0.8784091640729252,-0.12964277559353454,2025_top
2025-10-31,26,110052.25,0.8823939270730161,-0.125116693350054,2025_top
2025-11-01,27,110536.01,0.8862726927153436,-0.12073059614305348,2025_top
2025-11-02,28,106557.98,0.8543770293943822,-0.15738269620973488,2025_top
2025-11-03,29,101468.15,0.8135670043214369,-0.20632699023064538,2025_top
2025-11-04,30,100291.85,0.8041354845077486,-0.21798751093056398,2025_top
2025-11-05,31,103472.0,0.8296337823361096,-0.1867709016614445,2025_top
2025-11-06,32,101447.93,0.8134048812825584,-0.2065262844419955,2025_top
2025-11-07,33,102882.15,0.8249043919067088,-0.19248778796098717,2025_top
2025-11-08,34,101838.43,0.8165358924933425,-0.20268440857471928,2025_top
2025-11-09,35,106496.49,0.8538840053755574,-0.157959919505799,2025_top
2025-11-10,36,106071.01,0.8504725261182862,-0.16196317087987222,2025_top
2025-11-11,37,102734.93,0.8237239886533115,-0.19391977041261158,2025_top
2025-11-12,38,101945.44,0.8173938937985051,-0.2016341781532844,2025_top
2025-11-13,39,98906.39,0.7930269293423378,-0.23189809910630066,2025_top
2025-11-14,40,94829.23,0.7603364461972405,-0.2739942512963256,2025_top
2025-11-15,41,95095.36,0.7624702644136964,-0.2711917687512265,2025_top
2025-11-16,42,95197.96,0.7632929065397565,-0.2701134333693854,2025_top
2025-11-17,43,91855.7,0.7364948181163115,-0.3058530789272702,2025_top
2025-11-18,44,92184.51,0.7391312017173817,-0.30227983425583793,2025_top
2025-11-19,45,91783.66,0.7359172046780916,-0.3066376602250426,2025_top
2025-11-20,46,87214.0,0.6992778789688173,-0.3577070778788775,2025_top
2025-11-21,47,84826.0,0.6801310037540864,-0.38546984678757096,2025_top
2025-11-22,48,85133.92,0.6825998922868,-0.3818464003079607,2025_top
2025-11-23,49,86499.25,0.6935470460292323,-0.36593620298566826,2025_top
2025-11-24,50,87981.12,0.7054286121826885,-0.3489497003601888,2025_top
2025-11-25,51,87366.12,0.7004975701989952,-0.35596438187776475,2025_top
2025-11-26,52,90635.53,0.7267115506411197,-0.3192256468372901,2025_top
2025-11-27,53,91094.0,0.7303875422155324,-0.3141800059591953,2025_top
2025-11-28,54,90919.78,0.7289906541921194,-0.3160943670939013,2025_top
2025-11-29,55,90946.75,0.7292068984235018,-0.315797775959758,2025_top
2025-11-30,56,87446.89,0.7011451803795202,-0.3550403087124147,2025_top
2025-12-01,57,86628.25,0.6945813621526412,-0.3644459715218801,2025_top
2025-12-02,58,91532.75,0.7339054197282892,-0.3093751146262727,2025_top
2025-12-03,59,93150.03,0.7468726970931467,-0.2918605272569443,2025_top
2025-12-04,60,92353.31,0.7404846324277027,-0.30045039845694516,2025_top
2025-12-05,61,89347.18,0.7163816190318656,-0.3335422665341935,2025_top
2025-12-06,62,89480.46,0.7174502520002993,-0.3320516689433768,2025_top
2025-12-07,63,90435.42,0.7251070777771248,-0.321435941547382,2025_top
2025-12-08,64,90338.37,0.7243289352982346,-0.3225096592508592,2025_top
2025-12-09,65,92243.57,0.7396047421069052,-0.301639367771354,2025_top
2025-12-10,66,91194.97,0.7311971150758471,-0.3130722043151784,2025_top
2025-12-11,67,91784.59,0.7359246613757254,-0.30662752775387725,2025_top
2025-12-12,68,90350.0,0.7244221841084304,-0.3223809293274439,2025_top
2025-12-13,69,90326.01,0.7242298333812941,-0.3226464875511504,2025_top
2025-12-14,70,88460.01,0.7092683303868687,-0.343521360880063,2025_top
2025-12-15,71,85950.0,0.6891431845502998,-0.3723062145368233,2025_top
2025-12-16,72,87599.87,0.7023717670505208,-0.3532924324427018,2025_top
2025-12-17,73,86064.34,0.6900599574615445,-0.3709767902941691,2025_top
2025-12-18,74,85352.25,0.6843504522807833,-0.37928513543404,2025_top
2025-12-19,75,88016.09,0.7057090000496311,-0.34855230769174594,2025_top
2025-12-20,76,88322.39,0.7081648994961437,-0.3450783035146244,2025_top
2025-12-21,77,88716.0,0.7113208465452519,-0.3406316900027182,2025_top
2025-12-22,78,88837.97,0.7122987964489121,-0.3392577976680587,2025_top
2025-12-23,79,87594.74,0.702330634944218,-0.353350995888249,2025_top
2025-12-24,80,87516.0,0.7016993012112163,-0.35425031257558515,2025_top
2025-12-25,81,87159.35,0.6988396977583965,-0.35833389386640446,2025_top
2025-12-26,82,87280.65,0.6998122756325785,-0.3569431575725384,2025_top
2025-12-27,83,87844.66,0.7043344821191198,-0.35050191900979405,2025_top
2025-12-28,84,88029.48,0.7058163604596501,-0.3484001879874463,2025_top
2025-12-29,85,87055.23,0.6980048683415799,-0.3595292015426838,2025_top
2025-12-30,86,88185.26,0.7070653974030968,-0.3466321175004753,2025_top
2025-12-31,87,87696.0,0.7031425330113216,-0.35219565806192094,2025_top
2026-01-01,88,88642.88,0.7107345737162314,-0.3414562329197987,2025_top
2026-01-02,89,90112.01,0.7225139911300577,-0.32501849429715385,2025_top
2026-01-03,90,91351.98,0.7324560141032611,-0.31135198889971527,2025_top
2026-01-04,91,92392.38,0.7407978939078701,-0.30002743865114434,2025_top
2026-01-05,92,93891.94,0.7528212976754587,-0.28392739983132437,2025_top
2026-01-06,93,92771.99,0.7438415895947478,-0.2959271840304931,2025_top
2026-01-07,94,91377.92,0.7326639998415653,-0.3110680725819779,2025_top
2026-01-08,95,91246.53,0.7316105208070328,-0.3125069820234006,2025_top
2026-01-09,96,90476.01,0.7254325265480485,-0.3209872136734043,2025_top
2026-01-10,97,90509.91,0.7257043352037351,-0.3206125988923598,2025_top
2026-01-11,98,91538.05,0.7339479148868479,-0.3093172135300686,2025_top
2026-01-12,99,91293.98,0.7319909727454494,-0.3119870974118289,2025_top
2026-01-13,100,95222.7,0.7634912707327264,-0.2698535876137916,2025_top
2026-01-14,101,96852.91,0.7765622202485583,-0.25287851050045895,2025_top
2026-01-15,102,95569.99,0.7662758261319408,-0.26621308772294444,2025_top
2026-01-16,103,95467.76,0.7654561506490253,-0.2672833474989138,2025_top
2026-01-17,104,95015.57,0.7618305118285275,-0.27203117345757355,2025_top
2026-01-18,105,92624.74,0.7426609458027171,-0.29751566977091404,2025_top
2026-01-19,106,92572.21,0.7422397626557198,-0.2980829577463234,2025_top
2026-01-20,107,88916.02,0.7129245977933467,-0.33837961760564755,2025_top
2026-01-21,108,89936.47,0.7211065194067773,-0.3269684141811723,2025_top
2026-01-22,109,89522.33,0.7177859637529127,-0.3315838549974199,2025_top
2026-01-23,110,89365.99,0.7165324367549768,-0.33333176162211026,2025_top
2026-01-24,111,89155.13,0.7148417708806978,-0.3356940602460253,2025_top
2026-01-25,112,86978.89,0.6973927776992463,-0.3604065008319988,2025_top
2026-01-26,113,88136.48,0.7066742815852682,-0.34718542421403764,2025_top
2026-01-27,114,89296.0,0.7159712601233691,-0.3341152523196037,2025_top
2026-01-28,115,88963.96,0.7133089785294415,-0.33784060246565584,2025_top
2026-01-29,116,83943.96,0.6730588472153926,-0.3959225130183333,2025_top
2026-01-30,117,83986.02,0.6733960823793504,-0.39542158994456794,2025_top
2026-01-31,118,78727.3,0.6312319049801841,-0.46008196418135344,2025_top
2026-02-01,119,77831.33,0.6240480583360708,-0.4715278970141167,2025_top
2026-02-02,120,78938.16,0.632922570854463,-0.4574071852447943,2025_top
2026-02-03,121,76313.98,0.6118820151589051,-0.4912158007434241,2025_top
2026-02-04,122,72853.79,0.5841383693677578,-0.5376173903694013,2025_top
2026-02-05,123,63845.99,0.5119142393178197,-0.6695981693049277,2025_top
2026-02-06,124,69936.2,0.5607452656584837,-0.5784885484913194,2025_top
2026-02-07,125,69199.99,0.5548423674165085,-0.5890712282507384,2025_top
2026-02-08,126,70477.92,0.5650887519404452,-0.5707724770915173,2025_top
2026-02-09,127,69986.8,0.5611509741534023,-0.5777652935267211,2025_top
2026-02-10,128,69219.0,0.5549947887305084,-0.5887965549545454,2025_top
2026-02-11,129,67479.13,0.5410445903302348,-0.6142535814799762,2025_top
2026-02-12,130,66001.99,0.5292009491013037,-0.6363870532786521,2025_top
2026-02-13,131,68970.18,0.5529997613054961,-0.5923977090955264,2025_top
2026-02-14,132,69801.43,0.5596646859379271,-0.5804174497011955,2025_top
2026-02-15,133,68913.72,0.5525470675975298,-0.5932166589969367,2025_top
2026-02-16,134,68810.28,0.551717690389736,-0.5947187939835802,2025_top
2026-02-17,135,67191.37,0.538737343759133,-0.6185271297025159,2025_top
2026-02-18,136,66533.36,0.533461449554759,-0.6283684703549046,2025_top
2026-02-19,137,67214.29,0.538921115275013,-0.6181860726336073,2025_top
2026-02-20,138,67885.32,0.5443014032462613,-0.6082521354702346,2025_top
2026-02-21,139,67969.48,0.544976194292355,-0.6070131654704144,2025_top
2026-02-22,140,66238.9,0.5311004826888756,-0.6328040427067563,2025_top
2026-02-23,141,64743.99,0.5191143624094563,-0.6556310686267594,2025_top
2026-02-24,142,64290.01,0.5154743714505017,-0.6626676926669124,2025_top
2026-02-25,143,68448.27,0.5488151107010908,-0.5999936688731857,2025_top
2026-02-26,144,67068.86,0.5377550641600723,-0.6203520935656279,2025_top
2026-02-27,145,65950.0,0.5287840956497065,-0.6371750672023578,2025_top
2026-02-28,146,66680.36,0.5346400888581784,-0.6261614895774463,2025_top
2026-03-01,147,66474.29,0.5329878289856911,-0.6292566900006699,2025_top
2026-03-02,148,69016.92,0.5533745204962569,-0.591720254437988,2025_top
2026-03-03,149,68222.81,0.5470073826919144,-0.6032929799566935,2025_top
2026-03-04,150,72776.66,0.5835199445414128,-0.538676646963222,2025_top
2026-03-05,151,70955.49,0.568917886444758,-0.5640191673176685,2025_top
2026-03-06,152,68350.0,0.5480271863177777,-0.6014303831957228,2025_top
2026-03-07,153,67193.87,0.5387573886452455,-0.6184899232354919,2025_top
2026-03-08,154,66055.14,0.5296271033800569,-0.6355820985916938,2025_top
2026-03-09,155,68480.54,0.5490738500910318,-0.5995223290492667,2025_top
2026-03-10,156,69847.95,0.5600376811787099,-0.5797512096975411,2025_top
2026-03-11,157,70210.72,0.5629463545127333,-0.5745709404396682,2025_top
2026-03-12,158,70500.54,0.5652701180699917,-0.570451577002325,2025_top
2026-03-13,159,70838.78,0.5679821109814787,-0.5656653555078737,2025_top
2026-03-14,160,71118.53,0.5702251337374756,-0.5617240246649837,2025_top
2026-03-15,161,72953.27,0.5849359954759494,-0.5362528471787518,2025_top
2026-03-16,162,74758.54,0.599410568096928,-0.5118084931289946,2025_top
2026-03-17,163,73845.35,0.5920886522772715,-0.5240989048412495,2025_top
2026-03-18,164,71204.95,0.5709180453606151,-0.5605096078924164,2025_top
2026-03-19,165,69858.95,0.5601258786776052,-0.5795937371600682,2025_top
2026-03-20,166,70560.99,0.5657548034161939,-0.5695945041533287,2025_top
2026-03-21,167,68398.68,0.5484175003401617,-0.6007184201690043,2025_top
2026-03-22,168,67977.71,0.5450421820574376,-0.6068920890434569,2025_top
2026-03-23,169,70906.0,0.5685210778792735,-0.5647168901740648,2025_top
2026-03-24,170,70555.44,0.565710303769024,-0.5696731626058259,2025_top
2026-03-25,171,71277.56,0.5715002290328687,-0.5594903949899265,2025_top
2026-03-26,172,68762.2,0.5513321871400189,-0.5954177710167418,2025_top
2026-03-27,173,66390.02,0.5323121559646085,-0.6305252023844705,2025_top
2026-03-28,174,66392.04,0.5323283522325873,-0.6304947765874894,2025_top
2026-03-29,175,65862.79,0.5280848498425554,-0.6384983077274259,2025_top
2026-03-30,176,66683.77,0.5346674300828359,-0.6261103513890783,2025_top
2026-03-31,177,68133.96,0.5462949874394736,-0.6045961790948764,2025_top
2026-04-01,178,68100.65,0.5460279093769095,-0.6050851884686883,2025_top
2026-04-02,179,66959.99,0.5368821494596421,-0.6219766695273639,2025_top
2026-04-03,180,66911.51,0.536493439028147,-0.6227009461974438,2025_top
2026-04-04,181,67284.16,0.5394813297520873,-0.6171471014590669,2025_top
2026-04-05,182,69279.05,0.5554762668949326,-0.5879293946766501,2025_top
2026-04-06,183,68909.06,0.5525097039298159,-0.5932842820705937,2025_top
2026-04-07,184,71872.04,0.5762667425913499,-0.5511846307048897,2025_top
2026-04-08,185,71015.98,0.5694028925091379,-0.5631670242263785,2025_top
2026-04-09,186,71798.73,0.5756789463509848,-0.552205158490222,2025_top
2026-04-10,187,72905.26,0.5845510534830435,-0.5369111563189009,2025_top
2026-04-11,188,72997.99,0.5852945583987311,-0.5356400398429401,2025_top
2026-04-12,189,70661.26,0.5665587637083969,-0.5681744727227371,2025_top
2026-04-13,190,74505.1,0.5973784977223798,-0.5152043669473594,2025_top
2026-04-14,191,74386.01,0.5964236395275212,-0.5168040598423365,2025_top
2026-04-15,192,74725.02,0.5991418062639308,-0.5122569705476728,2025_top
2026-04-16,193,75124.72,0.602346582655609,-0.5069222806387198,2025_top
2026-04-17,194,75736.82,0.6072543725714118,-0.49880751051415034,2025_top
2026-04-18,195,73823.14,0.5919105735090473,-0.5243997137703241,2025_top
2026-04-19,196,74201.44,0.5949437656756021,-0.5192883893725739,2025_top
2026-04-20,197,75854.66,0.6081992083232141,-0.49725280541151534,2025_top
2026-04-21,198,76434.02,0.6128444904104865,-0.48964406134635324,2025_top
2026-04-22,199,78416.36,0.6287388022250465,-0.4640393673092116,2025_top
2026-04-23,200,78281.09,0.6276542135272674,-0.4657658795607073,2025_top
2026-04-24,201,77490.01,0.6213113701248932,-0.47592292154092153,2025_top
2026-04-25,202,77650.51,0.6225982518133205,-0.4738538288595214,2025_top
2026-04-26,203,78818.4,0.6319623406301262,-0.4589254742212516,2025_top
2026-04-27,204,77302.47,0.6198076829482725,-0.47834603785460317,2025_top
2026-04-28,205,76361.99,0.612266957151811,-0.490586887082912,2025_top
2026-04-29,206,75794.4,0.6077160463883565,-0.4980475350744841,2025_top
2026-04-30,207,76442.08,0.6129091151233134,-0.48953861647946484,2025_top
2026-05-01,208,78285.16,0.6276868466018587,-0.4657138887900153,2025_top
2026-05-02,209,78705.06,0.6310535856733266,-0.46036449821880226,2025_top
2026-05-03,210,78496.31,0.6293798376829266,-0.4630203290515795,2025_top
2026-05-04,211,79926.19,0.6408445503847857,-0.44496836257221717,2025_top
2026-05-05,212,81028.26,0.6496808974400194,-0.43127396365193,2025_top
2026-05-06,213,81476.51,0.653274945520004,-0.4257571885213747,2025_top
2026-05-07,214,80047.2,0.6418148030521786,-0.44345548567337056,2025_top
2026-05-08,215,80150.27,0.6426412136168279,-0.4421686986320755,2025_top
2026-05-09,216,80645.62,0.6466129073511733,-0.43600745201071234,2025_top
2026-05-10,217,82103.78,0.6583043678047378,-0.41808788955426124,2025_top
2026-05-11,218,81734.25,0.655341493098666,-0.4225988157002054,2025_top
2026-05-12,219,80414.77,0.6447619625675383,-0.43887408058506594,2025_top
2026-05-13,220,79371.63,0.63639811356775,-0.45193094674705003,2025_top
2026-05-14,221,79142.38,0.634559997511227,-0.454823437572751,2025_top
2026-05-15,222,79026.0,0.6336268679729145,-0.4562950341207169,2025_top
2026-05-16,223,78183.58,0.6268723827893325,-0.4670122952866843,2025_top
2026-05-17,224,77269.08,0.6195399634493529,-0.47877807079364487,2025_top
2026-05-18,225,76952.14,0.6169987529675451,-0.4828882762010848,2025_top
2026-05-19,226,76799.23,0.6157727275533557,-0.4848773323039828,2025_top
2026-05-20,227,77494.61,0.6213482527153404,-0.4758635608120781,2025_top
2026-05-21,228,77451.06,0.6209990707992593,-0.47642569334726675,2025_top
2026-05-22,229,75478.44,0.605182693501905,-0.5022248938054624,2025_top
2026-05-23,230,76627.99,0.6143997330341888,-0.4871095316634357,2025_top
2026-05-24,231,77078.18,0.6180093359457967,-0.4812517149301426,2025_top
2026-05-25,232,77196.83,0.6189606662406995,-0.4797135523541911,2025_top
2026-05-26,233,75834.53,0.6080378069002356,-0.4975182165475122,2025_top
2026-05-27,234,74422.7,0.5967178182761094,-0.5163109435355896,2025_top
2026-05-28,235,74025.1,0.5935298795887656,-0.521667721483971,2025_top
2026-05-29,236,73897.41,0.5925060669856798,-0.5233941663869974,2025_top
2026-05-30,237,73758.31,0.591390769522376,-0.5252782795273359,2025_top
2026-05-31,238,73688.35,0.5908298334294019,-0.5262272329353002,2025_top
