date,rel_day,price,log_norm,series,rel_plot,log_plot
2021-05-09,-183.0,58410.34,-0.14478369485425363,left_projected,-211.76,-0.05493093382770383
2021-05-10,-182.0,55936.77,-0.1880546781400165,left_projected,-211.04,-0.07134794488632226
2021-05-11,-181.0,56719.0,-0.17416737220759596,left_projected,-210.32,-0.06607910101556191
2021-05-12,-180.0,49095.57,-0.31850781711314985,left_projected,-209.6,-0.12084186581272906
2021-05-13,-179.0,49635.45,-0.30757132762688094,left_projected,-208.88,-0.11669256170163864
2021-05-14,-178.0,49923.92,-0.3017763771913843,left_projected,-208.16,-0.1144939575064112
2021-05-15,-177.0,46984.74,-0.36245375567184984,left_projected,-207.44,-0.13751495490189983
2021-05-16,-176.0,46523.31,-0.37232314649873344,left_projected,-206.72,-0.14125940178161947
2021-05-17,-175.0,43768.74,-0.43335675986245203,left_projected,-206.0,-0.16441555469181432
2021-05-18,-174.0,42989.8,-0.4513137455579448,left_projected,-205.28,-0.17122843506468427
2021-05-19,-173.0,37236.61,-0.5949842066946273,left_projected,-204.56,-0.2257370080199416
2021-05-20,-172.0,40749.78,-0.5048261829113132,left_projected,-203.83999999999997,-0.19153105379655225
2021-05-21,-171.0,37425.0,-0.5899376935049132,left_projected,-203.12,-0.22382236091576407
2021-05-22,-170.0,37383.34,-0.5910514731799235,left_projected,-202.39999999999998,-0.22424492892446296
2021-05-23,-169.0,34927.4,-0.6590050023457084,left_projected,-201.68,-0.2500264978899618
2021-05-24,-168.0,38725.06,-0.5557896881221722,left_projected,-200.95999999999998,-0.21086660767355214
2021-05-25,-167.0,38370.0,-0.5650007195517442,left_projected,-200.24,-0.21436127299793178
2021-05-26,-166.0,39213.41,-0.5432578436775248,left_projected,-199.51999999999998,-0.20611202589125294
2021-05-27,-165.0,38368.17,-0.5650484141996711,left_projected,-198.8,-0.21437936834735521
2021-05-28,-164.0,35770.0,-0.6351670705396789,left_projected,-198.07999999999998,-0.2409823865627542
2021-05-29,-163.0,34621.64,-0.6677977037229516,left_projected,-197.36,-0.2533624487924878
2021-05-30,-162.0,35545.27,-0.6414695284529445,left_projected,-196.64,-0.24337353909504714
2021-05-31,-161.0,37153.71,-0.5972129922225573,left_projected,-195.92000000000002,-0.22658260924923826
2021-06-01,-160.0,36764.58,-0.6077417421362817,left_projected,-195.2,-0.2305772169665053
2021-06-02,-159.0,37501.36,-0.5878994248251932,left_projected,-194.48,-0.22304904177867832
2021-06-03,-158.0,39215.09,-0.5432150021084461,left_projected,-193.76,-0.20609577179994445
2021-06-04,-157.0,36895.48,-0.6041875734919636,left_projected,-193.04,-0.229228765382851
2021-06-05,-156.0,35565.0,-0.6409146156251269,left_projected,-192.32,-0.24316300516817313
2021-06-06,-155.0,35873.42,-0.632279992512536,left_projected,-191.6,-0.23988702915925617
2021-06-07,-154.0,33816.09,-0.6913398990876285,left_projected,-190.88,-0.26229435771384624
2021-06-08,-153.0,33432.26,-0.7027553217150928,left_projected,-190.16,-0.2666253690587062
2021-06-09,-152.0,37357.02,-0.5917557780852782,left_projected,-189.44,-0.22451214220555457
2021-06-10,-151.0,36717.51,-0.6090228708150648,left_projected,-188.72,-0.2310632771872356
2021-06-11,-150.0,37282.15,-0.593761963982342,left_projected,-188.0,-0.22527328913490058
2021-06-12,-149.0,35609.66,-0.6396596744463091,left_projected,-187.28,-0.24268688048492967
2021-06-13,-148.0,39122.03,-0.5455908883747701,left_projected,-186.56,-0.20699718304938777
2021-06-14,-147.0,40496.92,-0.511050701972729,left_projected,-185.83999999999997,-0.19389263632845338
2021-06-15,-146.0,40093.93,-0.5210516725269867,left_projected,-185.12,-0.19768700455673877
2021-06-16,-145.0,38394.4,-0.5643650081849719,left_projected,-184.39999999999998,-0.21412008410537836
2021-06-17,-144.0,38027.63,-0.5739636230340275,left_projected,-183.68,-0.21776179857911004
2021-06-18,-143.0,35777.39,-0.6349604941704702,left_projected,-182.95999999999998,-0.2409040114882764
2021-06-19,-142.0,35498.24,-0.642793506023027,left_projected,-182.24,-0.24387585618513644
2021-06-20,-141.0,35565.82,-0.6408915595152708,left_projected,-181.51999999999998,-0.24315425768009374
2021-06-21,-140.0,31686.69,-0.7563799049160976,left_projected,-180.8,-0.28697053592516747
2021-06-22,-139.0,32508.26,-0.7307824129203772,left_projected,-180.07999999999998,-0.2772588474619911
2021-06-23,-138.0,33688.35,-0.6951245435487625,left_projected,-179.36,-0.2637302518224005
2021-06-24,-137.0,34695.34,-0.6656712398241584,left_projected,-178.64,-0.2525556683892857
2021-06-25,-136.0,31704.87,-0.7558063269666538,left_projected,-177.92000000000002,-0.2867529204511485
2021-06-26,-135.0,32265.95,-0.7382641291866475,left_projected,-177.2,-0.2800974106134141
2021-06-27,-134.0,34596.99,-0.6685099397507965,left_projected,-176.48,-0.2536326711414522
2021-06-28,-133.0,34541.8,-0.6701064389583294,left_projected,-175.76,-0.2542383829407902
2021-06-29,-132.0,35928.75,-0.6307388131595496,left_projected,-175.04,-0.23930230571273314
2021-06-30,-131.0,34995.83,-0.6570477122764085,left_projected,-174.32,-0.24928390203766937
2021-07-01,-130.0,33538.49,-0.6995828892996147,left_projected,-173.6,-0.2654217482002738
2021-07-02,-129.0,33832.49,-0.6908550404159081,left_projected,-172.88,-0.2621104023337955
2021-07-03,-128.0,34633.93,-0.6674427864179892,left_projected,-172.16,-0.25322779316698507
2021-07-04,-127.0,35126.9,-0.6533094050929531,left_projected,-171.44,-0.2478655882922664
2021-07-05,-126.0,33673.22,-0.6955737611146365,left_projected,-170.72,-0.2639006849668931
2021-07-06,-125.0,34193.9,-0.6802293582236407,left_projected,-170.0,-0.2580790185100493
2021-07-07,-124.0,33791.0,-0.692082128967715,left_projected,-169.28,-0.2625759597303511
2021-07-08,-123.0,32878.23,-0.7194658871884148,left_projected,-168.56,-0.2729653575992846
2021-07-09,-122.0,33766.87,-0.6927964795245374,left_projected,-167.84,-0.26284698433160947
2021-07-10,-121.0,33547.19,-0.6993235194892832,left_projected,-167.12,-0.26532334329423407
2021-07-11,-120.0,34236.21,-0.6789927679159079,left_projected,-166.39999999999998,-0.2576098561472955
2021-07-12,-119.0,33096.86,-0.7128382099758048,left_projected,-165.68,-0.27045081686482036
2021-07-13,-118.0,32768.54,-0.7228077150371606,left_projected,-164.95999999999998,-0.2742332470850987
2021-07-14,-117.0,32817.18,-0.7213244650578219,left_projected,-164.24,-0.27367050204293764
2021-07-15,-116.0,31891.09,-0.7499499633790333,left_projected,-163.51999999999998,-0.28453101610600523
2021-07-16,-115.0,31408.78,-0.7651891521477835,left_projected,-162.8,-0.2903127643248691
2021-07-17,-114.0,31503.78,-0.762169085178442,left_projected,-162.07999999999998,-0.2891669509167009
2021-07-18,-113.0,31753.02,-0.7542887848851091,left_projected,-161.36,-0.2861771649854104
2021-07-19,-112.0,30849.9,-0.783143114955548,left_projected,-160.64,-0.2971244978141349
2021-07-20,-111.0,29788.61,-0.8181505181270282,left_projected,-159.92000000000002,-0.31040630657739454
2021-07-21,-110.0,32086.04,-0.7438555792328692,left_projected,-159.2,-0.28221880676095057
2021-07-22,-109.0,32327.95,-0.7363444426824983,left_projected,-158.48000000000002,-0.27936908155373985
2021-07-23,-108.0,33700.0,-0.6947787864522893,left_projected,-157.76,-0.26359907157999857
2021-07-24,-107.0,34275.43,-0.6778478528537598,left_projected,-157.04,-0.2571754753727165
2021-07-25,-106.0,35368.57,-0.6464530511532398,left_projected,-156.32,-0.24526428760753918
2021-07-26,-105.0,37269.12,-0.5941115220819607,left_projected,-155.6,-0.2254059114778959
2021-07-27,-104.0,39381.82,-0.5389723353140897,left_projected,-154.88,-0.20448610401816564
2021-07-28,-103.0,40031.56,-0.5226084807935429,left_projected,-154.16,-0.1982776576130702
2021-07-29,-102.0,40024.94,-0.522773863992036,left_projected,-153.44,-0.19834040399857844
2021-07-30,-101.0,42188.95,-0.47011828539813405,left_projected,-152.72,-0.17836287748005206
2021-07-31,-100.0,41472.42,-0.4872479958172619,left_projected,-152.0,-0.18486188961306918
2021-08-01,-99.0,39816.76,-0.5279886946326241,left_projected,-151.28,-0.2003189107436176
2021-08-02,-98.0,39146.69,-0.5449607515636408,left_projected,-150.56,-0.20675810914324533
2021-08-03,-97.0,38207.27,-0.5692508121693881,left_projected,-149.84,-0.21597375813706585
2021-08-04,-96.0,39730.0,-0.5301700539840977,left_projected,-149.12,-0.20114651848156667
2021-08-05,-95.0,40893.75,-0.5012993841746936,left_projected,-148.39999999999998,-0.19019298635587875
2021-08-06,-94.0,42827.76,-0.45509013334087417,left_projected,-147.68,-0.17266119658952767
2021-08-07,-93.0,44488.87,-0.41703757828127375,left_projected,-146.95999999999998,-0.15822405719991525
2021-08-08,-92.0,43933.26,-0.4296049596074523,left_projected,-146.24,-0.1629921216750674
2021-08-09,-91.0,46208.5,-0.3791128599616679,left_projected,-145.51999999999998,-0.1438354190694568
2021-08-10,-90.0,45565.76,-0.3931200665327253,left_projected,-144.8,-0.14914975324251598
2021-08-11,-89.0,45482.95,-0.39493909335548605,left_projected,-144.07999999999998,-0.1498398920190714
2021-08-12,-88.0,44454.37,-0.4178133539721583,left_projected,-143.36,-0.15851838649703687
2021-08-13,-87.0,47765.41,-0.34597488643448604,left_projected,-142.64,-0.131262871913244
2021-08-14,-86.0,47134.61,-0.3592690731030127,left_projected,-141.92,-0.13630668633528303
2021-08-15,-85.0,47090.0,-0.36021595955514213,left_projected,-141.2,-0.13666593505522093
2021-08-16,-84.0,45930.71,-0.3851426672862636,left_projected,-140.48,-0.14612312796840843
2021-08-17,-83.0,44718.51,-0.41188911394459293,left_projected,-139.76,-0.15627072983057858
2021-08-18,-82.0,44735.2,-0.41151596004871405,left_projected,-139.04,-0.1561291552424821
2021-08-19,-81.0,46736.74,-0.36774604467194694,left_projected,-138.32,-0.13952284934853668
2021-08-20,-80.0,49350.99,-0.3133187973420562,left_projected,-137.6,-0.11887315171157613
2021-08-21,-79.0,48896.95,-0.3225616014631439,left_projected,-136.88,-0.12237987159511679
2021-08-22,-78.0,49328.47,-0.31377522465511515,left_projected,-136.16,-0.1190463202341507
2021-08-23,-77.0,49464.66,-0.31101814860599464,left_projected,-135.44,-0.11800028558111438
2021-08-24,-76.0,47770.4,-0.3458704229876479,left_projected,-134.72,-0.13122323848151363
2021-08-25,-75.0,48985.05,-0.32076147429389185,left_projected,-134.0,-0.12169690334710258
2021-08-26,-74.0,46770.6,-0.3670218234187286,left_projected,-133.28,-0.13924807980506562
2021-08-27,-73.0,49082.04,-0.31878344003951053,left_projected,-132.56,-0.12094643715099031
2021-08-28,-72.0,48963.41,-0.32120333933908163,left_projected,-131.84,-0.12186454694524758
2021-08-29,-71.0,48770.78,-0.32514526077794853,left_projected,-131.12,-0.12336011193915368
2021-08-30,-70.0,46924.16,-0.36374394240395636,left_projected,-130.4,-0.13800445174806106
2021-08-31,-69.0,47065.73,-0.36073148846745606,left_projected,-129.68,-0.13686152672455285
2021-09-01,-68.0,48889.19,-0.3227203151625757,left_projected,-128.96,-0.12244008757268122
2021-09-02,-67.0,49273.33,-0.3148936627718209,left_projected,-128.24,-0.11947065565562885
2021-09-03,-66.0,49919.31,-0.301868721960344,left_projected,-127.52,-0.1145289931117545
2021-09-04,-65.0,49949.07,-0.30127273750799,left_projected,-126.8,-0.11430287661053141
2021-09-05,-64.0,51782.76,-0.26521934847436596,left_projected,-126.08,-0.10062422081117445
2021-09-06,-63.0,52691.2,-0.24782816512869021,left_projected,-125.36,-0.09402600584982507
2021-09-07,-62.0,46943.82,-0.36332505621321354,left_projected,-124.64,-0.13784552632729322
2021-09-08,-61.0,46022.48,-0.38314665104216683,left_projected,-123.92,-0.1453658394053981
2021-09-09,-60.0,46414.58,-0.3746629897985297,left_projected,-123.19999999999999,-0.14214713832956216
2021-09-10,-59.0,44897.75,-0.40788894167658735,left_projected,-122.47999999999999,-0.15475306447209725
2021-09-11,-58.0,45127.48,-0.402785250218967,left_projected,-121.75999999999999,-0.15281672393307608
2021-09-12,-57.0,46010.13,-0.3834150341744964,left_projected,-121.03999999999999,-0.14546766396580393
2021-09-13,-56.0,44969.02,-0.4063028155714269,left_projected,-120.32,-0.15415128822779936
2021-09-14,-55.0,47096.48,-0.3600783601882217,left_projected,-119.6,-0.13661372985541131
2021-09-15,-54.0,48106.71,-0.33885495538875393,left_projected,-118.88,-0.12856157007449326
2021-09-16,-53.0,47772.7,-0.3458222771770046,left_projected,-118.16,-0.13120497196095554
2021-09-17,-52.0,47337.8,-0.35496749313248066,left_projected,-117.44,-0.13467466689446317
2021-09-18,-51.0,48300.04,-0.33484423499507127,left_projected,-116.72,-0.12703990275713004
2021-09-19,-50.0,47270.75,-0.35638491283134976,left_projected,-116.0,-0.1352124359282141
2021-09-20,-49.0,42991.14,-0.4512825758591696,left_projected,-115.28,-0.17121660928096896
2021-09-21,-48.0,40656.13,-0.5071269996778935,left_projected,-114.56,-0.19240398367779282
2021-09-22,-47.0,43544.09,-0.4385026358059572,left_projected,-113.84,-0.16636790002478016
2021-09-23,-46.0,44892.71,-0.4080012030461202,left_projected,-113.12,-0.154795656435698
2021-09-24,-45.0,42816.65,-0.4553495781794182,left_projected,-112.4,-0.17275962996127125
2021-09-25,-44.0,42682.26,-0.45849324657653423,left_projected,-111.68,-0.17395233775113708
2021-09-26,-43.0,43142.04,-0.44777869606777154,left_projected,-110.96,-0.16988723728811253
2021-09-27,-42.0,42214.52,-0.4695123861197688,left_projected,-110.24,-0.1781329992938403
2021-09-28,-41.0,41006.19,-0.49855359289221185,left_projected,-109.52,-0.18915123314330518
2021-09-29,-40.0,41522.49,-0.4860414156529006,left_projected,-108.8,-0.1844041130987105
2021-09-30,-39.0,43834.03,-0.43186616745107503,left_projected,-108.08,-0.16385002393093787
2021-10-01,-38.0,48145.34,-0.3380522711430862,left_projected,-107.36,-0.12825703167168692
2021-10-02,-37.0,47692.85,-0.34749513232991186,left_projected,-106.64,-0.13183965320596858
2021-10-03,-36.0,48179.83,-0.33733615506514014,left_projected,-105.92,-0.12798533723171418
2021-10-04,-35.0,49248.68,-0.31539405858214514,left_projected,-105.2,-0.11966050582606587
2021-10-05,-34.0,51441.74,-0.2718267186368362,left_projected,-104.48,-0.10313105705081567
2021-10-06,-33.0,55278.64,-0.1998900466798749,left_projected,-103.75999999999999,-0.07583828371034454
2021-10-07,-32.0,53844.74,-0.22617190371631937,left_projected,-103.03999999999999,-0.08580962026997158
2021-10-08,-31.0,53983.21,-0.22360355151974448,left_projected,-102.32,-0.08483518744659106
2021-10-09,-30.0,54951.3,-0.20582928537002618,left_projected,-101.6,-0.07809163086938793
2021-10-10,-29.0,54655.3,-0.21123043310356496,left_projected,-100.88,-0.08014082631949254
2021-10-11,-28.0,57440.05,-0.16153482859747775,left_projected,-100.16,-0.061286313969883065
2021-10-12,-27.0,56019.29,-0.18658052810394316,left_projected,-99.44,-0.07078865236263604
2021-10-13,-26.0,57372.59,-0.16270996066940227,left_projected,-98.72,-0.06173215907797122
2021-10-14,-25.0,57327.09,-0.16350333694362815,left_projected,-98.0,-0.06203316603641252
2021-10-15,-24.0,61682.48,-0.09027668784113412,left_projected,-97.28,-0.034250975366926284
2021-10-16,-23.0,60880.85,-0.10335794846239414,left_projected,-96.56,-0.03921400564663234
2021-10-17,-22.0,61541.01,-0.09257284196168855,left_projected,-95.84,-0.03512213624026464
2021-10-18,-21.0,62036.95,-0.08454644854182641,left_projected,-95.12,-0.032076922576768946
2021-10-19,-20.0,64353.53,-0.04788483501816271,left_projected,-94.4,-0.018167506405890932
2021-10-20,-19.0,66005.17,-0.02254355151874175,left_projected,-93.68,-0.00855302344621062
2021-10-21,-18.0,62152.09,-0.08269217810072044,left_projected,-92.96,-0.031373412371413334
2021-10-22,-17.0,60671.75,-0.10679843770341563,left_projected,-92.24,-0.04051932726467589
2021-10-23,-16.0,61308.09,-0.09636481567737036,left_projected,-91.52,-0.03656081106799432
2021-10-24,-15.0,60889.41,-0.1032173558412714,left_projected,-90.8,-0.03916066480617837
2021-10-25,-14.0,63102.83,-0.0675110058238192,left_projected,-90.08,-0.025613675609557008
2021-10-26,-13.0,60341.21,-0.11226133724793555,left_projected,-89.36,-0.04259195135186675
2021-10-27,-12.0,58517.61,-0.14294888923089652,left_projected,-88.64,-0.05423480857420214
2021-10-28,-11.0,60577.62,-0.10835110587662841,left_projected,-87.92,-0.04110840956959282
2021-10-29,-10.0,62316.4,-0.08005199028379067,left_projected,-87.2,-0.030371725113670183
2021-10-30,-9.0,62062.88,-0.08412855916393842,left_projected,-86.48,-0.03191837534679824
2021-10-31,-8.0,61333.45,-0.09595125269762546,left_projected,-85.76,-0.0364039052734791
2021-11-01,-7.0,60950.0,-0.10222276788332474,left_projected,-85.04,-0.03878331813493341
2021-11-02,-6.0,63357.2,-0.0634880692001185,left_projected,-84.32,-0.024087373454524958
2021-11-03,-5.0,62944.4,-0.07002482676903934,left_projected,-83.6,-0.026567419276173527
2021-11-04,-4.0,61499.24,-0.09325180679806763,left_projected,-82.88,-0.03537973549918686
2021-11-05,-3.0,61000.01,-0.10140259570288127,left_projected,-82.16,-0.038472144809673155
2021-11-06,-2.0,61539.3,-0.09260062869703414,left_projected,-81.44,-0.035132678527654754
2021-11-07,-1.0,63433.66,-0.06228198842633989,left_projected,-80.72,-0.023629786408953354
2021-11-08,0.0,67510.06,0.0,left_projected,-80.0,0.0
2021-11-09,1.0,66967.98,-0.008062029102996204,left_projected,-79.28,-0.0030587338416767597
2021-11-10,2.0,64896.86,-0.039477383397362,left_projected,-78.56,-0.014977719260959144
2021-11-11,3.0,64793.69,-0.041068401736989495,left_projected,-77.84,-0.015581351619013814
2021-11-12,4.0,64158.51,-0.050919883714028655,left_projected,-77.12,-0.019319003881102473
2021-11-13,5.0,64482.54,-0.04588213432852588,left_projected,-76.4,-0.01740768176424272
2021-11-14,6.0,65714.05,-0.026963870345732742,left_projected,-75.68,-0.010230092409171002
2021-11-15,7.0,63441.68,-0.06215556511964087,left_projected,-74.96,-0.023581821406391746
2021-11-16,8.0,60147.32,-0.11547973766100385,left_projected,-74.24,-0.043813012468584864
2021-11-17,9.0,60314.28,-0.11270773219353138,left_projected,-73.52,-0.0427613135942258
2021-11-18,10.0,57017.38,-0.16892049017165567,left_projected,-72.8,-0.06408843397112617
2021-11-19,11.0,58187.85,-0.14860005375381577,left_projected,-72.08,-0.056378860394197705
2021-11-20,12.0,59771.71,-0.12174415171328812,left_projected,-71.36,-0.046189731160021515
2021-11-21,13.0,58742.9,-0.1391063291532449,left_projected,-70.64,-0.05277694128074111
2021-11-22,14.0,56254.57,-0.18238934158178252,left_projected,-69.92,-0.0691985161961283
2021-11-23,15.0,57599.99,-0.15875422971988595,left_projected,-69.2,-0.060231354755724734
2021-11-24,16.0,57255.24,-0.16475745718044388,left_projected,-68.48,-0.06250897925426041
2021-11-25,17.0,59022.44,-0.13435891323237148,left_projected,-67.76,-0.05097577168036174
2021-11-26,18.0,53839.39,-0.22627126840458683,left_projected,-67.04,-0.08584731923270025
2021-11-27,19.0,54665.93,-0.21103596035506947,left_projected,-66.32,-0.08006704335871336
2021-11-28,20.0,57471.87,-0.16098101310447582,left_projected,-65.6,-0.06107619637183813
2021-11-29,21.0,57828.33,-0.15479782980256343,left_projected,-64.88,-0.05873029662709257
2021-11-30,22.0,56879.47,-0.1713421562211974,left_projected,-64.16,-0.0650072140703223
2021-12-01,23.0,57228.47,-0.16522512197725903,left_projected,-63.44,-0.06268641127817208
2021-12-02,24.0,56566.29,-0.17686339907036838,left_projected,-62.72,-0.06710197360729776
2021-12-03,25.0,53681.96,-0.22919961914608997,left_projected,-62.0,-0.08695833550402654
2021-12-04,26.0,49335.0,-0.31364285550147536,left_projected,-61.28,-0.11899609937725976
2021-12-05,27.0,49511.76,-0.31006640669503616,left_projected,-60.56,-0.11763919470009672
2021-12-06,28.0,50588.91,-0.28854424149890534,left_projected,-59.84,-0.10947368522468469
2021-12-07,29.0,50676.09,-0.286822422083742,left_projected,-59.120000000000005,-0.1088204269385717
2021-12-08,30.0,50531.51,-0.2896795217156026,left_projected,-58.400000000000006,-0.10990441053889963
2021-12-09,31.0,47639.07,-0.34862340092463046,left_projected,-57.68,-0.1322677183108048
2021-12-10,32.0,47268.48,-0.3564329352237563,left_projected,-56.96,-0.13523065562389314
2021-12-11,33.0,49432.46,-0.3116693303823263,left_projected,-56.24,-0.1182473439470546
2021-12-12,34.0,50065.39,-0.2989466728080153,left_projected,-55.519999999999996,-0.113420367663361
2021-12-13,35.0,46639.86,-0.3698210834881393,left_projected,-54.8,-0.14031011907540006
2021-12-14,36.0,48343.16,-0.3339518803780603,left_projected,-54.08,-0.12670134341543607
2021-12-15,37.0,48885.97,-0.3227861805623597,left_projected,-53.36,-0.12246507690535927
2021-12-16,38.0,47605.48,-0.34932874314930595,left_projected,-52.64,-0.13253532515084668
2021-12-17,39.0,46240.15,-0.3784281555071082,left_projected,-51.92,-0.14357564219939684
2021-12-18,40.0,46813.13,-0.36611290467979923,left_projected,-51.2,-0.13890323603551583
2021-12-19,41.0,46683.77,-0.3688800570141305,left_projected,-50.480000000000004,-0.13995309363116112
2021-12-20,42.0,46963.71,-0.36290144800421414,left_projected,-49.760000000000005,-0.13768480937279884
2021-12-21,43.0,48954.47,-0.3213859413321976,left_projected,-49.040000000000006,-0.12193382614143577
2021-12-22,44.0,48646.94,-0.32768771540959557,left_projected,-48.32,-0.12432471922640057
2021-12-23,45.0,50840.46,-0.28358412953657913,left_projected,-47.6,-0.10759181874617813
2021-12-24,46.0,50815.7,-0.28407126185575443,left_projected,-46.88,-0.10777663674807324
2021-12-25,47.0,50395.07,-0.2923832709780397,left_projected,-46.160000000000004,-0.11093021300906826
2021-12-26,48.0,50841.73,-0.283559149744148,left_projected,-45.44,-0.10758234141292974
2021-12-27,49.0,50663.26,-0.28707563073504155,left_projected,-44.72,-0.10891649430087477
2021-12-28,50.0,47594.55,-0.3495583649266945,left_projected,-44.0,-0.1326224436531879
2021-12-29,51.0,46518.8,-0.3724200918496832,left_projected,-43.28,-0.14129618284776982
2021-12-30,52.0,47097.85,-0.36004927138850124,left_projected,-42.56,-0.13660269356479737
2021-12-31,53.0,46244.63,-0.3783312747013474,left_projected,-41.84,-0.1435388856216912
2022-01-01,54.0,47748.83,-0.346322059801861,left_projected,-41.120000000000005,-0.13139458948882607
2022-01-02,55.0,47258.52,-0.35664366866577535,left_projected,-40.4,-0.13531060789179516
2022-01-03,56.0,46519.76,-0.3723994552448167,left_projected,-39.68,-0.14128835331988346
2022-01-04,57.0,45889.4,-0.3860424702332913,left_projected,-38.96,-0.14646451320651072
2022-01-05,58.0,43422.85,-0.44129082355967625,left_projected,-38.24,-0.16742573845854117
2022-01-06,59.0,43133.33,-0.4479806076916704,left_projected,-37.52,-0.16996384255821975
2022-01-07,60.0,41656.16,-0.48282736697409206,left_projected,-36.800000000000004,-0.18318470302997053
2022-01-08,61.0,41667.48,-0.48255565536692646,left_projected,-36.08,-0.18308161564621192
2022-01-09,62.0,41838.78,-0.47845296317886976,left_projected,-35.36,-0.18152505423006318
2022-01-10,63.0,41872.47,-0.47764805340105804,left_projected,-34.64,-0.18121967146036141
2022-01-11,64.0,42771.24,-0.4564107097077448,left_projected,-33.92,-0.17316222326311836
2022-01-12,65.0,43884.25,-0.43072113803447176,left_projected,-33.2,-0.16341559977027859
2022-01-13,66.0,42617.64,-0.4600083717375681,left_projected,-32.480000000000004,-0.17452717623723335
2022-01-14,67.0,43158.68,-0.44739306776232485,left_projected,-31.760000000000005,-0.16974092990902606
2022-01-15,68.0,43082.34,-0.44916345544881575,left_projected,-31.04,-0.1704126149972807
2022-01-16,69.0,43137.67,-0.44787999450754934,left_projected,-30.32,-0.16992566991616423
2022-01-17,70.0,42285.47,-0.4678330955855723,left_projected,-29.6,-0.17749587646516612
2022-01-18,71.0,42411.61,-0.464854478300037,left_projected,-28.880000000000003,-0.17636578906703404
2022-01-19,72.0,41723.49,-0.48121234425248743,left_projected,-28.160000000000004,-0.18257196340939374
2022-01-20,73.0,40696.22,-0.5061414103680519,left_projected,-27.440000000000005,-0.1920300510936389
2022-01-21,74.0,36513.29,-0.6146003199049285,left_projected,-26.72,-0.23317936137192988
2022-01-22,75.0,35108.16,-0.6538430417252762,left_projected,-26.0,-0.24806805003056978
2022-01-23,76.0,36233.04,-0.6223052140604942,left_projected,-25.28,-0.2361025982145515
2022-01-24,77.0,36643.49,-0.6110408374490699,left_projected,-24.560000000000002,-0.23182889372817714
2022-01-25,78.0,36976.64,-0.6019902619039229,left_projected,-23.840000000000003,-0.22839510536634836
2022-01-26,79.0,36838.9,-0.6057222717183606,left_projected,-23.120000000000005,-0.229811029889946
2022-01-27,80.0,37139.68,-0.597590683970552,left_projected,-22.400000000000006,-0.22672590549842744
2022-01-28,81.0,37677.8,-0.5832055622188855,left_projected,-21.68,-0.22126819030584519
2022-01-29,82.0,38166.62,-0.5703153121925917,left_projected,-20.96,-0.2163776294458693
2022-01-30,83.0,37918.6,-0.5768348669365617,left_projected,-20.240000000000002,-0.21885114851573154
2022-01-31,84.0,38430.3,-0.5634304128630734,left_projected,-19.520000000000003,-0.21376549864025005
2022-02-01,85.0,38745.11,-0.5552720695227121,left_projected,-18.800000000000004,-0.210670223176917
2022-02-02,86.0,36905.98,-0.6039030262737691,left_projected,-18.080000000000005,-0.22912080816826802
2022-02-03,87.0,37238.31,-0.5949385537419208,left_projected,-17.36,-0.22571968728968478
2022-02-04,88.0,41545.39,-0.48549005932648137,left_projected,-16.64,-0.18419492850846703
2022-02-05,89.0,41447.5,-0.48784905767912207,left_projected,-15.920000000000002,-0.18508993248345892
2022-02-06,90.0,42496.61,-0.4628523157674898,left_projected,-15.200000000000003,-0.17560616860218564
2022-02-07,91.0,43897.96,-0.43040877405750017,left_projected,-14.480000000000004,-0.16329708887741556
2022-02-08,92.0,44147.59,-0.42473828488700754,left_projected,-13.760000000000005,-0.16114570528613067
2022-02-09,93.0,44402.94,-0.4189709403484068,left_projected,-13.040000000000006,-0.15895757476818556
2022-02-10,94.0,43477.29,-0.4400378910069361,left_projected,-12.320000000000007,-0.16695037584803155
2022-02-11,95.0,42391.54,-0.46532780978299987,left_projected,-11.600000000000009,-0.17654537103167015
2022-02-12,96.0,42217.48,-0.46944227052375737,left_projected,-10.879999999999995,-0.17810639743671355
2022-02-13,97.0,42097.33,-0.4722923055609834,left_projected,-10.159999999999997,-0.1791877007298371
2022-02-14,98.0,42572.56,-0.46106670953247314,left_projected,-9.439999999999998,-0.17492870959662032
2022-02-15,99.0,44469.73,-0.4174678908153142,left_projected,-8.719999999999999,-0.15838731777533022
2022-02-16,100.0,43897.22,-0.4304256314749578,left_projected,-8.0,-0.16330348458159902
2022-02-17,101.0,40553.82,-0.5096466430005927,left_projected,-7.280000000000001,-0.1933599363544249
2022-02-18,102.0,39993.11,-0.523569434533404,left_projected,-6.560000000000002,-0.19864224346197348
2022-02-19,103.0,40089.18,-0.5211701513439234,left_projected,-5.840000000000003,-0.19773195541988456
2022-02-20,104.0,38426.4,-0.5635319004367878,left_projected,-5.1200000000000045,-0.2138040030257173
2022-02-21,105.0,37075.4,-0.5993229469034747,left_projected,-4.400000000000006,-0.2273831260551783
2022-02-22,106.0,38261.46,-0.5678335005683903,left_projected,-3.680000000000007,-0.2154360301156473
2022-02-23,107.0,37225.0,-0.5952960452405325,left_projected,-2.960000000000008,-0.22585531956425803
2022-02-24,108.0,38367.61,-0.5650630097377632,left_projected,-2.240000000000009,-0.21438490589450737
2022-02-25,109.0,39212.8,-0.5432733997014615,left_projected,-1.519999999999996,-0.2061179278467345
2022-02-26,110.0,39138.21,-0.5451773961536747,left_projected,-0.7999999999999972,-0.20684030410070417
2022-02-27,111.0,37700.0,-0.5826165293566402,left_projected,-0.0799999999999983,-0.2210447112379093
2022-02-28,112.0,43206.02,-0.44629678641725634,left_projected,0.6400000000000006,-0.16932500076670706
2022-03-01,113.0,44412.2,-0.4187624173413261,left_projected,1.3599999999999994,-0.15887846113929913
2022-03-02,114.0,43862.75,-0.43121118328799046,left_projected,2.0799999999999983,-0.1636015229394636
2022-03-03,115.0,42432.0,-0.46437382924720805,left_projected,2.799999999999997,-0.17618343081639073
2022-03-04,116.0,39205.77,-0.5434526939685933,left_projected,3.519999999999996,-0.2061859520916843
2022-03-05,117.0,39390.89,-0.5387420525158951,left_projected,4.239999999999995,-0.20439873472453063
2022-03-06,118.0,38432.11,-0.56338331571896,left_projected,4.959999999999994,-0.21374762998377345
2022-03-07,119.0,38004.69,-0.5745670506473393,left_projected,5.679999999999993,-0.21799073901560054
2022-03-08,120.0,38724.21,-0.5558116379739922,left_projected,6.3999999999999915,-0.21087493544733266
2022-03-09,121.0,41985.86,-0.47494372887884884,left_projected,7.11999999999999,-0.18019365073663526
2022-03-10,122.0,39454.87,-0.537119136735951,left_projected,7.840000000000003,-0.20378300047761982
2022-03-11,123.0,38670.76,-0.5571928649063782,left_projected,8.560000000000002,-0.2113989729454799
2022-03-12,124.0,38767.98,-0.5546819756259618,left_projected,9.280000000000001,-0.2104463415524899
2022-03-13,125.0,37780.14,-0.580493056079735,left_projected,10.0,-0.22023906547665148
2022-03-14,126.0,39644.88,-0.5323148139542369,left_projected,10.719999999999999,-0.20196024041423746
2022-03-15,127.0,39361.36,-0.5394919993779599,left_projected,11.439999999999998,-0.204683264563998
2022-03-16,128.0,41109.85,-0.4960288716547384,left_projected,12.159999999999997,-0.18819335390580777
2022-03-17,129.0,40964.07,-0.49958128278137587,left_projected,12.879999999999995,-0.189541138687254
2022-03-18,130.0,41806.03,-0.4792360363109274,left_projected,13.599999999999994,-0.18182215217636588
2022-03-19,131.0,42219.55,-0.4693932399029407,left_projected,14.319999999999993,-0.1780877952191757
2022-03-20,132.0,41271.13,-0.49211339975703794,left_projected,15.039999999999992,-0.1867078238678202
2022-03-21,133.0,41009.98,-0.49846117209268653,left_projected,15.759999999999991,-0.1891161686919653
2022-03-22,134.0,42359.88,-0.4660749359426021,left_projected,16.47999999999999,-0.17682883069662322
2022-03-23,135.0,42940.28,-0.4524663106546349,left_projected,17.200000000000003,-0.17166571826236848
2022-03-24,136.0,43979.48,-0.4285534623100507,left_projected,17.92,-0.16259318360043323
2022-03-25,137.0,44355.11,-0.4200487018501483,left_projected,18.64,-0.15936647748194627
2022-03-26,138.0,44548.42,-0.41569993629151136,left_projected,19.36,-0.1577165558289994
2022-03-27,139.0,46819.78,-0.36597086060552697,left_projected,20.08,-0.13884934451373693
2022-03-28,140.0,47191.31,-0.35806685833894497,left_projected,20.799999999999997,-0.13585056605379572
2022-03-29,141.0,47430.74,-0.3530060821031234,left_projected,21.519999999999996,-0.13393050754992503
2022-03-30,142.0,47022.82,-0.36164360801813383,left_projected,22.239999999999995,-0.13720758488207999
2022-03-31,143.0,45475.83,-0.39509564778628514,left_projected,22.959999999999994,-0.1498992887701166
2022-04-01,144.0,46222.43,-0.378811445703357,left_projected,23.679999999999993,-0.14372106249985364
2022-04-02,145.0,45871.46,-0.38643348662587035,left_projected,24.39999999999999,-0.14661286482585523
2022-04-03,146.0,46358.05,-0.37588166834620956,left_projected,25.11999999999999,-0.14260950497055191
2022-04-04,147.0,46568.89,-0.37134390218734553,left_projected,25.83999999999999,-0.1408878764898789
2022-04-05,148.0,45449.25,-0.3956803049734362,left_projected,26.560000000000002,-0.1501211077069217
2022-04-06,149.0,43206.04,-0.4462963235189062,left_projected,27.28,-0.169324825143073
2022-04-07,150.0,43432.08,-0.44107828524930637,left_projected,28.0,-0.16734510142358686
2022-04-08,151.0,42281.5,-0.4679269856706237,left_projected,28.72,-0.17753149836343463
2022-04-09,152.0,42773.37,-0.4563609111289577,left_projected,29.439999999999998,-0.17314332968232657
2022-04-10,153.0,42177.2,-0.47039683313501596,left_projected,30.159999999999997,-0.17846855849142507
2022-04-11,154.0,39615.2,-0.5330637408134393,left_projected,30.879999999999995,-0.20224438326461888
2022-04-12,155.0,40105.2,-0.5207706220947891,left_projected,31.599999999999994,-0.197580374022763
2022-04-13,156.0,41101.04,-0.4962431984923075,left_projected,32.31999999999999,-0.1882746695079815
2022-04-14,157.0,39910.05,-0.5256484519319051,left_projected,33.03999999999999,-0.1994310226629648
2022-04-15,158.0,40566.6,-0.5093315558719578,left_projected,33.75999999999999,-0.19324039229782078
2022-04-16,159.0,40378.25,-0.5139853501513248,left_projected,34.47999999999999,-0.19500604184741266
2022-04-17,160.0,39670.73,-0.5316629876387041,left_projected,35.19999999999999,-0.20171293751012434
2022-04-18,161.0,40817.48,-0.5031662027784557,left_projected,35.92,-0.1909012573341461
2022-04-19,162.0,41480.25,-0.48705921346647674,left_projected,36.64,-0.18479026558918127
2022-04-20,163.0,41350.25,-0.49019815640996756,left_projected,37.36,-0.1859811805419417
2022-04-21,164.0,40464.52,-0.5118510830363474,left_projected,38.08,-0.1941963009039902
2022-04-22,165.0,39708.2,-0.5307189083274051,left_projected,38.8,-0.2013547538194175
2022-04-23,166.0,39468.1,-0.536783873120709,left_projected,39.519999999999996,-0.203655801461997
2022-04-24,167.0,39489.71,-0.5362364921703109,left_projected,40.239999999999995,-0.20344812512941596
2022-04-25,168.0,40490.41,-0.5112114678607762,left_projected,40.959999999999994,-0.1939536309063785
2022-04-26,169.0,38102.78,-0.5719893784605653,left_projected,41.67999999999999,-0.2170127701879385
2022-04-27,170.0,39188.42,-0.5438953288190401,left_projected,42.39999999999999,-0.20635388775394384
2022-04-28,171.0,39737.71,-0.5299760129069309,left_projected,43.11999999999999,-0.20107289929688957
2022-04-29,172.0,38597.17,-0.5590976660897502,left_projected,43.83999999999999,-0.21212165451445122
2022-04-30,173.0,37658.53,-0.5837171348006733,left_projected,44.56,-0.22146228094337547
2022-05-01,174.0,38496.42,-0.5617113738534142,left_projected,45.28,-0.21311329523998535
2022-05-02,175.0,38488.36,-0.5619207658924494,left_projected,46.0,-0.21319273857959534
2022-05-03,176.0,37708.41,-0.5823934773115204,left_projected,46.72,-0.22096008529199082
2022-05-04,177.0,39671.83,-0.5316352597710864,left_projected,47.44,-0.20170241755715018
2022-05-05,178.0,36516.79,-0.6145044689897253,left_projected,48.16,-0.2331429955347018
2022-05-06,179.0,36013.22,-0.6283905305418509,left_projected,48.879999999999995,-0.23841136728757825
2022-05-07,180.0,35445.54,-0.6442791897487472,left_projected,49.599999999999994,-0.2444395245906747
2022-05-08,181.0,34089.76,-0.6832795778733141,left_projected,50.31999999999999,-0.25923627184513537
2022-05-09,182.0,30176.73,-0.8052055262417734,left_projected,51.03999999999999,-0.30549497665612885
2022-05-10,183.0,30961.83,-0.7795214683087873,left_projected,51.75999999999999,-0.2957504450763539
2025-04-05,-183.0,78370.75,-0.46462117535818426,right_actual,-183.0,-0.46462117535818426
2025-04-06,-182.0,79140.01,-0.45485338405005893,right_actual,-182.0,-0.45485338405005893
2025-04-07,-181.0,76251.64,-0.49203302291273704,right_actual,-181.0,-0.49203302291273704
2025-04-08,-180.0,82594.75,-0.4121258271807623,right_actual,-180.0,-0.4121258271807623
2025-04-09,-179.0,79552.34,-0.44965677655253833,right_actual,-179.0,-0.44965677655253833
2025-04-10,-178.0,83380.47,-0.40265783708554986,right_actual,-178.0,-0.40265783708554986
2025-04-11,-177.0,85271.01,-0.38023740895336217,right_actual,-177.0,-0.38023740895336217
2025-04-12,-176.0,83733.07,-0.3984379453491512,right_actual,-176.0,-0.3984379453491512
2025-04-13,-175.0,84590.36,-0.3882516342366131,right_actual,-175.0,-0.3882516342366131
2025-04-14,-174.0,83629.78,-0.39967226961064684,right_actual,-174.0,-0.39967226961064684
2025-04-15,-173.0,84028.72,-0.3949133011965768,right_actual,-173.0,-0.3949133011965768
2025-04-16,-172.0,84961.97,-0.3838682017585784,right_actual,-172.0,-0.3838682017585784
2025-04-17,-171.0,84466.47,-0.38971729548411177,right_actual,-171.0,-0.38971729548411177
2025-04-18,-170.0,85074.99,-0.38253884352206297,right_actual,-170.0,-0.38253884352206297
2025-04-19,-169.0,85177.34,-0.3813365103460084,right_actual,-169.0,-0.3813365103460084
2025-04-20,-168.0,87522.07,-0.35418095623496226,right_actual,-168.0,-0.35418095623496226
2025-04-21,-167.0,93489.1,-0.28822709440683664,right_actual,-167.0,-0.28822709440683664
2025-04-22,-166.0,93740.92,-0.2855371395390815,right_actual,-166.0,-0.2855371395390815
2025-04-23,-165.0,94021.96,-0.28254357435860794,right_actual,-165.0,-0.28254357435860794
2025-04-24,-164.0,94708.79,-0.2752651310513275,right_actual,-164.0,-0.2752651310513275
2025-04-25,-163.0,94666.64,-0.27571027856276564,right_actual,-163.0,-0.27571027856276564
2025-04-26,-162.0,93780.57,-0.2851142546676901,right_actual,-162.0,-0.2851142546676901
2025-04-27,-161.0,95042.57,-0.27174704987116327,right_actual,-161.0,-0.27174704987116327
2025-04-28,-160.0,94271.09,-0.27989737849131857,right_actual,-160.0,-0.27989737849131857
2025-04-29,-159.0,94182.54,-0.28083713228132867,right_actual,-159.0,-0.28083713228132867
2025-04-30,-158.0,96524.98,-0.2562701114156101,right_actual,-158.0,-0.2562701114156101
2025-05-01,-157.0,96929.81,-0.2520848380405338,right_actual,-157.0,-0.2520848380405338
2025-05-02,-156.0,95861.33,-0.26316927833027787,right_actual,-156.0,-0.26316927833027787
2025-05-03,-155.0,94272.55,-0.27988189136059344,right_actual,-155.0,-0.27988189136059344
2025-05-04,-154.0,94733.99,-0.2749990876566027,right_actual,-154.0,-0.2749990876566027
2025-05-05,-153.0,96839.17,-0.25302038517105,right_actual,-153.0,-0.25302038517105
2025-05-06,-152.0,97058.32,-0.2507599114195161,right_actual,-152.0,-0.2507599114195161
2025-05-07,-151.0,103253.49,-0.18888491364301102,right_actual,-151.0,-0.18888491364301102
2025-05-08,-150.0,102986.96,-0.19146956809249555,right_actual,-150.0,-0.19146956809249555
2025-05-09,-149.0,104821.19,-0.1738160002608356,right_actual,-149.0,-0.1738160002608356
2025-05-10,-148.0,104137.62,-0.18035865274266746,right_actual,-148.0,-0.18035865274266746
2025-05-11,-147.0,102800.21,-0.19328455054514676,right_actual,-147.0,-0.19328455054514676
2025-05-12,-146.0,104131.06,-0.18042164829247526,right_actual,-146.0,-0.18042164829247526
2025-05-13,-145.0,103545.38,-0.1860619756468919,right_actual,-145.0,-0.1860619756468919
2025-05-14,-144.0,103786.43,-0.18373671635735322,right_actual,-144.0,-0.18373671635735322
2025-05-15,-143.0,103500.03,-0.18650004380522725,right_actual,-143.0,-0.18650004380522725
2025-05-16,-142.0,103161.07,-0.1897803931690274,right_actual,-142.0,-0.1897803931690274
2025-05-17,-141.0,106473.46,-0.1581761941500835,right_actual,-141.0,-0.1581761941500835
2025-05-18,-140.0,105616.18,-0.16626036713348957,right_actual,-140.0,-0.16626036713348957
2025-05-19,-139.0,106883.24,-0.15433492266555968,right_actual,-139.0,-0.15433492266555968
2025-05-20,-138.0,109699.54,-0.12832677234761866,right_actual,-138.0,-0.12832677234761866
2025-05-21,-137.0,111722.53,-0.11005355964465455,right_actual,-137.0,-0.11005355964465455
2025-05-22,-136.0,107329.61,-0.15016737953206918,right_actual,-136.0,-0.15016737953206918
2025-05-23,-135.0,107794.01,-0.1458498552973332,right_actual,-135.0,-0.1458498552973332
2025-05-24,-134.0,109048.68,-0.13427755833050622,right_actual,-134.0,-0.13427755833050622
2025-05-25,-133.0,109464.32,-0.13047329495691953,right_actual,-133.0,-0.13047329495691953
2025-05-26,-132.0,108978.46,-0.13492169834379017,right_actual,-132.0,-0.13492169834379017
2025-05-27,-131.0,107819.29,-0.14561536141299636,right_actual,-131.0,-0.14561536141299636
2025-05-28,-130.0,105572.58,-0.16667326790168796,right_actual,-130.0,-0.16667326790168796
2025-05-29,-129.0,104033.26,-0.18136129065958084,right_actual,-129.0,-0.18136129065958084
2025-05-30,-128.0,104645.87,-0.17548996313537493,right_actual,-128.0,-0.17548996313537493
2025-05-31,-127.0,105697.94,-0.1654865427995562,right_actual,-127.0,-0.1654865427995562
2025-06-01,-126.0,105904.94,-0.16353004706536922,right_actual,-126.0,-0.16353004706536922
2025-06-02,-125.0,105447.82,-0.1678557129594774,right_actual,-125.0,-0.1678557129594774
2025-06-03,-124.0,104753.38,-0.17446312078090997,right_actual,-124.0,-0.17446312078090997
2025-06-04,-123.0,101570.2,-0.2053217613308506,right_actual,-123.0,-0.2053217613308506
2025-06-05,-122.0,104397.99,-0.17786152397604527,right_actual,-122.0,-0.17786152397604527
2025-06-06,-121.0,105619.02,-0.1662334776756702,right_actual,-121.0,-0.1662334776756702
2025-06-07,-120.0,105784.4,-0.16466888582813258,right_actual,-120.0,-0.16466888582813258
2025-06-08,-119.0,110301.15,-0.12285759404996881,right_actual,-119.0,-0.12285759404996881
2025-06-09,-118.0,110300.24,-0.12286584422463902,right_actual,-118.0,-0.12286584422463902
2025-06-10,-117.0,108669.37,-0.13776197667590495,right_actual,-117.0,-0.13776197667590495
2025-06-11,-116.0,105721.05,-0.1652679247833407,right_actual,-116.0,-0.1652679247833407
2025-06-12,-115.0,106118.7,-0.1615136674538767,right_actual,-115.0,-0.1615136674538767
2025-06-13,-114.0,105465.42,-0.16768881969055932,right_actual,-114.0,-0.16768881969055932
2025-06-14,-113.0,105599.25,-0.16642067739146893,right_actual,-113.0,-0.16642067739146893
2025-06-15,-112.0,106853.38,-0.15461433197028487,right_actual,-112.0,-0.15461433197028487
2025-06-16,-111.0,104590.44,-0.17601979470520798,right_actual,-111.0,-0.17601979470520798
2025-06-17,-110.0,104915.6,-0.1729157289600636,right_actual,-110.0,-0.1729157289600636
2025-06-18,-109.0,104671.9,-0.17524125037549612,right_actual,-109.0,-0.17524125037549612
2025-06-19,-108.0,103317.8,-0.18826227143481586,right_actual,-108.0,-0.18826227143481586
2025-06-20,-107.0,102160.03,-0.19953144098443215,right_actual,-107.0,-0.19953144098443215
2025-06-21,-106.0,100996.87,-0.21098242010363497,right_actual,-106.0,-0.21098242010363497
2025-06-22,-105.0,105419.39,-0.16812536133365816,right_actual,-105.0,-0.16812536133365816
2025-06-23,-104.0,106141.0,-0.16130354749156603,right_actual,-104.0,-0.16130354749156603
2025-06-24,-103.0,107400.22,-0.14950971587588296,right_actual,-103.0,-0.14950971587588296
2025-06-25,-102.0,107029.64,-0.15296614091798588,right_actual,-102.0,-0.15296614091798588
2025-06-26,-101.0,107113.38,-0.1521840467430886,right_actual,-101.0,-0.1521840467430886
2025-06-27,-100.0,107352.2,-0.14995692853872816,right_actual,-100.0,-0.14995692853872816
2025-06-28,-99.0,108386.44,-0.14036895743574626,right_actual,-99.0,-0.14036895743574626
2025-06-29,-98.0,107173.21,-0.15162563567728463,right_actual,-98.0,-0.15162563567728463
2025-06-30,-97.0,105711.78,-0.16535561220639552,right_actual,-97.0,-0.16535561220639552
2025-07-01,-96.0,108888.32,-0.13574917654072677,right_actual,-96.0,-0.13574917654072677
2025-07-02,-95.0,109628.83,-0.12897155899742413,right_actual,-95.0,-0.12897155899742413
2025-07-03,-94.0,108028.6,-0.14367593948390103,right_actual,-94.0,-0.14367593948390103
2025-07-04,-93.0,108246.65,-0.14165952684416402,right_actual,-93.0,-0.14165952684416402
2025-07-05,-92.0,109217.98,-0.1327262445938801,right_actual,-92.0,-0.1327262445938801
2025-07-06,-91.0,108269.84,-0.14144531683098052,right_actual,-91.0,-0.14144531683098052
2025-07-07,-90.0,108958.04,-0.13510909237883953,right_actual,-90.0,-0.13510909237883953
2025-07-08,-89.0,111282.85,-0.11399678800728,right_actual,-89.0,-0.11399678800728
2025-07-09,-88.0,116031.3,-0.07221196407002599,right_actual,-88.0,-0.07221196407002599
2025-07-10,-87.0,117582.16,-0.05893462308913899,right_actual,-87.0,-0.05893462308913899
2025-07-11,-86.0,117472.65,-0.059866405833114616,right_actual,-86.0,-0.059866405833114616
2025-07-12,-85.0,119130.81,-0.0458498132826389,right_actual,-85.0,-0.0458498132826389
2025-07-13,-84.0,119863.71,-0.03971659903642826,right_actual,-84.0,-0.03971659903642826
2025-07-14,-83.0,117781.64,-0.05723954468061858,right_actual,-83.0,-0.05723954468061858
2025-07-15,-82.0,118681.68,-0.04962699533041041,right_actual,-82.0,-0.04962699533041041
2025-07-16,-81.0,119273.69,-0.04465117804625168,right_actual,-81.0,-0.04465117804625168
2025-07-17,-80.0,118023.05,-0.05519200199314085,right_actual,-80.0,-0.05519200199314085
2025-07-18,-79.0,117914.17,-0.05611495944537432,right_actual,-79.0,-0.05611495944537432
2025-07-19,-78.0,117312.7,-0.06122892717224523,right_actual,-78.0,-0.06122892717224523
2025-07-20,-77.0,117428.79,-0.060239839052678545,right_actual,-77.0,-0.060239839052678545
2025-07-21,-76.0,120026.42,-0.03836006115009256,right_actual,-76.0,-0.03836006115009256
2025-07-22,-75.0,118810.44,-0.0485426645103726,right_actual,-75.0,-0.0485426645103726
2025-07-23,-74.0,118397.04,-0.05202822422828139,right_actual,-74.0,-0.05202822422828139
2025-07-24,-73.0,117633.27,-0.05850004274885785,right_actual,-73.0,-0.05850004274885785
2025-07-25,-72.0,117969.63,-0.05564472790745663,right_actual,-72.0,-0.05564472790745663
2025-07-26,-71.0,119465.52,-0.04304415219336464,right_actual,-71.0,-0.04304415219336464
2025-07-27,-70.0,118070.59,-0.054789280423491495,right_actual,-70.0,-0.054789280423491495
2025-07-28,-69.0,117933.39,-0.05595197281076552,right_actual,-69.0,-0.05595197281076552
2025-07-29,-68.0,117830.15,-0.05682776562078926,right_actual,-68.0,-0.05682776562078926
2025-07-30,-67.0,115761.13,-0.0745431025144231,right_actual,-67.0,-0.0745431025144231
2025-07-31,-66.0,113248.73,-0.09648539619345223,right_actual,-66.0,-0.09648539619345223
2025-08-01,-65.0,112542.74,-0.10273888575804903,right_actual,-65.0,-0.10273888575804903
2025-08-02,-64.0,114215.73,-0.08798291782356127,right_actual,-64.0,-0.08798291782356127
2025-08-03,-63.0,115051.85,-0.08068905004835523,right_actual,-63.0,-0.08068905004835523
2025-08-04,-62.0,114112.95,-0.08888319900542571,right_actual,-62.0,-0.08888319900542571
2025-08-05,-61.0,115028.83,-0.0808891537691616,right_actual,-61.0,-0.0808891537691616
2025-08-06,-60.0,117515.49,-0.05950179168301646,right_actual,-60.0,-0.05950179168301646
2025-08-07,-59.0,116683.79,-0.06660431989163279,right_actual,-59.0,-0.06660431989163279
2025-08-08,-58.0,116492.51,-0.06824496727222905,right_actual,-58.0,-0.06824496727222905
2025-08-09,-57.0,119309.37,-0.044352078853995676,right_actual,-57.0,-0.044352078853995676
2025-08-10,-56.0,118701.84,-0.049457143606512544,right_actual,-56.0,-0.049457143606512544
2025-08-11,-55.0,120113.18,-0.03763748141917831,right_actual,-55.0,-0.03763748141917831
2025-08-12,-54.0,123365.63,-0.010919398811275346,right_actual,-54.0,-0.010919398811275346
2025-08-13,-53.0,118389.79,-0.0520894607421725,right_actual,-53.0,-0.0520894607421725
2025-08-14,-52.0,117436.96,-0.0601702673930959,right_actual,-52.0,-0.0601702673930959
2025-08-15,-51.0,117455.68,-0.06001087542543256,right_actual,-51.0,-0.06001087542543256
2025-08-16,-50.0,117488.6,-0.05973063876493198,right_actual,-50.0,-0.05973063876493198
2025-08-17,-49.0,116286.76,-0.0700127368298954,right_actual,-49.0,-0.0700127368298954
2025-08-18,-48.0,112856.19,-0.09995759303354487,right_actual,-48.0,-0.09995759303354487
2025-08-19,-47.0,114276.0,-0.08745537136577225,right_actual,-47.0,-0.08745537136577225
2025-08-20,-46.0,112480.3,-0.10329385116605848,right_actual,-46.0,-0.10329385116605848
2025-08-21,-45.0,116908.68,-0.06467882914715879,right_actual,-45.0,-0.06467882914715879
2025-08-22,-44.0,115383.87,-0.07780737675778265,right_actual,-44.0,-0.07780737675778265
2025-08-23,-43.0,113478.0,-0.09446296083130917,right_actual,-43.0,-0.09446296083130917
2025-08-24,-42.0,110127.74,-0.12443098160160718,right_actual,-42.0,-0.12443098160160718
2025-08-25,-41.0,111788.01,-0.10946763647634843,right_actual,-41.0,-0.10946763647634843
2025-08-26,-40.0,111253.21,-0.11426317180301426,right_actual,-40.0,-0.11426317180301426
2025-08-27,-39.0,112574.85,-0.10245361262397047,right_actual,-39.0,-0.10245361262397047
2025-08-28,-38.0,108378.32,-0.14044387736280267,right_actual,-38.0,-0.14044387736280267
2025-08-29,-37.0,108827.93,-0.1363039353292766,right_actual,-37.0,-0.1363039353292766
2025-08-30,-36.0,108247.95,-0.14164751730674346,right_actual,-36.0,-0.14164751730674346
2025-08-31,-35.0,109240.55,-0.13251961498705891,right_actual,-35.0,-0.13251961498705891
2025-09-01,-34.0,111247.94,-0.11431054234470352,right_actual,-34.0,-0.11431054234470352
2025-09-02,-33.0,111756.41,-0.10975035433806446,right_actual,-33.0,-0.10975035433806446
2025-09-03,-32.0,110720.79,-0.11906031940616997,right_actual,-32.0,-0.11906031940616997
2025-09-04,-31.0,110670.02,-0.1195189653715556,right_actual,-31.0,-0.1195189653715556
2025-09-05,-30.0,110212.6,-0.12366071861485073,right_actual,-30.0,-0.12366071861485073
2025-09-06,-29.0,111129.61,-0.11537476857768572,right_actual,-29.0,-0.11537476857768572
2025-09-07,-28.0,112072.57,-0.10692533846866986,right_actual,-28.0,-0.10692533846866986
2025-09-08,-27.0,111549.32,-0.11160512142683164,right_actual,-27.0,-0.11160512142683164
2025-09-09,-26.0,113983.97,-0.09001412189335405,right_actual,-26.0,-0.09001412189335405
2025-09-10,-25.0,115540.0,-0.07645515601256198,right_actual,-25.0,-0.07645515601256198
2025-09-11,-24.0,116106.03,-0.07156812102606996,right_actual,-24.0,-0.07156812102606996
2025-09-12,-23.0,115968.35,-0.07275463731582495,right_actual,-23.0,-0.07275463731582495
2025-09-13,-22.0,115314.13,-0.07841197672938541,right_actual,-22.0,-0.07841197672938541
2025-09-14,-21.0,115381.08,-0.07783155720633114,right_actual,-21.0,-0.07783155720633114
2025-09-15,-20.0,116832.56,-0.06533014769660207,right_actual,-20.0,-0.06533014769660207
2025-09-16,-19.0,116484.4,-0.0683145879054779,right_actual,-19.0,-0.0683145879054779
2025-09-17,-18.0,117117.99,-0.06289005818519271,right_actual,-18.0,-0.06289005818519271
2025-09-18,-17.0,115690.55,-0.07515299225199401,right_actual,-17.0,-0.07515299225199401
2025-09-19,-16.0,115752.4,-0.07461851927303881,right_actual,-16.0,-0.07461851927303881
2025-09-20,-15.0,115282.27,-0.0786883036816078,right_actual,-15.0,-0.0786883036816078
2025-09-21,-14.0,112736.59,-0.10101791075475268,right_actual,-14.0,-0.10101791075475268
2025-09-22,-13.0,112017.21,-0.1074194261608995,right_actual,-13.0,-0.1074194261608995
2025-09-23,-12.0,113348.17,-0.09560771422707552,right_actual,-12.0,-0.09560771422707552
2025-09-24,-11.0,109035.72,-0.1343964113985409,right_actual,-11.0,-0.1343964113985409
2025-09-25,-10.0,109697.29,-0.1283472831271051,right_actual,-10.0,-0.1283472831271051
2025-09-26,-9.0,109681.16,-0.1284943349458144,right_actual,-9.0,-0.1284943349458144
2025-09-27,-8.0,112197.67,-0.1058097199811256,right_actual,-8.0,-0.1058097199811256
2025-09-28,-7.0,114365.07,-0.08667624621117304,right_actual,-7.0,-0.08667624621117304
2025-09-29,-6.0,114067.71,-0.08927972691969127,right_actual,-6.0,-0.08927972691969127
2025-09-30,-5.0,118659.97,-0.04980993835840859,right_actual,-5.0,-0.04980993835840859
2025-10-01,-4.0,120621.32,-0.033415894943923725,right_actual,-4.0,-0.033415894943923725
2025-10-02,-3.0,122318.4,-0.019444465275159487,right_actual,-3.0,-0.019444465275159487
2025-10-03,-2.0,122458.56,-0.018299259326705165,right_actual,-2.0,-0.018299259326705165
2025-10-04,-1.0,123520.79,-0.009662464384279437,right_actual,-1.0,-0.009662464384279437
2025-10-05,0.0,124720.09,0.0,right_actual,0.0,0.0
2025-10-06,1.0,121393.95,-0.027030904237455366,right_actual,1.0,-0.027030904237455366
2025-10-07,2.0,123343.25,-0.011100827222456923,right_actual,2.0,-0.011100827222456923
2025-10-08,3.0,121714.51,-0.02439372587037225,right_actual,3.0,-0.02439372587037225
2025-10-09,4.0,112980.28,-0.09885865615689049,right_actual,4.0,-0.09885865615689049
2025-10-10,5.0,110768.89,-0.11862598765079287,right_actual,5.0,-0.11862598765079287
2025-10-11,6.0,115067.98,-0.08054886221642091,right_actual,6.0,-0.08054886221642091
2025-10-12,7.0,115274.03,-0.07875978296890992,right_actual,7.0,-0.07875978296890992
2025-10-13,8.0,113068.0,-0.09808253873274335,right_actual,8.0,-0.09808253873274335
2025-10-14,9.0,110804.12,-0.11830798862828665,right_actual,9.0,-0.11830798862828665
2025-10-15,10.0,108198.0,-0.14210906441249177,right_actual,10.0,-0.14210906441249177
2025-10-16,11.0,106463.3,-0.15827162154371627,right_actual,11.0,-0.15827162154371627
2025-10-17,12.0,107208.91,-0.15129258551125405,right_actual,12.0,-0.15129258551125405
2025-10-18,13.0,108676.78,-0.13769379051293068,right_actual,13.0,-0.13769379051293068
2025-10-19,14.0,110568.06,-0.12044068741161777,right_actual,14.0,-0.12044068741161777
2025-10-20,15.0,108362.27,-0.14059198067865444,right_actual,15.0,-0.14059198067865444
2025-10-21,16.0,107585.98,-0.14778160452521033,right_actual,16.0,-0.14778160452521033
2025-10-22,17.0,110116.03,-0.12453731832124315,right_actual,17.0,-0.12453731832124315
2025-10-23,18.0,111042.13,-0.11616226751450753,right_actual,18.0,-0.11616226751450753
2025-10-24,19.0,111666.21,-0.11055779276932573,right_actual,19.0,-0.11055779276932573
2025-10-25,20.0,114548.09,-0.08507721154669892,right_actual,20.0,-0.08507721154669892
2025-10-26,21.0,114087.06,-0.08911010521906769,right_actual,21.0,-0.08911010521906769
2025-10-27,22.0,112906.75,-0.09950968957476412,right_actual,22.0,-0.09950968957476412
2025-10-28,23.0,110032.13,-0.12529953231441884,right_actual,23.0,-0.12529953231441884
2025-10-29,24.0,108308.18,-0.1410912642784592,right_actual,24.0,-0.1410912642784592
2025-10-30,25.0,109555.27,-0.12964277559353454,right_actual,25.0,-0.12964277559353454
2025-10-31,26.0,110052.25,-0.125116693350054,right_actual,26.0,-0.125116693350054
2025-11-01,27.0,110536.01,-0.12073059614305348,right_actual,27.0,-0.12073059614305348
2025-11-02,28.0,106557.98,-0.15738269620973488,right_actual,28.0,-0.15738269620973488
2025-11-03,29.0,101468.15,-0.20632699023064538,right_actual,29.0,-0.20632699023064538
2025-11-04,30.0,100291.85,-0.21798751093056398,right_actual,30.0,-0.21798751093056398
2025-11-05,31.0,103472.0,-0.1867709016614445,right_actual,31.0,-0.1867709016614445
2025-11-06,32.0,101447.93,-0.2065262844419955,right_actual,32.0,-0.2065262844419955
2025-11-07,33.0,102882.15,-0.19248778796098717,right_actual,33.0,-0.19248778796098717
2025-11-08,34.0,101838.43,-0.20268440857471928,right_actual,34.0,-0.20268440857471928
2025-11-09,35.0,106496.49,-0.157959919505799,right_actual,35.0,-0.157959919505799
2025-11-10,36.0,106071.01,-0.16196317087987222,right_actual,36.0,-0.16196317087987222
2025-11-11,37.0,102734.93,-0.19391977041261158,right_actual,37.0,-0.19391977041261158
2025-11-12,38.0,101945.44,-0.2016341781532844,right_actual,38.0,-0.2016341781532844
2025-11-13,39.0,98906.39,-0.23189809910630066,right_actual,39.0,-0.23189809910630066
2025-11-14,40.0,94829.23,-0.2739942512963256,right_actual,40.0,-0.2739942512963256
2025-11-15,41.0,95095.36,-0.2711917687512265,right_actual,41.0,-0.2711917687512265
2025-11-16,42.0,95197.96,-0.2701134333693854,right_actual,42.0,-0.2701134333693854
2025-11-17,43.0,91855.7,-0.3058530789272702,right_actual,43.0,-0.3058530789272702
2025-11-18,44.0,92184.51,-0.30227983425583793,right_actual,44.0,-0.30227983425583793
2025-11-19,45.0,91783.66,-0.3066376602250426,right_actual,45.0,-0.3066376602250426
2025-11-20,46.0,87214.0,-0.3577070778788775,right_actual,46.0,-0.3577070778788775
2025-11-21,47.0,84826.0,-0.38546984678757096,right_actual,47.0,-0.38546984678757096
2025-11-22,48.0,85133.92,-0.3818464003079607,right_actual,48.0,-0.3818464003079607
2025-11-23,49.0,86499.25,-0.36593620298566826,right_actual,49.0,-0.36593620298566826
2025-11-24,50.0,87981.12,-0.3489497003601888,right_actual,50.0,-0.3489497003601888
2025-11-25,51.0,87366.12,-0.35596438187776475,right_actual,51.0,-0.35596438187776475
2025-11-26,52.0,90635.53,-0.3192256468372901,right_actual,52.0,-0.3192256468372901
2025-11-27,53.0,91094.0,-0.3141800059591953,right_actual,53.0,-0.3141800059591953
2025-11-28,54.0,90919.78,-0.3160943670939013,right_actual,54.0,-0.3160943670939013
2025-11-29,55.0,90946.75,-0.315797775959758,right_actual,55.0,-0.315797775959758
2025-11-30,56.0,87446.89,-0.3550403087124147,right_actual,56.0,-0.3550403087124147
2025-12-01,57.0,86628.25,-0.3644459715218801,right_actual,57.0,-0.3644459715218801
2025-12-02,58.0,91532.75,-0.3093751146262727,right_actual,58.0,-0.3093751146262727
2025-12-03,59.0,93150.03,-0.2918605272569443,right_actual,59.0,-0.2918605272569443
2025-12-04,60.0,92353.31,-0.30045039845694516,right_actual,60.0,-0.30045039845694516
2025-12-05,61.0,89347.18,-0.3335422665341935,right_actual,61.0,-0.3335422665341935
2025-12-06,62.0,89480.46,-0.3320516689433768,right_actual,62.0,-0.3320516689433768
2025-12-07,63.0,90435.42,-0.321435941547382,right_actual,63.0,-0.321435941547382
2025-12-08,64.0,90338.37,-0.3225096592508592,right_actual,64.0,-0.3225096592508592
2025-12-09,65.0,92243.57,-0.301639367771354,right_actual,65.0,-0.301639367771354
2025-12-10,66.0,91194.97,-0.3130722043151784,right_actual,66.0,-0.3130722043151784
2025-12-11,67.0,91784.59,-0.30662752775387725,right_actual,67.0,-0.30662752775387725
2025-12-12,68.0,90350.0,-0.3223809293274439,right_actual,68.0,-0.3223809293274439
2025-12-13,69.0,90326.01,-0.3226464875511504,right_actual,69.0,-0.3226464875511504
2025-12-14,70.0,88460.01,-0.343521360880063,right_actual,70.0,-0.343521360880063
2025-12-15,71.0,85950.0,-0.3723062145368233,right_actual,71.0,-0.3723062145368233
2025-12-16,72.0,87599.87,-0.3532924324427018,right_actual,72.0,-0.3532924324427018
2025-12-17,73.0,86064.34,-0.3709767902941691,right_actual,73.0,-0.3709767902941691
2025-12-18,74.0,85352.25,-0.37928513543404,right_actual,74.0,-0.37928513543404
2025-12-19,75.0,88016.09,-0.34855230769174594,right_actual,75.0,-0.34855230769174594
2025-12-20,76.0,88322.39,-0.3450783035146244,right_actual,76.0,-0.3450783035146244
2025-12-21,77.0,88716.0,-0.3406316900027182,right_actual,77.0,-0.3406316900027182
2025-12-22,78.0,88837.97,-0.3392577976680587,right_actual,78.0,-0.3392577976680587
2025-12-23,79.0,87594.74,-0.353350995888249,right_actual,79.0,-0.353350995888249
2025-12-24,80.0,87516.0,-0.35425031257558515,right_actual,80.0,-0.35425031257558515
2025-12-25,81.0,87159.35,-0.35833389386640446,right_actual,81.0,-0.35833389386640446
2025-12-26,82.0,87280.65,-0.3569431575725384,right_actual,82.0,-0.3569431575725384
2025-12-27,83.0,87844.66,-0.35050191900979405,right_actual,83.0,-0.35050191900979405
2025-12-28,84.0,88029.48,-0.3484001879874463,right_actual,84.0,-0.3484001879874463
2025-12-29,85.0,87055.23,-0.3595292015426838,right_actual,85.0,-0.3595292015426838
2025-12-30,86.0,88185.26,-0.3466321175004753,right_actual,86.0,-0.3466321175004753
2025-12-31,87.0,87696.0,-0.35219565806192094,right_actual,87.0,-0.35219565806192094
2026-01-01,88.0,88642.88,-0.3414562329197987,right_actual,88.0,-0.3414562329197987
2026-01-02,89.0,90112.01,-0.32501849429715385,right_actual,89.0,-0.32501849429715385
2026-01-03,90.0,91351.98,-0.31135198889971527,right_actual,90.0,-0.31135198889971527
2026-01-04,91.0,92392.38,-0.30002743865114434,right_actual,91.0,-0.30002743865114434
2026-01-05,92.0,93891.94,-0.28392739983132437,right_actual,92.0,-0.28392739983132437
2026-01-06,93.0,92771.99,-0.2959271840304931,right_actual,93.0,-0.2959271840304931
2026-01-07,94.0,91377.92,-0.3110680725819779,right_actual,94.0,-0.3110680725819779
2026-01-08,95.0,91246.53,-0.3125069820234006,right_actual,95.0,-0.3125069820234006
2026-01-09,96.0,90476.01,-0.3209872136734043,right_actual,96.0,-0.3209872136734043
2026-01-10,97.0,90509.91,-0.3206125988923598,right_actual,97.0,-0.3206125988923598
2026-01-11,98.0,91538.05,-0.3093172135300686,right_actual,98.0,-0.3093172135300686
2026-01-12,99.0,91293.98,-0.3119870974118289,right_actual,99.0,-0.3119870974118289
2026-01-13,100.0,95222.7,-0.2698535876137916,right_actual,100.0,-0.2698535876137916
2026-01-14,101.0,96852.91,-0.25287851050045895,right_actual,101.0,-0.25287851050045895
2026-01-15,102.0,95569.99,-0.26621308772294444,right_actual,102.0,-0.26621308772294444
2026-01-16,103.0,95467.76,-0.2672833474989138,right_actual,103.0,-0.2672833474989138
2026-01-17,104.0,95015.57,-0.27203117345757355,right_actual,104.0,-0.27203117345757355
2026-01-18,105.0,92624.74,-0.29751566977091404,right_actual,105.0,-0.29751566977091404
2026-01-19,106.0,92572.21,-0.2980829577463234,right_actual,106.0,-0.2980829577463234
2026-01-20,107.0,88916.02,-0.33837961760564755,right_actual,107.0,-0.33837961760564755
2026-01-21,108.0,89936.47,-0.3269684141811723,right_actual,108.0,-0.3269684141811723
2026-01-22,109.0,89522.33,-0.3315838549974199,right_actual,109.0,-0.3315838549974199
2026-01-23,110.0,89365.99,-0.33333176162211026,right_actual,110.0,-0.33333176162211026
2026-01-24,111.0,89155.13,-0.3356940602460253,right_actual,111.0,-0.3356940602460253
2026-01-25,112.0,86978.89,-0.3604065008319988,right_actual,112.0,-0.3604065008319988
2026-01-26,113.0,88136.48,-0.34718542421403764,right_actual,113.0,-0.34718542421403764
2026-01-27,114.0,89296.0,-0.3341152523196037,right_actual,114.0,-0.3341152523196037
2026-01-28,115.0,88963.96,-0.33784060246565584,right_actual,115.0,-0.33784060246565584
2026-01-29,116.0,83943.96,-0.3959225130183333,right_actual,116.0,-0.3959225130183333
2026-01-30,117.0,83986.02,-0.39542158994456794,right_actual,117.0,-0.39542158994456794
2026-01-31,118.0,78727.3,-0.46008196418135344,right_actual,118.0,-0.46008196418135344
2026-02-01,119.0,77831.33,-0.4715278970141167,right_actual,119.0,-0.4715278970141167
2026-02-02,120.0,78938.16,-0.4574071852447943,right_actual,120.0,-0.4574071852447943
2026-02-03,121.0,76313.98,-0.4912158007434241,right_actual,121.0,-0.4912158007434241
2026-02-04,122.0,72853.79,-0.5376173903694013,right_actual,122.0,-0.5376173903694013
2026-02-05,123.0,63845.99,-0.6695981693049277,right_actual,123.0,-0.6695981693049277
2026-02-06,124.0,69936.2,-0.5784885484913194,right_actual,124.0,-0.5784885484913194
2026-02-07,125.0,69199.99,-0.5890712282507384,right_actual,125.0,-0.5890712282507384
2026-02-08,126.0,70477.92,-0.5707724770915173,right_actual,126.0,-0.5707724770915173
2026-02-09,127.0,69986.8,-0.5777652935267211,right_actual,127.0,-0.5777652935267211
2026-02-10,128.0,69219.0,-0.5887965549545454,right_actual,128.0,-0.5887965549545454
2026-02-11,129.0,67479.13,-0.6142535814799762,right_actual,129.0,-0.6142535814799762
2026-02-12,130.0,66001.99,-0.6363870532786521,right_actual,130.0,-0.6363870532786521
2026-02-13,131.0,68970.18,-0.5923977090955264,right_actual,131.0,-0.5923977090955264
2026-02-14,132.0,69801.43,-0.5804174497011955,right_actual,132.0,-0.5804174497011955
2026-02-15,133.0,68913.72,-0.5932166589969367,right_actual,133.0,-0.5932166589969367
2026-02-16,134.0,68810.28,-0.5947187939835802,right_actual,134.0,-0.5947187939835802
2026-02-17,135.0,67191.37,-0.6185271297025159,right_actual,135.0,-0.6185271297025159
2026-02-18,136.0,66533.36,-0.6283684703549046,right_actual,136.0,-0.6283684703549046
2026-02-19,137.0,67214.29,-0.6181860726336073,right_actual,137.0,-0.6181860726336073
2026-02-20,138.0,67885.32,-0.6082521354702346,right_actual,138.0,-0.6082521354702346
2026-02-21,139.0,67969.48,-0.6070131654704144,right_actual,139.0,-0.6070131654704144
2026-02-22,140.0,66238.9,-0.6328040427067563,right_actual,140.0,-0.6328040427067563
2026-02-23,141.0,64743.99,-0.6556310686267594,right_actual,141.0,-0.6556310686267594
2026-02-24,142.0,64290.01,-0.6626676926669124,right_actual,142.0,-0.6626676926669124
2026-02-25,143.0,68448.27,-0.5999936688731857,right_actual,143.0,-0.5999936688731857
2026-02-26,144.0,67068.86,-0.6203520935656279,right_actual,144.0,-0.6203520935656279
2026-02-27,145.0,65950.0,-0.6371750672023578,right_actual,145.0,-0.6371750672023578
2026-02-28,146.0,66680.36,-0.6261614895774463,right_actual,146.0,-0.6261614895774463
2026-03-01,147.0,66474.29,-0.6292566900006699,right_actual,147.0,-0.6292566900006699
2026-03-02,148.0,69016.92,-0.591720254437988,right_actual,148.0,-0.591720254437988
2026-03-03,149.0,68222.81,-0.6032929799566935,right_actual,149.0,-0.6032929799566935
2026-03-04,150.0,72776.66,-0.538676646963222,right_actual,150.0,-0.538676646963222
2026-03-05,151.0,70955.49,-0.5640191673176685,right_actual,151.0,-0.5640191673176685
2026-03-06,152.0,68350.0,-0.6014303831957228,right_actual,152.0,-0.6014303831957228
2026-03-07,153.0,67193.87,-0.6184899232354919,right_actual,153.0,-0.6184899232354919
2026-03-08,154.0,66055.14,-0.6355820985916938,right_actual,154.0,-0.6355820985916938
2026-03-09,155.0,68480.54,-0.5995223290492667,right_actual,155.0,-0.5995223290492667
2026-03-10,156.0,69847.95,-0.5797512096975411,right_actual,156.0,-0.5797512096975411
2026-03-11,157.0,70210.72,-0.5745709404396682,right_actual,157.0,-0.5745709404396682
2026-03-12,158.0,70500.54,-0.570451577002325,right_actual,158.0,-0.570451577002325
2026-03-13,159.0,70838.78,-0.5656653555078737,right_actual,159.0,-0.5656653555078737
2026-03-14,160.0,71118.53,-0.5617240246649837,right_actual,160.0,-0.5617240246649837
2026-03-15,161.0,72953.27,-0.5362528471787518,right_actual,161.0,-0.5362528471787518
2026-03-16,162.0,74758.54,-0.5118084931289946,right_actual,162.0,-0.5118084931289946
2026-03-17,163.0,73845.35,-0.5240989048412495,right_actual,163.0,-0.5240989048412495
2026-03-18,164.0,71204.95,-0.5605096078924164,right_actual,164.0,-0.5605096078924164
2026-03-19,165.0,69858.95,-0.5795937371600682,right_actual,165.0,-0.5795937371600682
2026-03-20,166.0,70560.99,-0.5695945041533287,right_actual,166.0,-0.5695945041533287
2026-03-21,167.0,68398.68,-0.6007184201690043,right_actual,167.0,-0.6007184201690043
2026-03-22,168.0,67977.71,-0.6068920890434569,right_actual,168.0,-0.6068920890434569
2026-03-23,169.0,70906.0,-0.5647168901740648,right_actual,169.0,-0.5647168901740648
2026-03-24,170.0,70555.44,-0.5696731626058259,right_actual,170.0,-0.5696731626058259
2026-03-25,171.0,71277.56,-0.5594903949899265,right_actual,171.0,-0.5594903949899265
2026-03-26,172.0,68762.2,-0.5954177710167418,right_actual,172.0,-0.5954177710167418
2026-03-27,173.0,66390.02,-0.6305252023844705,right_actual,173.0,-0.6305252023844705
2026-03-28,174.0,66392.04,-0.6304947765874894,right_actual,174.0,-0.6304947765874894
2026-03-29,175.0,65862.79,-0.6384983077274259,right_actual,175.0,-0.6384983077274259
2026-03-30,176.0,66683.77,-0.6261103513890783,right_actual,176.0,-0.6261103513890783
2026-03-31,177.0,68133.96,-0.6045961790948764,right_actual,177.0,-0.6045961790948764
2026-04-01,178.0,68100.65,-0.6050851884686883,right_actual,178.0,-0.6050851884686883
2026-04-02,179.0,66959.99,-0.6219766695273639,right_actual,179.0,-0.6219766695273639
2026-04-03,180.0,66911.51,-0.6227009461974438,right_actual,180.0,-0.6227009461974438
2026-04-04,181.0,67284.16,-0.6171471014590669,right_actual,181.0,-0.6171471014590669
2026-04-05,182.0,69279.05,-0.5879293946766501,right_actual,182.0,-0.5879293946766501
2026-04-06,183.0,68909.06,-0.5932842820705937,right_actual,183.0,-0.5932842820705937
