cycle,date,days_from_halving,price,kind,prev_days,next_days,prev_move_pct,next_move_pct,prev_slope,next_slope,score,anchor_index,interval_from_prev_days
2017,2016-08-04,26,587.5,drop_end,26,76,-12.15,10.17,-0.004981,0.001274,14.1574,1,
2017,2016-10-19,102,629.79,up_to_up,76,76,10.17,63.02,0.001274,0.00643,30.188,2,76.0
2017,2017-01-03,178,1020.67,rally_end,76,10,63.02,-20.49,0.00643,-0.022927,210.7636,3,76.0
2017,2017-01-13,188,831.42,drop_end,10,50,-20.49,56.09,-0.022927,0.008905,214.712,4,10.0
2017,2017-03-04,238,1273.97,rally_end,50,22,56.09,-22.59,0.008905,-0.011638,144.0633,5,50.0
2017,2017-03-26,260,973.08,drop_end,22,75,-22.59,186.95,-0.011638,0.014055,336.6254,6,22.0
2017,2017-06-09,335,2811.39,rally_end,75,38,186.95,-25.11,0.014055,-0.00761,291.0403,7,75.0
2017,2017-07-17,373,2235.19,drop_end,38,29,-25.11,98.98,-0.00761,0.023724,306.1994,8,38.0
2017,2017-08-15,402,4159.93,up_to_up,29,17,98.98,11.13,0.023724,0.006207,139.0035,9,29.0
2017,2017-09-01,419,4947.99,rally_end,17,22,11.13,-20.97,0.006207,-0.0107,57.6394,10,17.0
2017,2017-09-23,441,3787.33,drop_end,22,50,-20.97,71.59,-0.0107,0.010799,166.6898,11,22.0
2017,2017-11-12,491,5886.35,up_to_up,50,35,71.59,193.09,0.010799,0.030723,321.8193,12,50.0
2017,2017-12-17,526,19378.99,rally_end,35,51,193.09,-58.87,0.030723,-0.017421,945.4391,13,35.0
2017,2018-02-06,577,7688.46,drop_end,51,25,-58.87,45.95,-0.017421,0.015125,412.227,14,51.0
2017,2018-03-03,602,11432.5,rally_end,25,34,45.95,-39.28,0.015125,-0.014672,261.3068,15,25.0
2017,2018-04-06,636,6619.01,drop_end,34,29,-39.28,41.22,-0.014672,0.011901,224.2667,16,34.0
2017,2018-05-05,665,9800.0,rally_end,29,52,41.22,-36.78,0.011901,-0.008819,166.5242,17,29.0
2017,2018-06-26,717,6074.0,drop_end,52,30,-36.78,34.27,-0.008819,0.009823,140.4231,18,52.0
2017,2018-07-26,747,7931.99,rally_end,30,17,34.27,-23.82,0.009823,-0.016001,146.3494,19,30.0
2017,2018-08-12,764,6316.01,drop_end,17,21,-23.82,15.95,-0.016001,0.007048,96.8116,20,17.0
2017,2018-09-02,785,7295.0,rally_end,21,67,15.95,-11.28,0.007048,-0.001787,23.6527,21,21.0
2017,2018-11-08,852,6406.24,down_to_down,67,44,-11.28,-37.98,-0.001787,-0.010858,54.1972,22,67.0
2017,2018-12-22,896,3980.46,down_to_down,44,45,-37.98,-14.55,-0.010858,-0.003494,46.7591,23,44.0
2017,2019-02-05,941,3428.4,drop_end,45,50,-14.55,17.53,-0.003494,0.00323,21.435,24,45.0
2017,2019-03-27,991,4026.53,up_to_up,50,92,17.53,200.31,0.00323,0.011953,110.0,25,50.0
2017,2019-06-27,1083,11127.4,rally_end,92,31,200.31,-20.0,0.011953,-0.007199,253.3326,26,92.0
2017,2019-07-28,1114,9549.7,drop_end,31,10,-20.0,23.34,-0.007199,0.020975,121.9652,27,31.0
2017,2019-08-07,1124,12014.41,rally_end,10,23,23.34,-18.52,0.020975,-0.008904,123.8587,28,10.0
2017,2019-08-30,1147,9580.6,drop_end,23,19,-18.52,6.03,-0.008904,0.003081,31.5592,29,23.0
2017,2019-09-18,1166,10155.26,rally_end,19,10,6.03,-20.03,0.003081,-0.02235,71.7255,30,19.0
2017,2019-09-28,1176,8228.22,down_to_down,10,24,-20.03,-3.72,-0.02235,-0.001579,54.2965,31,10.0
2017,2019-10-22,1200,8008.04,drop_end,24,14,-3.72,18.18,-0.001579,0.011932,27.6888,32,24.0
2017,2019-11-05,1214,9314.99,rally_end,14,40,18.18,-24.92,0.011932,-0.007166,86.6388,33,14.0
2017,2019-12-15,1254,7111.0,drop_end,40,60,-24.92,46.53,-0.007166,0.006368,90.5022,34,40.0
2017,2020-02-13,1314,10239.57,rally_end,60,30,46.53,-48.89,0.006368,-0.022375,302.757,35,60.0
2017,2020-03-14,1344,5182.62,drop_end,30,58,-48.89,71.26,-0.022375,0.009277,382.7536,36,30.0
2021,2020-06-08,28,9833.94,rally_end,28,40,10.04,-6.34,0.003417,-0.001638,8.1476,1,
2021,2020-07-18,68,9174.6,drop_end,40,29,-6.34,30.61,-0.001638,0.009208,36.0676,2,40.0
2021,2020-08-16,97,11924.0,rally_end,29,20,30.61,-14.39,0.009208,-0.007766,71.6888,3,29.0
2021,2020-09-05,117,10152.97,drop_end,20,13,-14.39,6.98,-0.007766,0.005189,28.8623,4,20.0
2021,2020-09-18,130,10942.2,rally_end,13,17,6.98,-2.84,0.005189,-0.001696,6.6303,5,13.0
2021,2020-10-05,147,10800.0,drop_end,17,69,-2.84,77.8,-0.001696,0.00834,60.6495,6,17.0
2021,2020-12-13,216,19133.04,up_to_up,69,26,77.8,106.61,0.00834,0.027909,254.6202,7,69.0
2021,2021-01-08,242,40666.72,rally_end,26,17,106.61,-18.57,0.027909,-0.012085,372.39,8,26.0
2021,2021-01-25,259,31979.0,drop_end,17,25,-18.57,71.45,-0.012085,0.021565,250.5536,9,17.0
2021,2021-02-19,284,56029.51,up_to_up,25,54,71.45,14.06,0.021565,0.002436,128.2921,10,25.0
2021,2021-04-14,338,63283.43,rally_end,54,37,14.06,-39.83,0.002436,-0.013729,103.3651,11,54.0
2021,2021-05-21,375,37425.0,down_to_down,37,16,-39.83,-6.42,-0.013729,-0.004146,55.0322,12,37.0
2021,2021-06-06,391,35873.42,drop_end,16,9,-6.42,11.75,-0.004146,0.012343,29.2564,13,16.0
2021,2021-06-15,400,40093.93,rally_end,9,33,11.75,-20.82,0.012343,-0.007072,66.8822,14,9.0
2021,2021-07-18,433,31753.02,drop_end,33,24,-20.82,47.76,-0.007072,0.016267,145.5823,15,33.0
2021,2021-08-11,457,45482.95,up_to_up,24,24,47.76,10.51,0.016267,0.004166,59.3392,16,24.0
2021,2021-09-04,481,49949.07,rally_end,24,23,10.51,-16.96,0.004166,-0.008081,35.0047,17,24.0
2021,2021-09-27,504,42214.52,drop_end,23,44,-16.96,55.92,-0.008081,0.010095,114.5118,18,23.0
2021,2021-11-10,548,64896.86,rally_end,44,74,55.92,-44.73,0.010095,-0.008011,187.7658,19,44.0
2021,2022-01-23,622,36233.04,drop_end,74,16,-44.73,20.36,-0.008011,0.011585,152.498,20,74.0
2021,2022-02-08,638,44147.59,rally_end,16,14,20.36,-13.31,0.011585,-0.010201,71.4908,21,16.0
2021,2022-02-22,652,38261.46,drop_end,14,40,-13.31,21.72,-0.010201,0.004914,51.2985,22,14.0
2021,2022-04-03,692,46358.05,rally_end,40,38,21.72,-35.62,0.004914,-0.011589,105.1208,23,40.0
2021,2022-05-11,730,29027.82,drop_end,38,28,-35.62,2.23,-0.011589,0.000787,57.2254,24,38.0
2021,2022-06-08,758,30195.33,drop_start,28,10,2.23,-33.57,0.000787,-0.040901,179.6897,25,28.0
2021,2022-06-18,768,18989.21,drop_end,10,57,-33.57,20.19,-0.040901,0.003226,261.6225,26,10.0
2021,2022-08-14,825,24301.71,rally_end,57,23,20.19,-19.76,0.003226,-0.009569,51.6863,27,57.0
2021,2022-09-06,848,18777.0,down_to_down,23,17,-19.76,-2.33,-0.009569,-0.001384,19.9397,28,23.0
2021,2022-09-23,865,19304.43,drop_end,17,43,-2.33,9.72,-0.001384,0.002158,4.1196,29,17.0
2021,2022-11-05,908,21304.72,rally_end,43,17,9.72,-21.85,0.002158,-0.014502,56.529,30,43.0
2021,2022-11-22,925,16206.32,drop_end,17,21,-21.85,7.17,-0.014502,0.003298,56.2141,31,17.0
2021,2022-12-13,946,17763.65,rally_end,21,23,7.17,-3.42,0.003298,-0.001512,5.0054,32,21.0
2021,2023-01-05,969,16824.98,drop_end,23,45,-3.42,45.76,-0.001512,0.008372,40.6814,33,23.0
2021,2023-02-19,1014,24316.05,rally_end,45,19,45.76,-14.39,0.008372,-0.008176,88.0565,34,45.0
2021,2023-03-10,1033,20227.02,drop_end,19,34,-14.39,44.01,-0.008176,0.010727,98.3045,35,19.0
2021,2023-04-13,1067,30412.73,rally_end,34,61,44.01,-15.17,0.010727,-0.002696,71.0302,36,34.0
2021,2023-06-13,1128,25933.04,drop_end,61,19,-15.17,19.61,-0.002696,0.009423,41.6317,37,61.0
2021,2023-07-02,1147,30616.01,rally_end,19,42,19.61,-4.53,0.009423,-0.001103,23.7248,38,19.0
2021,2023-08-13,1189,29267.56,drop_start,42,61,-4.53,-8.31,-0.001103,-0.001421,0.4233,39,42.0
2021,2023-10-13,1250,26859.1,drop_end,61,55,-8.31,62.94,-0.001421,0.008876,59.2019,40,61.0
2021,2023-12-07,1305,43305.91,rally_end,55,22,62.94,-2.98,0.008876,-0.001376,53.1541,41,55.0
2021,2023-12-29,1327,42056.3,drop_end,22,11,-2.98,8.15,-0.001376,0.007118,9.2227,42,22.0
2021,2024-01-09,1338,46103.0,rally_end,11,14,8.15,-12.59,0.007118,-0.009608,35.5971,43,11.0
2021,2024-01-23,1352,39866.78,drop_end,14,13,-12.59,7.33,-0.009608,0.00544,30.8827,44,14.0
2021,2024-02-05,1365,42654.6,up_to_up,13,36,7.33,65.6,0.00544,0.014012,49.3037,45,13.0
2021,2024-03-12,1401,71471.62,rally_end,36,39,65.6,-10.32,0.014012,-0.002793,103.0745,46,36.0
2025,2024-05-20,30,71466.21,up_to_up,30,17,4.92,2.09,0.001602,0.001216,0.2652,1,
2025,2024-06-06,47,70770.7,rally_end,17,30,2.09,-18.94,0.001216,-0.007001,18.9564,2,17.0
2025,2024-07-06,77,58219.33,drop_end,30,22,-18.94,18.42,-0.007001,0.007686,55.6798,3,30.0
2025,2024-07-28,99,68274.59,rally_end,22,27,18.42,-6.32,0.007686,-0.00242,23.6886,4,22.0
2025,2024-08-24,126,64157.87,down_to_down,27,14,-6.32,-11.67,-0.00242,-0.008864,12.2073,5,27.0
2025,2024-09-07,140,54178.64,drop_end,14,19,-11.67,16.73,-0.008864,0.008142,47.413,6,14.0
2025,2024-09-26,159,65789.0,rally_end,19,12,16.73,-5.48,0.008142,-0.0047,27.1108,7,19.0
2025,2024-10-08,171,60578.28,drop_end,12,9,-5.48,10.77,-0.0047,0.011366,25.4967,8,12.0
2025,2024-10-17,180,68426.11,up_to_up,9,12,10.77,4.04,0.011366,0.003301,11.4449,9,9.0
2025,2024-10-29,192,72322.91,up_to_up,12,28,4.04,33.66,0.003301,0.010362,23.2824,10,12.0
2025,2024-11-26,220,95951.19,up_to_up,28,18,33.66,9.6,0.010362,0.005091,20.1241,11,28.0
2025,2024-12-14,238,104447.76,rally_end,18,20,9.6,-4.93,0.005091,-0.002529,10.8345,12,18.0
2025,2025-01-03,258,98209.85,drop_end,20,19,-4.93,5.98,-0.002529,0.003057,6.0683,13,20.0
2025,2025-01-22,277,103926.36,rally_end,19,15,5.98,-7.76,0.003057,-0.005387,11.728,14,19.0
2025,2025-02-06,292,96537.08,drop_end,15,14,-7.76,0.26,-0.005387,0.000189,4.6533,15,15.0
2025,2025-02-20,306,96157.03,drop_start,14,18,0.26,-15.95,0.000189,-0.009651,17.3529,16,14.0
2025,2025-03-10,324,82914.51,drop_end,18,14,-15.95,6.98,-0.009651,0.004819,34.8972,17,18.0
2025,2025-03-24,338,87427.88,rally_end,14,14,6.98,-9.05,0.004819,-0.006779,18.831,18,14.0
2025,2025-04-07,352,76251.64,drop_end,14,45,-9.05,37.84,-0.006779,0.007132,57.8455,19,14.0
2025,2025-05-22,397,107329.61,rally_end,45,19,37.84,-0.83,0.007132,-0.000438,24.9217,20,45.0
2025,2025-06-10,416,108669.37,drop_start,19,10,-0.83,-4.53,-0.000438,-0.004638,2.297,21,19.0
2025,2025-06-20,426,102160.03,drop_end,10,22,-4.53,14.58,-0.004638,0.006187,19.7523,22,10.0
2025,2025-07-12,448,119130.81,rally_end,22,15,14.58,-0.09,0.006187,-6.2e-05,8.5631,23,22.0
2025,2025-08-11,478,120113.18,drop_start,15,19,1.45,-8.99,0.000957,-0.004955,6.4163,24,30.0
2025,2025-08-30,497,108247.95,drop_end,19,18,-8.99,6.59,-0.004955,0.003544,13.4232,25,19.0
2025,2025-09-17,515,117117.99,up_to_up,18,18,6.59,5.76,0.003544,0.003113,0.5153,26,18.0
2025,2025-10-05,533,124720.09,rally_end,18,11,5.76,-12.04,0.003113,-0.011665,27.2457,27,18.0
2025,2025-10-16,544,106463.3,drop_end,11,10,-12.04,4.04,-0.011665,0.003962,26.245,28,11.0
2025,2025-10-26,554,114087.06,rally_end,10,16,4.04,-8.38,0.003962,-0.005473,12.0004,29,10.0
2025,2025-11-11,570,102734.93,down_to_down,16,11,-8.38,-16.35,-0.005473,-0.016228,28.6163,30,16.0
2025,2025-11-22,581,85133.92,drop_end,11,12,-16.35,5.6,-0.016228,0.004544,48.4049,31,11.0
2025,2025-12-04,593,92353.31,rally_end,12,12,5.6,-4.92,0.004544,-0.004202,9.1781,32,12.0
2025,2025-12-16,605,87599.87,drop_end,12,14,-4.92,1.43,-0.004202,0.001017,3.3739,33,12.0
2025,2025-12-30,619,88185.26,rally_start,14,16,1.43,8.76,0.001017,0.005249,4.1576,34,14.0
2025,2026-01-15,635,95569.99,rally_end,16,22,8.76,-27.64,0.005249,-0.014703,81.2943,35,16.0
2025,2026-02-06,657,69936.2,down_to_down,22,16,-27.64,-4.32,-0.014703,-0.00276,43.9027,36,22.0
2025,2026-02-22,673,66238.9,drop_end,16,22,-4.32,9.9,-0.00276,0.004291,9.7697,37,16.0
2025,2026-03-16,695,74758.54,rally_end,22,13,9.9,-8.35,0.004291,-0.006705,19.964,38,22.0
2025,2026-03-29,708,65862.79,drop_end,13,40,-8.35,21.28,-0.006705,0.004824,32.2941,39,13.0
2025,2026-05-08,748,80150.27,rally_end,40,23,21.28,-8.78,0.004824,-0.003994,25.1159,40,40.0
