cycle,date,rel_original,price,log_norm,rel
2021_warped,2021-11-08,0.0,67510.06,0.0,0.0
2021_warped,2021-11-09,1.0,66967.98,-0.004771845443537174,1.131578947368421
2021_warped,2021-11-10,2.0,64896.86,-0.023366322507749532,2.263157894736842
2021_warped,2021-11-11,3.0,64793.69,-0.02430803253106289,3.394736842105263
2021_warped,2021-11-12,4.0,64158.51,-0.030139039686166314,4.526315789473684
2021_warped,2021-11-13,5.0,64482.54,-0.027157239305172956,5.657894736842105
2021_warped,2021-11-14,6.0,65714.05,-0.015959682135306786,6.789473684210526
2021_warped,2021-11-15,7.0,63441.68,-0.03678934253616227,7.921052631578947
2021_warped,2021-11-16,8.0,60147.32,-0.06835146002806347,9.052631578947368
2021_warped,2021-11-17,9.0,60314.28,-0.06671073391675451,10.18421052631579
2021_warped,2021-11-18,10.0,57017.38,-0.09998258019759727,11.31578947368421
2021_warped,2021-11-19,11.0,58187.85,-0.08795508926542991,12.447368421052632
2021_warped,2021-11-20,12.0,59771.71,-0.07205931263811091,13.578947368421051
2021_warped,2021-11-21,13.0,58742.9,-0.08233583561369173,14.710526315789473
2021_warped,2021-11-22,14.0,56254.57,-0.10795467709900973,15.842105263157894
2021_warped,2021-11-23,15.0,57599.99,-0.09396525838012078,16.973684210526315
2021_warped,2021-11-24,16.0,57255.24,-0.09751851690079943,18.105263157894736
2021_warped,2021-11-25,17.0,59022.44,-0.07952588110457486,19.236842105263158
2021_warped,2021-11-26,18.0,53839.39,-0.13392801084512695,20.36842105263158
2021_warped,2021-11-27,19.0,54665.93,-0.12491036350496094,21.5
2021_warped,2021-11-28,20.0,57471.87,-0.09528327224632605,22.63157894736842
2021_warped,2021-11-29,21.0,57828.33,-0.09162349941632965,23.763157894736842
2021_warped,2021-11-30,22.0,56879.47,-0.10141594343117573,24.894736842105264
2021_warped,2021-12-01,23.0,57228.47,-0.09779532365766859,26.026315789473685
2021_warped,2021-12-02,24.0,56566.29,-0.10468391942033302,27.157894736842103
2021_warped,2021-12-03,25.0,53681.96,-0.13566127637473502,28.289473684210524
2021_warped,2021-12-04,26.0,49335.0,-0.18564249915278536,29.421052631578945
2021_warped,2021-12-05,27.0,49511.76,-0.18352562997220792,30.552631578947366
2021_warped,2021-12-06,28.0,50588.91,-0.17078684614816503,31.684210526315788
2021_warped,2021-12-07,29.0,50676.09,-0.1697677160971723,32.81578947368421
2021_warped,2021-12-08,30.0,50531.51,-0.17145880870994382,33.94736842105263
2021_warped,2021-12-09,31.0,47639.07,-0.20634718207533798,35.078947368421055
2021_warped,2021-12-10,32.0,47268.48,-0.2109695780237204,36.21052631578947
2021_warped,2021-12-11,33.0,49432.46,-0.184474386668049,37.34210526315789
2021_warped,2021-12-12,34.0,50065.39,-0.17694395545773534,38.473684210526315
2021_warped,2021-12-13,35.0,46639.86,-0.21889390742970746,39.60526315789473
2021_warped,2021-12-14,36.0,48343.16,-0.1976632356921757,40.73684210526316
2021_warped,2021-12-15,37.0,48885.97,-0.19105435434124468,41.868421052631575
2021_warped,2021-12-16,38.0,47605.48,-0.20676466805038876,43.0
2021_warped,2021-12-17,39.0,46240.15,-0.2239883590710007,44.13157894736842
2021_warped,2021-12-18,40.0,46813.13,-0.21669906839795272,45.26315789473684
2021_warped,2021-12-19,41.0,46683.77,-0.21833692198164228,46.39473684210526
2021_warped,2021-12-20,42.0,46963.71,-0.2147982349094191,47.526315789473685
2021_warped,2021-12-21,43.0,48954.47,-0.19022556482622943,48.6578947368421
2021_warped,2021-12-22,44.0,48646.94,-0.19395553051269124,49.78947368421053
2021_warped,2021-12-23,45.0,50840.46,-0.16785099868786943,50.921052631578945
2021_warped,2021-12-24,46.0,50815.7,-0.16813932810320142,52.05263157894737
2021_warped,2021-12-25,47.0,50395.07,-0.1730591345626045,53.18421052631579
2021_warped,2021-12-26,48.0,50841.73,-0.16783621336432739,54.315789473684205
2021_warped,2021-12-27,49.0,50663.26,-0.16991758811245927,55.44736842105263
2021_warped,2021-12-28,50.0,47594.55,-0.2069005791985836,56.57894736842105
2021_warped,2021-12-29,51.0,46518.8,-0.22043223804713716,57.71052631578947
2021_warped,2021-12-30,52.0,47097.85,-0.21311005618741538,58.84210526315789
2021_warped,2021-12-31,53.0,46244.63,-0.22393101615823896,59.973684210526315
2021_warped,2022-01-01,54.0,47748.83,-0.2049850381274042,61.10526315789473
2021_warped,2022-01-02,55.0,47258.52,-0.2110943093292333,62.23684210526316
2021_warped,2022-01-03,56.0,46519.76,-0.22042002341882905,63.368421052631575
2021_warped,2022-01-04,57.0,45889.4,-0.22849520623907796,64.5
2021_warped,2022-01-05,58.0,43422.85,-0.26119622973023143,65.63157894736842
2021_warped,2022-01-06,59.0,43133.33,-0.2651558552191347,66.76315789473684
2021_warped,2022-01-07,60.0,41656.16,-0.28578135127968135,67.89473684210526
2021_warped,2022-01-08,61.0,41667.48,-0.28562052752451433,69.02631578947368
2021_warped,2022-01-09,62.0,41838.78,-0.2831921794283089,70.15789473684211
2021_warped,2022-01-10,63.0,41872.47,-0.28271576027791384,71.28947368421052
2021_warped,2022-01-11,64.0,42771.24,-0.2701455598431242,72.42105263157895
2021_warped,2022-01-12,65.0,43884.25,-0.25494012409370836,73.55263157894737
2021_warped,2022-01-13,66.0,42617.64,-0.27227498494753355,74.68421052631578
2021_warped,2022-01-14,67.0,43158.68,-0.26480809540595046,75.8157894736842
2021_warped,2022-01-15,68.0,43082.34,-0.2658559725975543,76.94736842105263
2021_warped,2022-01-16,69.0,43137.67,-0.26509630314383525,78.07894736842105
2021_warped,2022-01-17,70.0,42285.47,-0.2769063714587977,79.21052631578947
2021_warped,2022-01-18,71.0,42411.61,-0.27514335359562225,80.34210526315789
2021_warped,2022-01-19,72.0,41723.49,-0.284825433269855,81.47368421052632
2021_warped,2022-01-20,73.0,40696.22,-0.2995807323435068,82.60526315789474
2021_warped,2022-01-21,74.0,36513.29,-0.3637766248009293,83.73684210526315
2021_warped,2022-01-22,75.0,35108.16,-0.3870040531465835,84.86842105263158
2021_warped,2022-01-23,76.0,36233.04,-0.3683370851514766,86.0
2021_warped,2022-01-24,77.0,36643.49,-0.36166979785682574,87.0
2021_warped,2022-01-25,78.0,36976.64,-0.35631284030622,88.0
2021_warped,2022-01-26,79.0,36838.9,-0.358521784704801,89.0
2021_warped,2022-01-27,80.0,37139.68,-0.35370876809975277,90.0
2021_warped,2022-01-28,81.0,37677.8,-0.3451943386914161,91.0
2021_warped,2022-01-29,82.0,38166.62,-0.3375647109552466,92.0
2021_warped,2022-01-30,83.0,37918.6,-0.3414235791386104,93.0
2021_warped,2022-01-31,84.0,38430.3,-0.3334895984649476,94.0
2021_warped,2022-02-01,85.0,38745.11,-0.3286607454555921,95.0
2021_warped,2022-02-02,86.0,36905.98,-0.35744498902786365,96.0
2021_warped,2022-02-03,87.0,37238.31,-0.3521389951076834,97.0
2021_warped,2022-02-04,88.0,41545.39,-0.28735737590164256,98.0
2021_warped,2022-02-05,89.0,41447.5,-0.28875364666630365,99.0
2021_warped,2022-02-06,90.0,42496.61,-0.27395829087306206,100.0
2021_warped,2022-02-07,91.0,43897.96,-0.25475523855171955,101.0
2021_warped,2022-02-08,92.0,44147.59,-0.2513989249531013,102.0
2021_warped,2022-02-09,93.0,44402.94,-0.24798528349804838,103.11111111111111
2021_warped,2022-02-10,94.0,43477.29,-0.26045462976619377,104.22222222222223
2021_warped,2022-02-11,95.0,42391.54,-0.27542351441511365,105.33333333333333
2021_warped,2022-02-12,96.0,42217.48,-0.2778588282160896,106.44444444444444
2021_warped,2022-02-13,97.0,42097.33,-0.2795457393562707,107.55555555555556
2021_warped,2022-02-14,98.0,42572.56,-0.2729014059539355,108.66666666666667
2021_warped,2022-02-15,99.0,44469.73,-0.2470956414520735,109.77777777777777
2021_warped,2022-02-16,100.0,43897.22,-0.25476521631161814,110.88888888888889
2021_warped,2022-02-17,101.0,40553.82,-0.30165544928541305,112.0
2021_warped,2022-02-18,102.0,39993.11,-0.30989622942753287,113.11111111111111
2021_warped,2022-02-19,103.0,40089.18,-0.3084761144156405,114.22222222222223
2021_warped,2022-02-20,104.0,38426.4,-0.3335496680839006,115.33333333333333
2021_warped,2022-02-21,105.0,37075.4,-0.3547340795787703,116.44444444444444
2021_warped,2022-02-22,106.0,38261.46,-0.33609574807513726,117.55555555555556
2021_warped,2022-02-23,107.0,37225.0,-0.35235059124024004,118.66666666666667
2021_warped,2022-02-24,108.0,38367.61,-0.3344559184643044,119.77777777777777
2021_warped,2022-02-25,109.0,39212.8,-0.32155883634765264,120.88888888888889
2021_warped,2022-02-26,110.0,39138.21,-0.32268579541452425,122.0
2021_warped,2022-02-27,111.0,37700.0,-0.34484569522413383,123.11111111111111
2021_warped,2022-02-28,112.0,43206.02,-0.26415921593969355,124.22222222222223
2021_warped,2022-03-01,113.0,44412.2,-0.24786186052989745,125.33333333333334
2021_warped,2022-03-02,114.0,43862.75,-0.25523017764973693,126.44444444444444
2021_warped,2022-03-03,115.0,42432.0,-0.27485886156968425,127.55555555555556
2021_warped,2022-03-04,116.0,39205.77,-0.32166495907689796,128.66666666666666
2021_warped,2022-03-05,117.0,39390.89,-0.3188767710580975,129.77777777777777
2021_warped,2022-03-06,118.0,38432.11,-0.33346172207183744,130.88888888888889
2021_warped,2022-03-07,119.0,38004.69,-0.34008127825030376,132.0
2021_warped,2022-03-08,120.0,38724.21,-0.3289801113649462,133.11111111111111
2021_warped,2022-03-09,121.0,41985.86,-0.2811150939339591,134.22222222222223
2021_warped,2022-03-10,122.0,39454.87,-0.31791618121516413,135.33333333333334
2021_warped,2022-03-11,123.0,38670.76,-0.32979764766500086,136.44444444444446
2021_warped,2022-03-12,124.0,38767.98,-0.328311473971144,137.55555555555554
2021_warped,2022-03-13,125.0,37780.14,-0.3435888297190084,138.66666666666669
2021_warped,2022-03-14,126.0,39644.88,-0.31507254402627277,139.77777777777777
2021_warped,2022-03-15,127.0,39361.36,-0.319320658133041,140.88888888888889
2021_warped,2022-03-16,128.0,41109.85,-0.29359520795935584,142.0
2021_warped,2022-03-17,129.0,40964.07,-0.29569784944472527,143.11111111111111
2021_warped,2022-03-18,130.0,41806.03,-0.28365567365655187,144.22222222222223
2021_warped,2022-03-19,131.0,42219.55,-0.27782980741480634,145.33333333333334
2021_warped,2022-03-20,132.0,41271.13,-0.29127767393713355,146.44444444444446
2021_warped,2022-03-21,133.0,41009.98,-0.29503486559564773,147.55555555555554
2021_warped,2022-03-22,134.0,42359.88,-0.2758657319406148,148.66666666666669
2021_warped,2022-03-23,135.0,42940.28,-0.2678109040872823,149.77777777777777
2021_warped,2022-03-24,136.0,43979.48,-0.253657095541405,150.88888888888889
2021_warped,2022-03-25,137.0,44355.11,-0.24862320122888287,152.0
2021_warped,2022-03-26,138.0,44548.42,-0.24604920442846437,153.11111111111111
2021_warped,2022-03-27,139.0,46819.78,-0.21661499373635845,154.22222222222223
2021_warped,2022-03-28,140.0,47191.31,-0.2119366830133818,155.33333333333334
2021_warped,2022-03-29,141.0,47430.74,-0.2089412532384271,156.44444444444446
2021_warped,2022-03-30,142.0,47022.82,-0.21405373027794297,157.55555555555554
2021_warped,2022-03-31,143.0,45475.83,-0.2338537038956706,158.66666666666669
2021_warped,2022-04-01,144.0,46222.43,-0.22421522523002296,159.77777777777777
2021_warped,2022-04-02,145.0,45871.46,-0.2287266454670241,160.88888888888889
2021_warped,2022-04-03,146.0,46358.05,-0.222481115298928,162.0
2021_warped,2022-04-04,147.0,46568.89,-0.2197952506744794,162.8030303030303
2021_warped,2022-04-05,148.0,45449.25,-0.23419975743863053,163.6060606060606
2021_warped,2022-04-06,149.0,43206.04,-0.26415894195415535,164.4090909090909
2021_warped,2022-04-07,150.0,43432.08,-0.26107043013871933,165.21212121212122
2021_warped,2022-04-08,151.0,42281.5,-0.27696194418978415,166.0151515151515
2021_warped,2022-04-09,152.0,42773.37,-0.2701160844941464,166.8181818181818
2021_warped,2022-04-10,153.0,42177.2,-0.27842382558696394,167.62121212121212
2021_warped,2022-04-11,154.0,39615.2,-0.3155158273703257,168.42424242424244
2021_warped,2022-04-12,155.0,40105.2,-0.30823963650137287,169.22727272727272
2021_warped,2022-04-13,156.0,41101.04,-0.29372206616468055,170.03030303030303
2021_warped,2022-04-14,157.0,39910.05,-0.31112678188192494,170.83333333333334
2021_warped,2022-04-15,158.0,40566.6,-0.3014689519334579,171.63636363636363
2021_warped,2022-04-16,159.0,40378.25,-0.30422349260100573,172.43939393939394
2021_warped,2022-04-17,160.0,39670.73,-0.3146867336559534,173.24242424242425
2021_warped,2022-04-18,161.0,40817.48,-0.29781973264992895,174.04545454545453
2021_warped,2022-04-19,162.0,41480.25,-0.2882861446939013,174.84848484848484
2021_warped,2022-04-20,163.0,41350.25,-0.2901440579302667,175.65151515151516
2021_warped,2022-04-21,164.0,40464.52,-0.3029602383162859,176.45454545454544
2021_warped,2022-04-22,165.0,39708.2,-0.3141279412598449,177.25757575757575
2021_warped,2022-04-23,166.0,39468.1,-0.31771774157492744,178.06060606060606
2021_warped,2022-04-24,167.0,39489.71,-0.3173937515147743,178.86363636363637
2021_warped,2022-04-25,168.0,40490.41,-0.30258165561431666,179.66666666666666
2021_warped,2022-04-26,169.0,38102.78,-0.3385555763305701,180.46969696969697
2021_warped,2022-04-27,170.0,39188.42,-0.32192695082454253,181.27272727272728
2021_warped,2022-04-28,171.0,39737.71,-0.3136882278723185,182.07575757575756
2021_warped,2022-04-29,172.0,38597.17,-0.33092508304529983,182.87878787878788
2021_warped,2022-04-30,173.0,37658.53,-0.3454971340872471,183.6818181818182
2021_warped,2022-05-01,174.0,38496.42,-0.3324721141119754,184.4848484848485
2021_warped,2022-05-02,175.0,38488.36,-0.3325960514526397,185.28787878787878
2021_warped,2022-05-03,176.0,37708.41,-0.3447136726437662,186.0909090909091
2021_warped,2022-05-04,177.0,39671.83,-0.31467032177042675,186.89393939393938
2021_warped,2022-05-05,178.0,36516.79,-0.36371989147149975,187.6969696969697
2021_warped,2022-05-06,179.0,36013.22,-0.37193893145506435,188.5
2021_warped,2022-05-07,180.0,35445.54,-0.38134329170627773,189.3030303030303
2021_warped,2022-05-08,181.0,34089.76,-0.4044272848289559,190.1060606060606
2021_warped,2022-05-09,182.0,30176.73,-0.47659420133819486,190.9090909090909
2021_warped,2022-05-10,183.0,30961.83,-0.4613920291240663,191.71212121212122
2021_warped,2022-05-11,184.0,29027.82,-0.4995693035883957,192.5151515151515
2021_warped,2022-05-12,185.0,28959.93,-0.5009552350448933,193.3181818181818
2021_warped,2022-05-13,186.0,29292.4,-0.49419882683710376,194.12121212121212
2021_warped,2022-05-14,187.0,30012.62,-0.47982186647465896,194.92424242424244
2021_warped,2022-05-15,188.0,31258.75,-0.45574291047620114,195.72727272727272
2021_warped,2022-05-16,189.0,29854.67,-0.48294508981319567,196.53030303030303
2021_warped,2022-05-17,190.0,30391.04,-0.4724055455995514,197.33333333333331
2021_warped,2022-05-18,191.0,28762.93,-0.5049953346667996,198.13636363636363
2021_warped,2022-05-19,192.0,30258.84,-0.4749858693502326,198.93939393939394
2021_warped,2022-05-20,193.0,29138.15,-0.4973238857582829,199.74242424242425
2021_warped,2022-05-21,194.0,29426.6,-0.4914933325325702,200.54545454545456
2021_warped,2022-05-22,195.0,30221.12,-0.4757241682954505,201.34848484848484
2021_warped,2022-05-23,196.0,29095.68,-0.4981872200401815,202.15151515151516
2021_warped,2022-05-24,197.0,29605.66,-0.4879026045613087,202.95454545454544
2021_warped,2022-05-25,198.0,29487.83,-0.4902630220100344,203.75757575757575
2021_warped,2022-05-26,199.0,29160.96,-0.4968607211295875,204.56060606060606
2021_warped,2022-05-27,200.0,28608.55,-0.5081807644347157,205.36363636363637
2021_warped,2022-05-28,201.0,28974.3,-0.5006616096994466,206.16666666666666
2021_warped,2022-05-29,202.0,29441.17,-0.4912003417356043,206.96969696969697
2021_warped,2022-05-30,203.0,31691.54,-0.4476041488659488,207.77272727272728
2021_warped,2022-05-31,204.0,31804.27,-0.44550246738037136,208.57575757575756
2021_warped,2022-06-01,205.0,29779.16,-0.48444402896124095,209.37878787878788
2021_warped,2022-06-02,206.0,30428.98,-0.4716670926540672,210.1818181818182
2021_warped,2022-06-03,207.0,29684.67,-0.48632510061571993,210.9848484848485
2021_warped,2022-06-04,208.0,29832.02,-0.4833943135900129,211.78787878787878
2021_warped,2022-06-05,209.0,29893.98,-0.4821662520293564,212.5909090909091
2021_warped,2022-06-06,210.0,31324.88,-0.45449204692588435,213.39393939393938
2021_warped,2022-06-07,211.0,31073.76,-0.45925614316454805,214.1969696969697
2021_warped,2022-06-08,212.0,30195.33,-0.47622949025118927,215.0
2021_warped,2022-06-09,213.0,30070.71,-0.47867735666322003,215.8030303030303
2021_warped,2022-06-10,214.0,29061.88,-0.4988752107512161,216.6060606060606
2021_warped,2022-06-11,215.0,28381.45,-0.5128980566414337,217.4090909090909
2021_warped,2022-06-12,216.0,26633.35,-0.5505255219371746,218.21212121212122
2021_warped,2022-06-13,217.0,22333.0,-0.6547568726801043,219.01515151515153
2021_warped,2022-06-14,218.0,22122.57,-0.6603603383895957,219.8181818181818
2021_warped,2022-06-15,219.0,22544.07,-0.6491891548017472,220.62121212121212
2021_warped,2022-06-16,220.0,20336.62,-0.7101828846867924,221.42424242424244
2021_warped,2022-06-17,221.0,20421.22,-0.7077257337808648,222.22727272727272
2021_warped,2022-06-18,222.0,18989.21,-0.7507583867645976,223.03030303030303
2021_warped,2022-06-19,223.0,20520.28,-0.7048615068502281,223.83333333333334
2021_warped,2022-06-20,224.0,20534.33,-0.7044563843044003,224.63636363636363
2021_warped,2022-06-21,225.0,20675.12,-0.7004120347641557,225.43939393939394
2021_warped,2022-06-22,226.0,19997.23,-0.7201440836824493,226.24242424242425
2021_warped,2022-06-23,227.0,21121.55,-0.6877675770592224,227.04545454545456
2021_warped,2022-06-24,228.0,21206.32,-0.6853968129059864,227.84848484848484
2021_warped,2022-06-25,229.0,21474.76,-0.6779513867729543,228.65151515151516
2021_warped,2022-06-26,230.0,21025.22,-0.6904732171293699,229.45454545454547
2021_warped,2022-06-27,231.0,20718.74,-0.6991645883517156,230.25757575757575
2021_warped,2022-06-28,232.0,20251.34,-0.7126701528439892,231.06060606060606
2021_warped,2022-06-29,233.0,20094.43,-0.7172740626456485,231.86363636363637
2021_warped,2022-06-30,234.0,19837.58,-0.7248884749837257,232.66666666666669
2021_warped,2022-07-01,235.0,19270.3,-0.7420610595625033,233.46969696969697
2021_warped,2022-07-02,236.0,19210.52,-0.7439000689448085,234.27272727272728
2021_warped,2022-07-03,237.0,19283.07,-0.7416689561972261,235.0757575757576
2021_warped,2022-07-04,238.0,20205.89,-0.714000025108739,235.87878787878788
2021_warped,2022-07-05,239.0,20171.1,-0.7150200073227184,236.6818181818182
2021_warped,2022-07-06,240.0,20556.8,-0.7038090523673397,237.4848484848485
2025_actual,2025-10-05,,124720.09,0.0,0.0
2025_actual,2025-10-06,,121393.95,-0.027030904237455366,1.0
2025_actual,2025-10-07,,123343.25,-0.011100827222456923,2.0
2025_actual,2025-10-08,,121714.51,-0.02439372587037225,3.0
2025_actual,2025-10-09,,112980.28,-0.09885865615689049,4.0
2025_actual,2025-10-10,,110768.89,-0.11862598765079287,5.0
2025_actual,2025-10-11,,115067.98,-0.08054886221642091,6.0
2025_actual,2025-10-12,,115274.03,-0.07875978296890992,7.0
2025_actual,2025-10-13,,113068.0,-0.09808253873274335,8.0
2025_actual,2025-10-14,,110804.12,-0.11830798862828665,9.0
2025_actual,2025-10-15,,108198.0,-0.14210906441249177,10.0
2025_actual,2025-10-16,,106463.3,-0.15827162154371627,11.0
2025_actual,2025-10-17,,107208.91,-0.15129258551125405,12.0
2025_actual,2025-10-18,,108676.78,-0.13769379051293068,13.0
2025_actual,2025-10-19,,110568.06,-0.12044068741161777,14.0
2025_actual,2025-10-20,,108362.27,-0.14059198067865444,15.0
2025_actual,2025-10-21,,107585.98,-0.14778160452521033,16.0
2025_actual,2025-10-22,,110116.03,-0.12453731832124315,17.0
2025_actual,2025-10-23,,111042.13,-0.11616226751450753,18.0
2025_actual,2025-10-24,,111666.21,-0.11055779276932573,19.0
2025_actual,2025-10-25,,114548.09,-0.08507721154669892,20.0
2025_actual,2025-10-26,,114087.06,-0.08911010521906769,21.0
2025_actual,2025-10-27,,112906.75,-0.09950968957476412,22.0
2025_actual,2025-10-28,,110032.13,-0.12529953231441884,23.0
2025_actual,2025-10-29,,108308.18,-0.1410912642784592,24.0
2025_actual,2025-10-30,,109555.27,-0.12964277559353454,25.0
2025_actual,2025-10-31,,110052.25,-0.125116693350054,26.0
2025_actual,2025-11-01,,110536.01,-0.12073059614305348,27.0
2025_actual,2025-11-02,,106557.98,-0.15738269620973488,28.0
2025_actual,2025-11-03,,101468.15,-0.20632699023064538,29.0
2025_actual,2025-11-04,,100291.85,-0.21798751093056398,30.0
2025_actual,2025-11-05,,103472.0,-0.1867709016614445,31.0
2025_actual,2025-11-06,,101447.93,-0.2065262844419955,32.0
2025_actual,2025-11-07,,102882.15,-0.19248778796098717,33.0
2025_actual,2025-11-08,,101838.43,-0.20268440857471928,34.0
2025_actual,2025-11-09,,106496.49,-0.157959919505799,35.0
2025_actual,2025-11-10,,106071.01,-0.16196317087987222,36.0
2025_actual,2025-11-11,,102734.93,-0.19391977041261158,37.0
2025_actual,2025-11-12,,101945.44,-0.2016341781532844,38.0
2025_actual,2025-11-13,,98906.39,-0.23189809910630066,39.0
2025_actual,2025-11-14,,94829.23,-0.2739942512963256,40.0
2025_actual,2025-11-15,,95095.36,-0.2711917687512265,41.0
2025_actual,2025-11-16,,95197.96,-0.2701134333693854,42.0
2025_actual,2025-11-17,,91855.7,-0.3058530789272702,43.0
2025_actual,2025-11-18,,92184.51,-0.30227983425583793,44.0
2025_actual,2025-11-19,,91783.66,-0.3066376602250426,45.0
2025_actual,2025-11-20,,87214.0,-0.3577070778788775,46.0
2025_actual,2025-11-21,,84826.0,-0.38546984678757096,47.0
2025_actual,2025-11-22,,85133.92,-0.3818464003079607,48.0
2025_actual,2025-11-23,,86499.25,-0.36593620298566826,49.0
2025_actual,2025-11-24,,87981.12,-0.3489497003601888,50.0
2025_actual,2025-11-25,,87366.12,-0.35596438187776475,51.0
2025_actual,2025-11-26,,90635.53,-0.3192256468372901,52.0
2025_actual,2025-11-27,,91094.0,-0.3141800059591953,53.0
2025_actual,2025-11-28,,90919.78,-0.3160943670939013,54.0
2025_actual,2025-11-29,,90946.75,-0.315797775959758,55.0
2025_actual,2025-11-30,,87446.89,-0.3550403087124147,56.0
2025_actual,2025-12-01,,86628.25,-0.3644459715218801,57.0
2025_actual,2025-12-02,,91532.75,-0.3093751146262727,58.0
2025_actual,2025-12-03,,93150.03,-0.2918605272569443,59.0
2025_actual,2025-12-04,,92353.31,-0.30045039845694516,60.0
2025_actual,2025-12-05,,89347.18,-0.3335422665341935,61.0
2025_actual,2025-12-06,,89480.46,-0.3320516689433768,62.0
2025_actual,2025-12-07,,90435.42,-0.321435941547382,63.0
2025_actual,2025-12-08,,90338.37,-0.3225096592508592,64.0
2025_actual,2025-12-09,,92243.57,-0.301639367771354,65.0
2025_actual,2025-12-10,,91194.97,-0.3130722043151784,66.0
2025_actual,2025-12-11,,91784.59,-0.30662752775387725,67.0
2025_actual,2025-12-12,,90350.0,-0.3223809293274439,68.0
2025_actual,2025-12-13,,90326.01,-0.3226464875511504,69.0
2025_actual,2025-12-14,,88460.01,-0.343521360880063,70.0
2025_actual,2025-12-15,,85950.0,-0.3723062145368233,71.0
2025_actual,2025-12-16,,87599.87,-0.3532924324427018,72.0
2025_actual,2025-12-17,,86064.34,-0.3709767902941691,73.0
2025_actual,2025-12-18,,85352.25,-0.37928513543404,74.0
2025_actual,2025-12-19,,88016.09,-0.34855230769174594,75.0
2025_actual,2025-12-20,,88322.39,-0.3450783035146244,76.0
2025_actual,2025-12-21,,88716.0,-0.3406316900027182,77.0
2025_actual,2025-12-22,,88837.97,-0.3392577976680587,78.0
2025_actual,2025-12-23,,87594.74,-0.353350995888249,79.0
2025_actual,2025-12-24,,87516.0,-0.35425031257558515,80.0
2025_actual,2025-12-25,,87159.35,-0.35833389386640446,81.0
2025_actual,2025-12-26,,87280.65,-0.3569431575725384,82.0
2025_actual,2025-12-27,,87844.66,-0.35050191900979405,83.0
2025_actual,2025-12-28,,88029.48,-0.3484001879874463,84.0
2025_actual,2025-12-29,,87055.23,-0.3595292015426838,85.0
2025_actual,2025-12-30,,88185.26,-0.3466321175004753,86.0
2025_actual,2025-12-31,,87696.0,-0.35219565806192094,87.0
2025_actual,2026-01-01,,88642.88,-0.3414562329197987,88.0
2025_actual,2026-01-02,,90112.01,-0.32501849429715385,89.0
2025_actual,2026-01-03,,91351.98,-0.31135198889971527,90.0
2025_actual,2026-01-04,,92392.38,-0.30002743865114434,91.0
2025_actual,2026-01-05,,93891.94,-0.28392739983132437,92.0
2025_actual,2026-01-06,,92771.99,-0.2959271840304931,93.0
2025_actual,2026-01-07,,91377.92,-0.3110680725819779,94.0
2025_actual,2026-01-08,,91246.53,-0.3125069820234006,95.0
2025_actual,2026-01-09,,90476.01,-0.3209872136734043,96.0
2025_actual,2026-01-10,,90509.91,-0.3206125988923598,97.0
2025_actual,2026-01-11,,91538.05,-0.3093172135300686,98.0
2025_actual,2026-01-12,,91293.98,-0.3119870974118289,99.0
2025_actual,2026-01-13,,95222.7,-0.2698535876137916,100.0
2025_actual,2026-01-14,,96852.91,-0.25287851050045895,101.0
2025_actual,2026-01-15,,95569.99,-0.26621308772294444,102.0
2025_actual,2026-01-16,,95467.76,-0.2672833474989138,103.0
2025_actual,2026-01-17,,95015.57,-0.27203117345757355,104.0
2025_actual,2026-01-18,,92624.74,-0.29751566977091404,105.0
2025_actual,2026-01-19,,92572.21,-0.2980829577463234,106.0
2025_actual,2026-01-20,,88916.02,-0.33837961760564755,107.0
2025_actual,2026-01-21,,89936.47,-0.3269684141811723,108.0
2025_actual,2026-01-22,,89522.33,-0.3315838549974199,109.0
2025_actual,2026-01-23,,89365.99,-0.33333176162211026,110.0
2025_actual,2026-01-24,,89155.13,-0.3356940602460253,111.0
2025_actual,2026-01-25,,86978.89,-0.3604065008319988,112.0
2025_actual,2026-01-26,,88136.48,-0.34718542421403764,113.0
2025_actual,2026-01-27,,89296.0,-0.3341152523196037,114.0
2025_actual,2026-01-28,,88963.96,-0.33784060246565584,115.0
2025_actual,2026-01-29,,83943.96,-0.3959225130183333,116.0
2025_actual,2026-01-30,,83986.02,-0.39542158994456794,117.0
2025_actual,2026-01-31,,78727.3,-0.46008196418135344,118.0
2025_actual,2026-02-01,,77831.33,-0.4715278970141167,119.0
2025_actual,2026-02-02,,78938.16,-0.4574071852447943,120.0
2025_actual,2026-02-03,,76313.98,-0.4912158007434241,121.0
2025_actual,2026-02-04,,72853.79,-0.5376173903694013,122.0
2025_actual,2026-02-05,,63845.99,-0.6695981693049277,123.0
2025_actual,2026-02-06,,69936.2,-0.5784885484913194,124.0
2025_actual,2026-02-07,,69199.99,-0.5890712282507384,125.0
2025_actual,2026-02-08,,70477.92,-0.5707724770915173,126.0
2025_actual,2026-02-09,,69986.8,-0.5777652935267211,127.0
2025_actual,2026-02-10,,69219.0,-0.5887965549545454,128.0
2025_actual,2026-02-11,,67479.13,-0.6142535814799762,129.0
2025_actual,2026-02-12,,66001.99,-0.6363870532786521,130.0
2025_actual,2026-02-13,,68970.18,-0.5923977090955264,131.0
2025_actual,2026-02-14,,69801.43,-0.5804174497011955,132.0
2025_actual,2026-02-15,,68913.72,-0.5932166589969367,133.0
2025_actual,2026-02-16,,68810.28,-0.5947187939835802,134.0
2025_actual,2026-02-17,,67191.37,-0.6185271297025159,135.0
2025_actual,2026-02-18,,66533.36,-0.6283684703549046,136.0
2025_actual,2026-02-19,,67214.29,-0.6181860726336073,137.0
2025_actual,2026-02-20,,67885.32,-0.6082521354702346,138.0
2025_actual,2026-02-21,,67969.48,-0.6070131654704144,139.0
2025_actual,2026-02-22,,66238.9,-0.6328040427067563,140.0
2025_actual,2026-02-23,,64743.99,-0.6556310686267594,141.0
2025_actual,2026-02-24,,64290.01,-0.6626676926669124,142.0
2025_actual,2026-02-25,,68448.27,-0.5999936688731857,143.0
2025_actual,2026-02-26,,67068.86,-0.6203520935656279,144.0
2025_actual,2026-02-27,,65950.0,-0.6371750672023578,145.0
2025_actual,2026-02-28,,66680.36,-0.6261614895774463,146.0
2025_actual,2026-03-01,,66474.29,-0.6292566900006699,147.0
2025_actual,2026-03-02,,69016.92,-0.591720254437988,148.0
2025_actual,2026-03-03,,68222.81,-0.6032929799566935,149.0
2025_actual,2026-03-04,,72776.66,-0.538676646963222,150.0
2025_actual,2026-03-05,,70955.49,-0.5640191673176685,151.0
2025_actual,2026-03-06,,68350.0,-0.6014303831957228,152.0
2025_actual,2026-03-07,,67193.87,-0.6184899232354919,153.0
2025_actual,2026-03-08,,66055.14,-0.6355820985916938,154.0
2025_actual,2026-03-09,,68480.54,-0.5995223290492667,155.0
2025_actual,2026-03-10,,69847.95,-0.5797512096975411,156.0
2025_actual,2026-03-11,,70210.72,-0.5745709404396682,157.0
2025_actual,2026-03-12,,70500.54,-0.570451577002325,158.0
2025_actual,2026-03-13,,70838.78,-0.5656653555078737,159.0
2025_actual,2026-03-14,,71118.53,-0.5617240246649837,160.0
2025_actual,2026-03-15,,72953.27,-0.5362528471787518,161.0
2025_actual,2026-03-16,,74758.54,-0.5118084931289946,162.0
2025_actual,2026-03-17,,73845.35,-0.5240989048412495,163.0
2025_actual,2026-03-18,,71204.95,-0.5605096078924164,164.0
2025_actual,2026-03-19,,69858.95,-0.5795937371600682,165.0
2025_actual,2026-03-20,,70560.99,-0.5695945041533287,166.0
2025_actual,2026-03-21,,68398.68,-0.6007184201690043,167.0
2025_actual,2026-03-22,,67977.71,-0.6068920890434569,168.0
2025_actual,2026-03-23,,70906.0,-0.5647168901740648,169.0
2025_actual,2026-03-24,,70555.44,-0.5696731626058259,170.0
2025_actual,2026-03-25,,71277.56,-0.5594903949899265,171.0
2025_actual,2026-03-26,,68762.2,-0.5954177710167418,172.0
2025_actual,2026-03-27,,66390.02,-0.6305252023844705,173.0
2025_actual,2026-03-28,,66392.04,-0.6304947765874894,174.0
2025_actual,2026-03-29,,65862.79,-0.6384983077274259,175.0
2025_actual,2026-03-30,,66683.77,-0.6261103513890783,176.0
2025_actual,2026-03-31,,68133.96,-0.6045961790948764,177.0
2025_actual,2026-04-01,,68100.65,-0.6050851884686883,178.0
2025_actual,2026-04-02,,66959.99,-0.6219766695273639,179.0
2025_actual,2026-04-03,,66911.51,-0.6227009461974438,180.0
2025_actual,2026-04-04,,67284.16,-0.6171471014590669,181.0
2025_actual,2026-04-05,,69279.05,-0.5879293946766501,182.0
2025_actual,2026-04-06,,68909.06,-0.5932842820705937,183.0
2025_actual,2026-04-07,,71872.04,-0.5511846307048897,184.0
2025_actual,2026-04-08,,71015.98,-0.5631670242263785,185.0
2025_actual,2026-04-09,,71798.73,-0.552205158490222,186.0
2025_actual,2026-04-10,,72905.26,-0.5369111563189009,187.0
2025_actual,2026-04-11,,72997.99,-0.5356400398429401,188.0
2025_actual,2026-04-12,,70661.26,-0.5681744727227371,189.0
2025_actual,2026-04-13,,74505.1,-0.5152043669473594,190.0
2025_actual,2026-04-14,,74386.01,-0.5168040598423365,191.0
2025_actual,2026-04-15,,74725.02,-0.5122569705476728,192.0
2025_actual,2026-04-16,,75124.72,-0.5069222806387198,193.0
2025_actual,2026-04-17,,75736.82,-0.49880751051415034,194.0
2025_actual,2026-04-18,,73823.14,-0.5243997137703241,195.0
2025_actual,2026-04-19,,74201.44,-0.5192883893725739,196.0
2025_actual,2026-04-20,,75854.66,-0.49725280541151534,197.0
2025_actual,2026-04-21,,76434.02,-0.48964406134635324,198.0
2025_actual,2026-04-22,,78416.36,-0.4640393673092116,199.0
2025_actual,2026-04-23,,78281.09,-0.4657658795607073,200.0
2025_actual,2026-04-24,,77490.01,-0.47592292154092153,201.0
2025_actual,2026-04-25,,77650.51,-0.4738538288595214,202.0
2025_actual,2026-04-26,,78818.4,-0.4589254742212516,203.0
2025_actual,2026-04-27,,77302.47,-0.47834603785460317,204.0
2025_actual,2026-04-28,,76361.99,-0.490586887082912,205.0
2025_actual,2026-04-29,,75794.4,-0.4980475350744841,206.0
2025_actual,2026-04-30,,76442.08,-0.48953861647946484,207.0
2025_actual,2026-05-01,,78285.16,-0.4657138887900153,208.0
2025_actual,2026-05-02,,78705.06,-0.46036449821880226,209.0
2025_actual,2026-05-03,,78496.31,-0.4630203290515795,210.0
2025_actual,2026-05-04,,79926.19,-0.44496836257221717,211.0
2025_actual,2026-05-05,,81028.26,-0.43127396365193,212.0
2025_actual,2026-05-06,,81476.51,-0.4257571885213747,213.0
2025_actual,2026-05-07,,80047.2,-0.44345548567337056,214.0
2025_actual,2026-05-08,,80150.27,-0.4421686986320755,215.0
2025_actual,2026-05-09,,80645.62,-0.43600745201071234,216.0
2025_actual,2026-05-10,,82103.78,-0.41808788955426124,217.0
2025_actual,2026-05-11,,81734.25,-0.4225988157002054,218.0
2025_actual,2026-05-12,,80414.77,-0.43887408058506594,219.0
2025_actual,2026-05-13,,79371.63,-0.45193094674705003,220.0
2025_actual,2026-05-14,,79142.38,-0.454823437572751,221.0
2025_actual,2026-05-15,,79026.0,-0.4562950341207169,222.0
2025_actual,2026-05-16,,78183.58,-0.4670122952866843,223.0
2025_actual,2026-05-17,,77269.08,-0.47877807079364487,224.0
2025_actual,2026-05-18,,76952.14,-0.4828882762010848,225.0
2025_actual,2026-05-19,,76799.23,-0.4848773323039828,226.0
2025_actual,2026-05-20,,77494.61,-0.4758635608120781,227.0
2025_actual,2026-05-21,,77451.06,-0.47642569334726675,228.0
2025_actual,2026-05-22,,75478.44,-0.5022248938054624,229.0
2025_actual,2026-05-23,,76627.99,-0.4871095316634357,230.0
2025_actual,2026-05-24,,77078.18,-0.4812517149301426,231.0
2025_actual,2026-05-25,,77196.83,-0.4797135523541911,232.0
2025_actual,2026-05-26,,75834.53,-0.4975182165475122,233.0
2025_actual,2026-05-27,,74422.7,-0.5163109435355896,234.0
2025_actual,2026-05-28,,74025.1,-0.521667721483971,235.0
2025_actual,2026-05-29,,73897.41,-0.5233941663869974,236.0
2025_actual,2026-05-30,,73758.31,-0.5252782795273359,237.0
2025_actual,2026-05-31,,73688.35,-0.5262272329353002,238.0
