cycle,rel_day,drawdown_pct,price_if_replayed_from_2025_peak
2017,0,0.0,124720.09
2017,1,-1.7543741959720416,122532.03292384688
2017,2,-7.9480922380371855,114807.22220743701
2017,3,-14.872292106038564,106171.3539002858
2017,4,-18.68100453119591,101421.12433578838
2017,5,-26.67022378359244,91456.9628939021
2017,6,-22.204975594703345,97026.02445380794
2017,7,-26.61155199522782,91530.13840115505
2017,8,-26.86935696855204,91208.60380640063
2017,9,-18.51546442822872,101627.58610119515
2017,10,-20.70236890570665,98900.07686867066
2017,11,-25.434658875410953,92997.96055939447
2017,12,-24.841026286715675,93738.33965828455
2017,13,-33.74272859421467,82636.12852883973
2017,14,-28.46309327782306,89220.89444711513
2017,15,-30.44007969455581,86755.19520887827
2017,16,-23.724043409899075,95131.4417075348
2017,17,-22.09016052952193,97169.22190643576
2017,18,-21.848403864184885,97470.74103702513
2017,19,-12.48248747741757,109151.92038392607
2017,20,-11.765319038814715,110046.37350600315
2017,21,-16.537342761413278,104094.70122435688
2017,22,-22.628888296036077,96497.32015118434
2017,23,-25.274795022857234,93197.34290017694
2017,24,-23.240684886054442,95734.2868934965
2017,25,-31.327380838733088,85648.55242328934
2017,26,-28.685653896307294,88943.31664343704
2017,27,-26.78694813300384,91311.38418026429
2017,28,-29.530744378319007,87889.3190336906
2017,29,-29.872506255485977,87463.07331290226
2017,30,-40.296114503387436,74462.73972487214
2017,31,-42.20539873337052,72081.47871488142
2017,32,-41.66089151188994,72760.5886115685
2017,33,-40.662593870991216,74005.66632776527
2017,34,-34.14104656641034,82139.34599543111
2017,35,-40.56362070469102,74129.10574985073
2017,36,-44.44137697578666,69292.7646385596
2017,37,-44.140845317532026,69667.58799321328
2017,38,-41.39637824262255,73090.48979906073
2017,39,-42.62858900283245,71553.67542993727
2017,40,-42.78912368498049,71353.45642988101
2017,41,-41.59138324546326,72847.2793840133
2017,42,-40.471613845716426,74243.85678717
2017,43,-42.60273626231296,71585.91899118065
2017,44,-48.42352465221356,64326.22647258706
2017,45,-47.881752351386744,65001.92537377334
2017,46,-53.484521123133874,58014.14711915841
2017,47,-54.65439633334864,56555.07770409087
2017,48,-52.31949652690879,59467.16684409248
2017,49,-57.851724986699516,52567.36653003588
2017,50,-64.36764764314343,44440.70192858863
2017,51,-60.325796132822205,49481.70276992762
2017,52,-60.90740539109623,48756.31917955992
2017,53,-57.59273316101614,52890.38136812082
2017,54,-55.255614456687375,55805.23791956649
2017,55,-55.893005775842816,55010.282892663636
2017,56,-58.341533795104915,51956.47654336473
2017,57,-54.21701543785306,57100.57955059577
2017,58,-56.034808831626414,54833.42599386758
2017,59,-51.11726668933727,60966.588979518536
2017,60,-48.23656960450467,64559.396976349126
2017,61,-47.533436985106036,65436.34461208246
2017,62,-42.61052820606235,71576.20087192365
2017,63,-46.43663059839548,66804.2825247136
2017,64,-42.515063994563185,71695.2639224232
2017,65,-42.02190103818621,72310.33720546322
2017,66,-46.05358690003969,67282.01497004229
2017,67,-49.27496221423304,63264.312778942556
2017,68,-47.64954210719961,65291.53819931275
2017,69,-50.00451519919253,62354.41363950339
2017,70,-50.47218663098542,61771.13340886702
2017,71,-46.84965521938966,66289.15784568751
2017,72,-45.47409333510157,68004.75986577732
2017,73,-46.81214036438431,66335.94640661356
2017,74,-43.774572359034195,70124.40395669742
2017,75,-43.237495865367606,70794.24624296725
2017,76,-41.00569740734683,73577.74728842937
2017,77,-40.81270489328907,73818.44772565545
2017,78,-41.289303518914046,73224.03349083723
2017,79,-44.785564159948485,68863.4940727045
2017,80,-48.81054172585878,63843.53843002136
2017,81,-51.984597752514446,59884.852896926
2017,82,-52.24209311217973,59563.704452605634
2017,83,-54.6135273303717,56606.049561385815
2017,84,-50.803008825537354,61358.531670081866
2017,85,-52.93872384474114,58694.865975987384
2017,86,-52.80760246019014,58858.40068480864
2017,87,-57.64985688108617,52819.136613038136
2017,88,-57.37657122481616,53159.978729495175
2017,89,-57.29911620781063,53256.58069641399
2017,90,-59.41470633918486,50618.01478053293
2017,91,-57.72741510264468,52722.40592930797
2017,92,-55.6788047261493,55277.43463462234
2017,93,-54.073973927433784,57278.98105112805
2017,94,-54.11623619187584,57226.271516879875
2017,95,-55.02815162193695,56088.929771783776
2017,96,-53.934131758156646,57453.392330508446
2017,97,-55.97634345236775,54906.344067497834
2017,98,-56.3805956863593,54402.16031743656
2017,99,-57.96994580212901,52419.92142263348
2017,100,-59.78319819557161,50158.431405604715
2017,101,-59.01375665088842,51118.07959263098
2017,102,-63.46563985016763,45565.68685979506
2017,103,-64.66270946009054,44072.70056493657
2017,104,-64.2473627366545,44590.72137221805
2017,105,-64.82783674484584,43866.75366677521
2017,106,-63.64614461331577,45340.56115674242
2017,107,-61.68582573188799,47785.47262994614
2017,108,-64.95338508353635,43710.1696657669
2017,109,-64.9834692107277,43672.64871525811
2017,110,-65.84440159162061,42598.893074969346
2017,111,-64.42533898825481,44368.74923104351
2017,112,-63.77515030453084,45179.665142553866
2017,113,-65.05942776171514,43577.91314210389
2017,114,-64.78149790056138,43924.54751507173
2017,115,-64.17259103802624,44683.97670204174
2017,116,-59.15163793365908,50946.113932666245
2017,117,-59.269342726323714,50799.312409320606
2017,118,-58.70213050318929,51506.74000450486
2017,119,-56.88500793901024,53773.05690195929
2017,120,-58.465688872330304,51801.63021930966
2017,121,-59.274967374460694,50792.29734310198
2017,122,-57.93356619720635,52465.29409863466
2017,123,-57.304276435459236,53250.14485584645
2017,124,-54.24802840602116,57061.900148784836
2017,125,-53.99440321709233,57378.22171267956
2017,126,-54.61574622826061,56603.28214994176
2017,127,-53.912458802032525,57480.42286089211
2017,128,-50.203803190981574,62105.8614767849
2017,129,-54.24952487203927,57060.03375502024
2017,130,-52.15380161711214,59673.821684716284
2017,131,-53.9576107939578,57424.109255926116
2017,132,-51.855127640811006,60046.32813676564
2017,133,-51.55057100499045,60426.171447062
2017,134,-52.29978445729112,59491.751755060504
2017,135,-53.18491830585599,58387.812022509934
2017,136,-52.575031000067604,59148.46401918778
2017,137,-49.812967548876394,62593.31204137058
2017,138,-50.02319522328047,62331.115896648895
2017,139,-49.42976904369114,63071.23756191627
2017,140,-50.46181457341172,61784.06944840778
2017,141,-51.7196200627587,60215.33331006929
2017,142,-52.6404110843754,59066.92191919702
2017,143,-52.00947004978072,59853.83214539044
2017,144,-53.50371716998667,57990.205792247165
2017,145,-56.6369041936654,54082.49211644673
2017,146,-56.267070678090036,54543.748809922494
2017,147,-55.17774662146995,55902.354753730724
2017,148,-55.26082628661246,55798.73772059328
2017,149,-56.25437651807448,54559.580977718644
2017,150,-56.943060500057015,53700.65369557444
2017,151,-58.41372537990887,51866.43913382482
2017,152,-57.487412914708145,53021.736874104376
2017,153,-57.50242917716558,53003.008578052824
2017,154,-56.05106354871951,54813.153096079826
2017,155,-56.6879388451101,54018.84165323372
2017,156,-58.78164961125425,51407.563701359046
2017,157,-61.272491497234896,48300.98345940629
2017,158,-60.86405947884798,48810.38024032727
2017,159,-61.509294344029286,48005.642735761765
2017,160,-62.13450752593401,47225.876292598325
2017,161,-62.08966514766765,47281.803747130274
2017,162,-63.32141148738919,45745.56860365786
2017,163,-61.50470174142203,48011.37063386688
2017,164,-61.917468351033776,47496.56774686916
2017,165,-61.375696050206955,48172.26664805545
2017,166,-61.22439817554992,48360.96549349578
2017,167,-60.59433437965549,49146.78162679273
2017,168,-60.23337645563572,49596.96867449232
2017,169,-61.36346631067977,48187.51959020051
2017,170,-60.71771542273359,48992.900678822785
2017,171,-60.49845734994446,49266.359544537656
2017,172,-60.34401173642176,49458.98425272421
2017,173,-60.68510278399442,49033.57519120966
2017,174,-61.31686945501289,48245.63523052541
2017,175,-65.06365914838699,43572.63575283851
2017,176,-64.49247354996312,44285.01894525979
2017,177,-66.22636164217022,42122.51215615983
2017,178,-67.47859408565668,40560.726725634304
2017,179,-65.74388035702583,42724.26324922506
2017,180,-67.0198498476959,41132.87295208882
2017,181,-66.5395874604404,41731.85663371002
2017,182,-66.73118671303304,41492.89387343715
2017,183,-65.37992950096987,43178.18308445383
2017,184,-65.23859086567462,43354.46075759883
2017,185,-65.13698598327365,43481.182458373725
2017,186,-65.32837882676033,43242.47713172358
2017,187,-68.72994929044289,39000.035388005264
2017,188,-68.11861712091292,39762.489420042
2017,189,-68.26465156336837,39580.355131980556
2017,190,-67.76916650454952,40198.32454327599
2017,191,-68.6567772623857,39091.295607253014
2017,192,-68.35660682006647,39465.66845306695
2017,193,-69.8041022777761,37660.35081546561
2017,194,-67.99441044141103,39917.40010250276
2017,195,-67.06128647571417,41081.19315233146
2017,196,-67.23513454519559,40864.36968361096
2017,197,-65.88165843524354,42552.42630607166
2017,198,-66.44500048764151,41849.82559131308
2017,199,-66.00715517165756,42395.90666346903
2017,200,-66.28849078305939,42045.02463572663
2017,201,-65.94249751922057,42476.54774578034
2017,202,-65.1515378252427,43463.03338797326
2017,203,-65.41630910589251,43132.810408452664
2017,204,-65.61219134743348,42888.50590050875
2017,205,-67.47147297150163,40569.6081856175
2017,206,-67.02593891632124,41125.278660219126
2017,207,-67.74986725314373,40222.394586998606
2017,208,-67.922528470266,40007.051361608625
2017,209,-67.75554350355722,40215.315162374274
2017,210,-67.23910792048503,40859.41408637394
2017,211,-65.277808595804,43305.54836928551
2017,212,-62.25288314819297,47078.23810997889
2017,213,-61.92273178323535,47490.003189490264
2017,214,-61.4530478626595,48075.793397947986
2017,215,-62.15251672042764,47203.41520901759
2017,216,-61.773033579149384,47676.706924354665
2017,217,-61.825667901165126,47611.06135056574
2017,218,-60.162578132296886,49685.268407079006
2017,219,-56.728911052639994,53967.741079127445
2017,220,-57.90724903619848,52498.11688552912
2017,221,-59.069125893557924,51049.023023341244
2017,222,-57.767613276027284,52672.27073128682
2017,223,-57.53700270241122,52959.88844625029
2017,224,-57.601815161677685,52879.05428872195
2017,225,-57.84088850863745,52580.88179522772
2017,226,-60.12552769777992,49731.47774235395
2017,227,-60.76168056229969,48938.06731718732
2017,228,-61.123257713637294,48487.107968619624
2017,229,-61.74165939504588,47715.83683500532
2017,230,-63.85260532153636,45083.06317563506
2017,231,-63.72354802804481,45244.02354822929
2017,232,-64.19834057399277,44651.86185760971
2017,233,-65.33245540660272,43237.39281767522
2017,234,-67.58086979765199,40433.168365585625
2017,235,-66.21882770980325,42131.90848338844
2017,236,-68.28518926940981,39554.74048652175
2017,237,-67.82309088347742,40131.07000934517
2017,238,-67.40795056914732,40648.833383003956
2017,239,-67.72963916076122,40247.623082023354
2017,240,-68.03233811462826,39870.09667433133
2017,241,-67.65048126863165,40346.348876329466
2017,242,-67.40851819418866,40648.125440541524
2017,243,-66.01737242240179,42383.16369914531
2017,244,-66.99188141384045,41167.75520796492
2017,245,-66.51254786756174,41765.58043828393
2017,246,-67.7034768065828,40280.25279370081
2017,247,-66.58293337268867,41677.795572942654
2017,248,-67.18100375716176,40931.88165116447
2017,249,-66.3224966832637,42002.6124463865
2017,250,-65.47353603051552,43061.43693655861
2017,251,-65.23286301298468,43361.604540628796
2017,252,-65.3749756824272,43184.361491398675
2017,253,-64.3330225156213,44483.88641879685
2017,254,-63.51197869445209,45507.893011498534
2017,255,-63.71895542543755,45249.751446334405
2017,256,-63.96613032980562,44941.47468314913
2017,257,-63.800951442773844,45147.48593971616
2017,258,-62.89239016068433,46280.644388443354
2017,259,-62.356139303441516,46949.456940222364
2017,260,-62.55233115864141,46704.76628184439
2017,261,-62.02072450628232,47367.78657711263
2017,262,-65.48860389524944,43042.64428210139
2017,263,-66.48432142232387,41800.78448618838
2017,264,-67.00029258490767,41157.26478783982
2017,265,-68.06851131044498,39824.981431952845
2017,266,-67.82592900868416,40127.53029703301
2017,267,-67.49056581380144,40545.79557551761
2017,268,-67.58071499082254,40433.36144080263
2017,269,-67.35639989493777,40713.12743027371
2017,270,-66.5308150734378,41742.79756267482
2017,271,-66.57183888324418,41691.63263016286
2017,272,-66.36212723160494,41953.18519082781
2017,273,-66.46884073937807,41820.09200789101
2017,274,-67.74496503687757,40228.508635537764
2017,275,-67.30634568674631,40775.555083778876
2017,276,-67.04193562203191,41105.32755445974
2017,277,-66.49407425257974,41788.62074751572
2017,278,-65.16846337193012,43441.92383091172
2017,279,-65.388650285696,43167.306513894684
2017,280,-65.44200703958256,43100.759922426296
2017,281,-66.03491719640704,42361.28184121566
2017,282,-66.78418225098419,41426.79779080849
2017,283,-66.68732477801991,41547.59851826126
2017,284,-65.52962770505584,42991.47934958941
2017,285,-65.83924136397201,42605.32891553688
2017,286,-66.04054184454402,42354.266774997035
2017,287,-65.91669638097754,42508.72694861806
2017,288,-66.0827009044331,42301.68595756022
2017,289,-66.4664670346597,41823.05249455208
2017,290,-66.63381321730391,41614.338184946675
2017,291,-66.21366748215465,42138.344323955986
2017,292,-65.97376849877111,42437.54655194102
2017,293,-66.1879695484646,42170.39480998236
2017,294,-66.09730434867865,42283.47252875408
2017,295,-65.90085448209634,42528.484979160414
2017,296,-65.99678311408387,42408.842703009796
2017,297,-66.33178509303117,41991.02793336494
2017,298,-68.24039849341995,39610.60358264801
2017,299,-68.06845970816849,39825.04579035852
2017,300,-68.02722948925614,39876.46815649319
2017,301,-68.09178393714018,39795.95579099322
2017,302,-66.76596664738462,41449.51630801193
2017,303,-66.67984244792945,41556.93048708419
2017,304,-66.7490411006972,41470.62586507347
2017,305,-67.00055059629011,41156.942995811434
2017,306,-67.0623185212439,41079.90598421795
2017,307,-66.90229986186071,41279.48140021744
2017,308,-66.89259863388133,41291.58078048442
2017,309,-66.93506730742934,41238.61381261356
2017,310,-66.99962175531336,41158.1014471136
2017,311,-66.89208261111648,41292.22436454118
2017,312,-66.99735125514798,41160.93321696331
2017,313,-66.94941274029244,41220.72217583579
2017,314,-66.9274817727859,41248.07449824784
2017,315,-66.95586302485322,41212.677375126346
2017,316,-67.66601355385394,40326.976996221165
2017,317,-67.65760238278672,40337.467416346255
2017,318,-67.46899606223027,40572.69738908994
2017,319,-67.26351579726291,40828.972560489485
2017,320,-67.23358647690102,40866.30043578122
2017,321,-67.3256449381521,40751.48504005626
2017,322,-66.85441294928167,41339.206000684244
2017,323,-66.95390213834673,41215.12299454203
2017,324,-66.72427200798391,41501.51789979766
2017,325,-66.44242037381721,41853.043511596836
2017,326,-66.94234322841388,41229.5392774133
2017,327,-67.31052547114169,40770.34205291916
2017,328,-67.2458678187047,40850.98313523046
2017,329,-67.19333670124192,40916.49999220804
2017,330,-67.34675026923487,40725.16245213502
2017,331,-67.70038066999365,40284.11429804131
2017,332,-71.07455032486214,36075.84686773665
2017,333,-71.20840663006689,35908.90116341461
2017,334,-71.5555867462649,35475.89781003034
2017,335,-71.59722978338912,35423.96057665027
2017,336,-71.30913427376761,35783.27355553618
2017,337,-75.57406242533796,30464.051326462322
2017,338,-77.55698310386661,27990.95087157276
2017,339,-76.54619771205827,29251.60332194298
2017,340,-77.98977139675493,27451.176923172985
2017,341,-77.8946167989147,27569.85382323847
2017,342,-80.52019222880037,24295.23378406717
2017,343,-79.68578341802127,25335.909203838793
2017,344,-80.74553937021486,24014.180626482594
2017,345,-80.52014062652388,24295.298142472846
2017,346,-78.1978833778231,27191.619473083978
2017,347,-78.0793529487347,27339.45073092044
2017,348,-79.48293486915469,25588.902096548893
2017,349,-78.62628547721012,26657.315989166604
2017,350,-78.82660551452888,26407.476658334617
2017,351,-80.21842211591007,24671.601740457056
2017,352,-79.86561735157508,25111.62016005994
2017,353,-80.93610657727777,23776.50503432325
2017,354,-82.28359682315744,22095.913986920907
2017,355,-82.55837894544555,21753.205476699255
2017,356,-82.45006576710139,21888.293770211956
2017,357,-81.77830733180626,22726.111495294626
2017,358,-82.40284968411666,21947.18171140498
2017,359,-82.71653992287524,21555.946963304064
2017,360,-82.29918071065623,22076.477748406913
2017,361,-83.15185672731138,21013.01945302619
2017,362,-83.50940890108308,20567.08006010117
2017,363,-83.57499539449682,20485.28052648771
2021,0,0.0,124720.09
2021,1,-0.15897533409165998,124521.81582024308
2021,2,-1.1377283893242218,123301.11412887927
2021,3,-0.6384284231933601,123923.84149600766
2021,4,1.2592134657978926,126290.58216783525
2021,5,-2.242296468581073,121923.49582631886
2021,6,-7.318597540774697,115592.32856040802
2021,7,-7.0613277745641305,115913.19564436862
2021,8,-12.141542749525946,109577.14695540276
2021,9,-10.337957799499087,111826.57972830272
2021,10,-7.897377469418398,114870.47371250165
2021,11,-9.482677590256294,112893.28597502252
2021,12,-13.316961714326393,108111.16336462658
2021,13,-11.243795154341829,110696.81856408923
2021,14,-11.775022705258776,110034.27108448082
2021,15,-9.051932558832586,113430.51156588469
2021,16,-17.038528520486196,103469.62189457394
2021,17,-15.764907577962939,105058.0830803478
2021,18,-11.441216108144525,110450.59497282765
2021,19,-10.891944540922315,111135.6469658116
2021,20,-12.354049178958737,109312.1087453584
2021,21,-11.816272774984792,109982.82396039346
2021,22,-12.83663030846176,108710.23312631922
2021,23,-17.281113446783102,103167.06975617
2021,24,-23.979372807867747,94812.99465259182
2021,25,-23.707002156961053,95152.69557353623
2021,26,-22.047214610999667,97222.78409466807
2021,27,-21.912878373468303,97390.32837101979
2021,28,-22.135662649934062,97112.47162090585
2021,29,-26.59264254079473,91553.72228974252
2021,30,-27.163687118298174,90841.5149787401
2021,31,-23.829196050471467,95000.29523957554
2021,32,-22.853910035092607,96216.67283571347
2021,33,-28.132331826223943,89633.42042723486
2021,34,-25.50770561164284,92906.856604224
2021,35,-24.67128609920418,93950.03977291506
2021,36,-26.644401593543964,91489.16835257053
2021,37,-28.74824760396728,88865.24971490917
2021,38,-27.86533893935701,89966.41419602888
2021,39,-28.064670617345744,89717.80754784284
2021,40,-27.633309223281376,90255.80186674517
2021,41,-24.565733996991533,94081.68444979156
2021,42,-25.039609004195274,93490.66711431954
2021,43,-21.65959955535599,97706.21794092041
2021,44,-21.69775240281272,97658.63367523481
2021,45,-22.34590394666245,96850.25848640905
2021,46,-21.657642603971894,97708.6586524479
2021,47,-21.932648205167393,97365.67141913185
2021,48,-26.661243702699945,91468.1628588733
2021,49,-28.318873979419035,89400.764885882
2021,50,-27.426612011736783,90513.59481501106
2021,51,-28.741344342391915,88873.8594689589
2021,52,-26.423512632198232,91764.661263961
2021,53,-27.179034548050563,90822.37365054025
2021,54,-28.317394709081455,89402.60983317837
2021,55,-29.288720594494087,88191.17131469844
2021,56,-33.08944377278038,83450.90594608891
2021,57,-33.5355670520885,82894.50059062486
2021,58,-35.81174805683972,80055.64559293624
2021,59,-35.794304994109105,80077.40059647262
2021,60,-35.53034769324741,80406.6083796689
2021,61,-35.478434549838,80471.35449885095
2021,62,-34.09351392347797,82198.62875047575
2021,63,-32.3784694667816,84337.63374040746
2021,64,-34.33019717749056,81903.4371830563
2021,65,-33.49650506973681,82943.21873016968
2021,66,-33.61413787970636,82796.50698370613
2021,67,-33.52887951743736,82902.84128986056
2021,68,-34.84204012335882,81265.06620031077
2021,69,-34.64767016462738,81507.4845877736
2021,70,-35.707998815351004,80185.04174029529
2021,71,-37.29092594002237,78210.81360577076
2021,72,-43.73643039123927,70171.97465325904
2021,73,-45.90160448440802,67471.56757560228
2021,74,-44.16826946635014,69633.38457012558
2021,75,-43.53580435170515,70422.19563032941
2021,76,-43.022451317367285,71062.44999677334
2021,77,-43.23469579267779,70797.73849614605
2021,78,-42.77122190503516,71375.78354594043
2021,79,-41.94202924455821,72409.95337836067
2021,80,-41.18880327954233,73349.37747983185
2021,81,-41.57097893488222,72872.72765853385
2021,82,-40.78249702682071,73856.12300390188
2021,83,-40.297404219556995,74461.13118970473
2021,84,-43.13133177783948,70926.65418848
2021,85,-42.61924228691496,71565.33266244161
2021,86,-35.98243428110389,79842.76558041637
2021,87,-36.13327362833888,79654.6386107895
2021,88,-34.5166931034876,81670.83929630648
2021,89,-32.35734363727305,84363.98189398377
2021,90,-31.97268712230453,84843.72584564338
2021,91,-31.579216621574602,85334.4626082772
2021,92,-33.00555681738685,83555.52983235399
2021,93,-34.67859616012239,81468.91365835881
2021,94,-34.94680636320463,81134.40165168546
2021,95,-35.13194629139221,80903.49496662397
2021,96,-34.399661247092695,81816.80153293087
2021,97,-31.47629946965076,85462.82097278205
2021,98,-32.35848390815826,84362.5597471095
2021,99,-37.510351040096545,77937.14642347566
2021,100,-38.37435278070465,76859.56267498765
2021,101,-38.226317883484654,77044.19193203184
2021,102,-40.78850656256713,73848.62790551037
2021,103,-42.87027138138887,71252.24894988755
2021,104,-41.04266369744237,73531.64289815254
2021,105,-42.63975175378285,71539.75323690545
2021,106,-40.87909646167781,73735.64410180862
2021,107,-39.57673761103388,75359.94723245468
2021,108,-39.69167383445055,75216.59867116682
2021,109,-41.907821118001706,72452.61778458927
2021,110,-33.42355855121496,83034.197693722
2021,111,-31.56494782644338,85352.25866240678
2021,112,-32.41159895871696,84296.31460824914
2021,113,-34.61625107901985,81546.67049962048
2021,114,-39.58757018444344,75346.43683714897
2021,115,-39.30231755434701,75702.20417413261
2021,116,-40.77970798587174,73859.60149828358
2021,117,-41.43832228554663,73038.17715097619
2021,118,-40.32960916753138,74420.96514960659
2021,119,-35.30371115027753,80689.26968003383
2021,120,-39.20373034997379,75825.16222415537
2021,121,-40.41197062538927,74318.24386524093
2021,122,-40.26216368557739,74505.08321540056
2021,123,-41.78433286294592,72606.63244743427
2021,124,-38.91094268659532,76190.3272614299
2021,125,-39.34782052629357,75645.45282656817
2021,126,-36.65356074238415,79005.73605389382
2021,127,-36.878194106771886,78725.5731196594
2021,128,-35.580812384451264,80343.66877138123
2021,129,-34.94361668653922,81138.37981929326
2021,130,-36.405043325670924,79315.68719968424
2021,131,-36.80745108469038,78813.80388046819
2021,132,-34.727381263130454,81408.06883398056
2021,133,-33.83303907153598,82523.49322024515
2021,134,-32.231728931106986,84520.64866856733
2021,135,-31.65291818433126,85242.54195287569
2021,136,-31.35504552916736,85614.04899648149
2021,137,-27.855091910456075,89979.19429969646
2021,138,-27.282598880747088,90693.20812159324
2021,139,-26.913659613115335,91153.3495082289
2021,140,-27.542226234058166,90369.40065287905
2021,141,-29.925993337736212,87396.36417578139
2021,142,-28.77555246894842,88831.19506273032
2021,143,-29.316364458927602,88156.69386209748
2021,144,-28.566574715633386,89091.83230474479
2021,145,-28.241689967742666,89497.02885471037
2021,146,-29.966950635207933,87345.2821975131
2021,147,-33.42352773308293,83034.23613012402
2021,148,-33.075221204847196,83468.6443456155
2021,149,-34.84815752256735,81257.43657451223
2021,150,-34.09023179241646,82202.72222728957
2021,151,-35.008874081118876,81056.99073804186
2021,152,-38.95667679453213,76133.28764085041
2021,153,-38.20163255972632,77074.97949004002
2021,154,-36.66713612954463,78988.80481880941
2021,155,-38.50234048303724,76699.93629744952
2021,156,-37.49065825372754,77961.70728435858
2021,157,-37.78088801214727,77599.7324684507
2021,158,-38.8711102509428,76240.00631102492
2021,159,-37.10407560550695,78443.8535111437
2021,160,-36.08280893713501,79717.57821907717
2021,161,-36.28312679534881,79467.74160602684
2021,162,-37.647953999623404,77765.5278885111
2021,163,-38.81337248057919,76312.0169101864
2021,164,-39.18334415563404,75850.58790408348
2021,165,-39.15004516397249,75892.11843645286
2021,166,-37.60805992770682,77815.28381091013
2021,167,-41.28717475699133,73226.68848462313
2021,168,-39.61430491398198,75313.09325840724
2021,169,-38.76790032676466,76368.72982134882
2021,170,-40.525365942204296,74176.81712405346
2021,171,-41.971722514771905,72372.91990502621
2021,172,-40.680612282319984,73983.19374893946
2021,173,-40.693031989529224,73967.70387893036
2021,174,-41.89486209348187,72468.78029163352
2021,175,-38.869415253681,76242.12031313534
2021,176,-43.73103721813351,70178.7010236104
2021,177,-44.50699155552365,69210.93007565851
2021,178,-45.3817334151452,68119.95124107083
2021,179,-47.4708637675228,65514.385985368164
2021,180,-53.50047752695586,57994.24627795088
2021,181,-52.29071175400474,59503.067238764714
2021,182,-55.270840530651256,55786.24794641528
2021,183,-55.3754526798369,55655.77557980001
2021,184,-54.86314746198815,56294.723108575665
2021,185,-53.75335570935174,57678.856381276375
2021,186,-51.83318576584445,60073.69406297161
2021,187,-53.99674190708148,57375.30489642026
2021,188,-53.170245833157416,58406.11154366482
2021,189,-55.67901128036087,55277.17702002377
2021,190,-53.37395368589482,58152.04692639367
2021,191,-55.10083230529182,55998.282358090975
2021,192,-54.65635779604745,56552.6313660476
2021,193,-53.43207668290886,58079.55587220706
2021,194,-55.166274608663656,55916.66265842754
2021,195,-54.38044305995698,56896.75247322289
2021,196,-54.56200808482876,56670.30441079429
2021,197,-55.0656842257083,56042.119074580805
2021,198,-55.91689644152276,54980.486432926016
2021,199,-55.35330985197127,55683.39213464257
2021,200,-54.63390678686149,56580.63228491024
2021,201,-51.166296797718715,60905.4385842181
2021,202,-50.99259039651534,61122.08536413471
2021,203,-54.11309576457166,57230.18826064003
2021,204,-53.11178383669102,58479.02539827351
2021,205,-54.258696029361055,57048.595479354466
2021,206,-54.031643441608736,57331.77567114649
2021,207,-53.936168868570846,57450.85164456646
2021,208,-51.73128561227769,60200.78402621021
2021,209,-52.11823807808267,59718.176562601024
2021,210,-53.47181666416526,58029.992131818086
2021,211,-53.66384444486221,57790.49491090785
2021,212,-55.21835725179925,55851.70513903446
2021,213,-56.26683633075622,54544.04108812814
2021,214,-58.96049516109101,51184.507370641644
2021,215,-65.58693286547299,42920.00830194251
2021,216,-65.91118584165704,42515.599698218066
2021,217,-65.26169370906389,43325.64687053117
2021,218,-68.66316798686408,39083.325089931925
2021,219,-68.53280728836495,39245.91107042467
2021,220,-70.73940095098592,36493.8454684695
2021,221,-68.38016508040606,39436.28656956898
2021,222,-68.35851534265294,39463.28814197945
2021,223,-68.14157110220741,39733.861193912926
2021,224,-69.18613627839622,38431.07856606159
2021,225,-67.45366416803525,40591.81934132869
2021,226,-67.32304151541383,40754.73203123849
2021,227,-66.90940054726839,41270.62541898637
2021,228,-67.60209970097166,40406.69041105841
2021,229,-68.07435675624367,39817.690986691814
2021,230,-68.79457650185232,38919.43227177093
2021,231,-69.03636015671637,38617.8794798192
2021,232,-69.43214201734875,38124.25998703482
2021,233,-70.30626751432966,37034.04988048729
2021,234,-70.39838291097598,36919.163474886125
2021,235,-70.28659013702666,37058.59152316923
2021,236,-68.86461070689707,38832.08554820834
2021,237,-68.91821884756828,38765.22542691588
2021,238,-68.32389117131399,39506.47143963514
2021,239,-66.62798477461006,41621.60742392003
2021,240,-66.74332163374315,41477.759189406075
2021,241,-66.75745174728023,41460.136099085525
2021,242,-67.93843338491261,39987.214737746945
2021,243,-69.26983832499754,38326.685298208584
2021,244,-70.25632673137036,37096.33606994082
2021,245,-68.86348584507786,38833.48847688163
2021,246,-68.28277978318211,39557.74559991346
2021,247,-67.88998728135691,40047.63676170311
2021,248,-67.340053124296,40733.51513733021
2021,249,-68.00751222786434,39901.05954264659
2021,250,-65.5318454544642,42988.71337053134
2021,251,-63.92595882142834,44991.576624551635
2021,252,-64.19378379786018,44657.54507290336
2021,253,-64.34200360387237,44472.68519744714
2021,254,-65.01163538574902,43637.51983642198
2021,255,-65.39566012901086,43158.56383100353
2021,256,-65.18723710207243,43418.50921778188
2021,257,-67.25833884721078,40835.42925725376
2021,258,-67.21366796482911,40891.14282196396
2021,259,-64.57958058371392,44176.378974369465
2021,260,-63.20989952364413,45884.64642520147
2021,261,-63.299457015331704,45772.95024096698
2021,262,-63.567867536272175,45438.18839768056
2021,263,-64.1028240811651,44770.990113429216
2021,264,-64.17362873951066,44682.68247981644
2021,265,-64.55110462971551,44211.894209824655
2021,266,-64.83577171530332,43856.857164479145
2021,267,-65.16837640526829,43442.03229581062
2021,268,-64.1197740537832,44749.85009232494
2021,269,-64.62053788118563,44125.29699610119
2021,270,-64.2703668559619,44562.03061391416
2021,271,-63.288054306479545,45787.17170970983
2021,272,-64.34510082614166,44468.82233904537
2021,273,-63.04482219940996,46090.531012555926
2021,274,-63.08560999715549,46039.66043449868
2021,275,-62.40451387016259,46889.12413707073
2021,276,-62.32933303706836,46982.88973976861
2021,277,-62.55333462974942,46703.51475177535
2021,278,-62.876062108397846,46301.008749950306
2021,279,-63.23119485287887,45858.0868714141
2021,280,-64.00767309851355,44889.66250462811
2021,281,-64.28810269094683,44539.9104645587
2021,282,-67.87203571944775,40070.02596587261
2021,283,-67.40759106064608,40649.28176233024
2021,284,-66.8491510991441,41345.768584911486
2021,285,-67.01871246158906,41134.29150106491
2021,286,-66.82529786495064,41375.518360065485
2021,287,-67.08828439465331,41047.521323532426
2021,288,-66.84223242850271,41354.39755716223
2021,289,-68.82718208554313,38878.76655844673
2021,290,-69.15346905844135,38471.821152189805
2021,291,-69.8246879741177,37634.676316461235
2021,292,-68.73335628256898,38995.78618435931
2021,293,-69.43503892175985,38120.64696524608
2021,294,-69.14260566689975,38485.36998389752
2021,295,-69.00850056535863,38652.625987234205
2021,296,-69.26373633485503,38334.2957058061
2021,297,-69.4282435236466,38129.12219188878
2021,298,-69.1717904379349,38448.9707111962
2021,299,-69.47812267034183,38066.91287523926
2021,300,-71.06639674092091,36086.01602496637
2021,301,-70.28172087216547,37064.66447468645
2021,302,-70.22966904716192,37129.583557677506
2021,303,-67.09309202325043,41041.52524481924
2021,304,-66.62336205480513,41627.3728842212
2021,305,-66.3803764927918,41930.42469585123
2021,306,-65.4642766999821,43072.985181933305
2021,307,-68.92902060284581,38751.75346801215
2021,308,-68.8480613699954,38852.72589608649
2021,309,-69.65839333366823,37842.07914169498
2021,310,-69.5144418389426,38021.61557547314
2021,311,-69.00130453152894,38661.60088710303
2021,312,-70.06781221772518,37331.45154102216
2021,313,-69.87049912738459,37577.540604876725
2021,314,-70.92429433411725,36263.24627462407
2021,315,-71.51088665923128,35531.64779880876
2021,316,-70.1027907975825,37287.82622474338
2021,317,-70.25367637201553,37099.64160051348
2021,318,-70.80897288405016,36407.07529093704
2021,319,-71.04850681527581,36108.32835633187
2021,320,-70.37636335563846,36946.62628412069
2021,321,-70.61033461403217,36654.817120077925
2021,322,-70.09467021979184,37297.95421667243
2021,323,-69.78188158872402,37688.06447884998
2021,324,-70.08206560379038,37313.674705093596
2021,325,-70.24700424643042,37107.96308154816
2021,326,-70.6113824305213,36653.51028240964
2021,327,-69.7352999821563,37746.16110048467
2021,328,-68.65122596070134,39098.21919570993
2021,329,-68.94714166448115,38729.152863631614
2021,330,-69.24012964571784,38363.737989744026
2021,331,-69.91500051004009,37522.03844037754
2021,332,-70.09143431592838,37301.99003888324
2021,333,-70.04936756570348,37354.45572762381
2021,334,-70.56148787476005,36715.738817260186
2021,335,-70.61538878768556,36648.51355014866
2021,336,-70.48035914218346,36816.922645545565
2021,337,-70.13333156642709,37249.73575035372
2021,338,-70.4336388540216,36875.1922309893
2021,339,-70.60811570852582,36657.58454102246
2021,340,-70.30551247009485,37034.991572336476
2021,341,-69.85068306848746,37602.25521136769
2021,342,-70.20692526572164,37157.94962235924
2021,343,-70.53452200923127,36749.37066901695
2021,344,-70.65070636699527,36604.465433447775
2021,345,-70.45686031650837,36846.23040207647
2021,346,-70.39822882031581,36919.35565689618
2021,347,-69.85447369872747,37597.527533920766
2021,348,-70.21050016903745,37153.49099972634
2021,349,-69.00660525023861,38654.98982595769
2021,350,-68.0099160421629,39898.061503289995
2021,351,-68.7393658183154,38988.291085967794
2021,352,-68.26655403666679,39577.98236557054
2021,353,-67.90108180888875,40033.79965698032
2021,354,-68.20346932039547,39656.66168048038
2021,355,-68.45334273491814,39345.01933300163
2021,356,-68.44301866068713,39357.89552767422
2021,357,-68.95295088236935,38721.907601853156
2021,358,-68.86548902366,38830.99011075111
2021,359,-67.39755975866937,40661.79281118377
2021,360,-67.17141630581203,40943.83912911657
2021,361,-67.7760372381653,40189.75535812673
2021,362,-68.29003745327586,39548.69382724065
2021,363,-71.39830802291513,35672.05597534302
2021,364,-75.57567500184138,30462.040119595928
2021,365,-72.92141715331066,33772.43289711551
2021,366,-73.80899476492391,32665.445301091615
2021,367,-74.14708508239075,32243.778752865695
2021,368,-74.8976760971178,31307.6409637662
2021,369,-74.45717712690568,31857.031675863833
2021,370,-74.00623080993441,32419.45232824208
2021,371,-74.32775638143356,32018.445346095315
2021,372,-74.30174587799779,32050.88566938986
2021,373,-74.30835636731885,32042.641061159196
2021,374,-74.31656939950561,32032.39776002415
2021,375,-74.94297875120614,31251.139452814816
2021,376,-75.7218608111394,30279.717046672213
2025_observed,0,0.0,124720.09
2025_observed,1,-2.6668838997790933,121393.95
2025_observed,2,-1.1039440398094569,123343.25
2025_observed,3,-2.4098603520892325,121714.51
2025_observed,4,-9.412926177330371,112980.28
2025_observed,5,-11.186008605349784,110768.89
2025_observed,6,-7.739017827841533,115067.98
2025_observed,7,-7.573807876501693,115274.03
2025_observed,8,-9.342592680938566,113068.0
2025_observed,9,-11.157761351839945,110804.12
2025_observed,10,-13.247336495668016,108198.0
2025_observed,11,-14.638211053247307,106463.3
2025_observed,12,-14.040384351871449,107208.91
2025_observed,13,-12.863452872748892,108676.78
2025_observed,14,-11.347033184469312,110568.06
2025_observed,15,-13.115625557999511,108362.27
2025_observed,16,-13.738051343612723,107585.98
2025_observed,17,-11.709468779247988,110116.03
2025_observed,18,-10.966926018093792,111042.13
2025_observed,19,-10.466541517088379,111666.21
2025_observed,20,-8.155863261484175,114548.09
2025_observed,21,-8.525515015263373,114087.06
2025_observed,22,-9.471882196364678,112906.75
2025_observed,23,-11.776739417041782,110032.13
2025_observed,24,-13.158994673592684,108308.18
2025_observed,25,-12.159083592707475,109555.27
2025_observed,26,-11.760607292698388,110052.25
2025_observed,27,-11.37273072846564,110536.01
2025_observed,28,-14.562297060561779,106557.98
2025_observed,29,-18.64329956785631,101468.15
2025_observed,30,-19.58645154922514,100291.85
2025_observed,31,-17.036621766389036,103472.0
2025_observed,32,-18.65951187174416,101447.93
2025_observed,33,-17.509560809329116,102882.15
2025_observed,34,-18.346410750665754,101838.43
2025_observed,35,-14.611599462444257,106496.49
2025_observed,36,-14.952747388171383,106071.01
2025_observed,37,-17.627601134668847,102734.93
2025_observed,38,-18.260610620149485,101945.44
2025_observed,39,-20.697307065766225,98906.39
2025_observed,40,-23.96635538027595,94829.23
2025_observed,41,-23.752973558630362,95095.36
2025_observed,42,-23.670709346024353,95197.96
2025_observed,43,-26.350518188368856,91855.7
2025_observed,44,-26.086879828261832,92184.51
2025_observed,45,-26.408279532190836,91783.66
2025_observed,46,-30.072212103118268,87214.0
2025_observed,47,-31.98689962459136,84826.0
2025_observed,48,-31.740010771320005,85133.92
2025_observed,49,-30.645295397076765,86499.25
2025_observed,50,-29.457138781731153,87981.12
2025_observed,51,-29.950242980100484,87366.12
2025_observed,52,-27.32884493588803,90635.53
2025_observed,53,-26.961245778446763,91094.0
2025_observed,54,-27.10093458078806,90919.78
2025_observed,55,-27.079310157649815,90946.75
2025_observed,56,-29.885481962047976,87446.89
2025_observed,57,-30.541863784735877,86628.25
2025_observed,58,-26.609458027171083,91532.75
2025_observed,59,-25.312730290685327,93150.03
2025_observed,60,-25.951536757229732,92353.31
2025_observed,61,-28.36183809681344,89347.18
2025_observed,62,-28.254974799970068,89480.46
2025_observed,63,-27.48929222228752,90435.42
2025_observed,64,-27.56710647017654,90338.37
2025_observed,65,-26.03952578930948,92243.57
2025_observed,66,-26.880288492415293,91194.97
2025_observed,67,-26.407533862427456,91784.59
2025_observed,68,-27.55778158915696,90350.0
2025_observed,69,-27.57701666187059,90326.01
2025_observed,70,-29.073166961313134,88460.01
2025_observed,71,-31.085681544970022,85950.0
2025_observed,72,-29.762823294947914,87599.87
2025_observed,73,-30.994004253845553,86064.34
2025_observed,74,-31.56495477192167,85352.25
2025_observed,75,-29.42909999503689,88016.09
2025_observed,76,-29.18351005038563,88322.39
2025_observed,77,-28.867915345474813,88716.0
2025_observed,78,-28.770120355108787,88837.97
2025_observed,79,-29.7669365055782,87594.74
2025_observed,80,-29.830069878878373,87516.0
2025_observed,81,-30.11603022416035,87159.35
2025_observed,82,-30.018772436742147,87280.65
2025_observed,83,-29.566551788088024,87844.66
2025_observed,84,-29.418363954034987,88029.48
2025_observed,85,-30.199513165842006,87055.23
2025_observed,86,-29.293460259690317,88185.26
2025_observed,87,-29.685746698867842,87696.0
2025_observed,88,-28.92654262837686,88642.88
2025_observed,89,-27.748600886994236,90112.01
2025_observed,90,-26.75439858967389,91351.98
2025_observed,91,-25.92021060921299,92392.38
2025_observed,92,-24.717870232454132,93891.94
2025_observed,93,-25.615841040525222,92771.99
2025_observed,94,-26.73360001584347,91377.92
2025_observed,95,-26.838947919296718,91246.53
2025_observed,96,-27.456747345195154,90476.01
2025_observed,97,-27.429566479626487,90509.91
2025_observed,98,-26.605208511315215,91538.05
2025_observed,99,-26.800902725455057,91293.98
2025_observed,100,-23.650872926727363,95222.7
2025_observed,101,-22.343777975144175,96852.91
2025_observed,102,-23.37241738680592,95569.99
2025_observed,103,-23.454384935097472,95467.76
2025_observed,104,-23.816948817147253,95015.57
2025_observed,105,-25.733905419728288,92624.74
2025_observed,106,-25.776023734428023,92572.21
2025_observed,107,-28.70754022066533,88916.02
2025_observed,108,-27.889348059322273,89936.47
2025_observed,109,-28.221403624708728,89522.33
2025_observed,110,-28.34675632450232,89365.99
2025_observed,111,-28.515822911930222,89155.13
2025_observed,112,-30.260722230075366,86978.89
2025_observed,113,-29.332571841473175,88136.48
2025_observed,114,-28.402873987663092,89296.0
2025_observed,115,-28.669102147055845,88963.96
2025_observed,116,-32.69411527846074,83943.96
2025_observed,117,-32.660391762064954,83986.02
2025_observed,118,-36.87680950198159,78727.3
2025_observed,119,-37.59519416639292,77831.33
2025_observed,120,-36.7077429145537,78938.16
2025_observed,121,-38.811798484109495,76313.98
2025_observed,122,-41.58616306322423,72853.79
2025_observed,123,-48.80857606821804,63845.99
2025_observed,124,-43.92547343415163,69936.2
2025_observed,125,-44.51576325834915,69199.99
2025_observed,126,-43.49112480595549,70477.92
2025_observed,127,-43.88490258465977,69986.8
2025_observed,128,-44.50052112694915,69219.0
2025_observed,129,-45.895540966976526,67479.13
2025_observed,130,-47.079905089869634,66001.99
2025_observed,131,-44.70002386945039,68970.18
2025_observed,132,-44.033531406207295,69801.43
2025_observed,133,-44.74529324024702,68913.72
2025_observed,134,-44.82823096102641,68810.28
2025_observed,135,-46.126265624086706,67191.37
2025_observed,136,-46.65385504452409,66533.36
2025_observed,137,-46.1078884724987,67214.29
2025_observed,138,-45.56985967537387,67885.32
2025_observed,139,-45.5023805707645,67969.48
2025_observed,140,-46.88995173111245,66238.9
2025_observed,141,-48.08856375905437,64743.99
2025_observed,142,-48.45256285494983,64290.01
2025_observed,143,-45.11848892989092,68448.27
2025_observed,144,-46.22449358399277,67068.86
2025_observed,145,-47.12159043502935,65950.0
2025_observed,146,-46.53599111418216,66680.36
2025_observed,147,-46.70121710143089,66474.29
2025_observed,148,-44.66254795037431,69016.92
2025_observed,149,-45.29926173080856,68222.81
2025_observed,150,-41.64800554585872,72776.66
2025_observed,151,-43.1082113555242,70955.49
2025_observed,152,-45.19728136822223,68350.0
2025_observed,153,-46.12426113547545,67193.87
2025_observed,154,-47.03728966199431,66055.14
2025_observed,155,-45.09261499089682,68480.54
2025_observed,156,-43.99623188212901,69847.95
2025_observed,157,-43.70536454872666,70210.72
2025_observed,158,-43.47298819300083,70500.54
2025_observed,159,-43.20178890185213,70838.78
2025_observed,160,-42.977486626252436,71118.53
2025_observed,161,-41.50640045240506,72953.27
2025_observed,162,-40.0589431903072,74758.54
2025_observed,163,-40.791134772272855,73845.35
2025_observed,164,-42.90819546393849,71204.95
2025_observed,165,-43.98741213223948,69858.95
2025_observed,166,-43.42451965838061,70560.99
2025_observed,167,-45.158249965983835,68398.68
2025_observed,168,-45.49578179425624,67977.71
2025_observed,169,-43.14789221207265,70906.0
2025_observed,170,-43.4289696230976,70555.44
2025_observed,171,-42.84997709671313,71277.56
2025_observed,172,-44.866781285998115,68762.2
2025_observed,173,-46.76878440353916,66390.02
2025_observed,174,-46.76716477674127,66392.04
2025_observed,175,-47.19151501574446,65862.79
2025_observed,176,-46.53325699171641,66683.77
2025_observed,177,-45.37050125605264,68133.96
2025_observed,178,-45.39720906230905,68100.65
2025_observed,179,-46.311785054035795,66959.99
2025_observed,180,-46.35065609718531,66911.51
2025_observed,181,-46.05186702479127,67284.16
2025_observed,182,-44.452373310506744,69279.05
2025_observed,183,-44.74902960701841,68909.06
2025_observed,184,-42.373325740865006,71872.04
2025_observed,185,-43.05971074908621,71015.98
2025_observed,186,-42.43210536490152,71798.73
2025_observed,187,-41.54489465169565,72905.26
2025_observed,188,-41.470544160126884,72997.99
2025_observed,189,-43.344123629160315,70661.26
2025_observed,190,-40.262150227762014,74505.1
2025_observed,191,-40.35763604724788,74386.01
2025_observed,192,-40.085819373606924,74725.02
2025_observed,193,-39.7653417344391,75124.72
2025_observed,194,-39.27456274285882,75736.82
2025_observed,195,-40.80894264909527,73823.14
2025_observed,196,-40.50562343243978,74201.44
2025_observed,197,-39.18007916767859,75854.66
2025_observed,198,-38.71555095895135,76434.02
2025_observed,199,-37.12611977749535,78416.36
2025_observed,200,-37.23457864727327,78281.09
2025_observed,201,-37.868862987510674,77490.01
2025_observed,202,-37.740174818667946,77650.51
2025_observed,203,-36.803765936987375,78818.4
2025_observed,204,-38.01923170517275,77302.47
2025_observed,205,-38.7733042848189,76361.99
2025_observed,206,-39.228395361164345,75794.4
2025_observed,207,-38.709088487668666,76442.08
2025_observed,208,-37.23131533981413,78285.16
2025_observed,209,-36.89464143266734,78705.06
2025_observed,210,-37.06201623170734,78496.31
2025_observed,211,-35.91554496152143,79926.19
2025_observed,212,-35.031910255998056,81028.26
2025_observed,213,-34.672505447999605,81476.51
2025_observed,214,-35.81851969478214,80047.2
2025_observed,215,-35.73587863831721,80150.27
2025_observed,216,-35.338709264882674,80645.62
2025_observed,217,-34.169563219526225,82103.78
2025_observed,218,-34.4658506901334,81734.25
2025_observed,219,-35.52380374324618,80414.77
2025_observed,220,-36.360188643225,79371.63
2025_observed,221,-36.544000248877296,79142.38
2025_observed,222,-36.637313202708555,79026.0
2025_observed,223,-37.31276172106674,78183.58
2025_observed,224,-38.04600365506471,77269.08
2025_observed,225,-38.30012470324549,76952.14
2025_observed,226,-38.422727244664436,76799.23
2025_observed,227,-37.86517472846596,77494.61
2025_observed,228,-37.900092920074066,77451.06
2025_observed,229,-39.4817306498095,75478.44
2025_observed,230,-38.56002669658112,76627.99
2025_observed,231,-38.19906640542033,77078.18
2025_observed,232,-38.103933375930055,77196.83
2025_observed,233,-39.19621930997644,75834.53
2025_observed,234,-40.328218172389064,74422.7
2025_observed,235,-40.647012041123446,74025.1
2025_observed,236,-40.74939330143202,73897.41
2025_observed,237,-40.8609230477624,73758.31
2025_observed,238,-40.91701665705981,73688.35
