u,a_2021,b_2021,a_2025,b_2025
0.0,-0.17732600121458067,0.3280982241907616,1.843392672451195,0.3080982241907616
0.002004008016032064,-0.1767929023521325,0.32855830185032037,1.8421485070540542,0.30855830185032035
0.004008016032064128,-0.17619637352132353,0.32907430656361114,1.8412186513091624,0.3090743065636111
0.0060120240480961915,-0.175602676336323,0.3295968564569973,1.8399076322873853,0.3095968564569973
0.008016032064128256,-0.17511251723887122,0.33002962985542006,1.8375457360772298,0.31002962985542004
0.01002004008016032,-0.17315924143889402,0.33196697882341764,1.8299243178281308,0.3119669788234176
0.012024048096192383,-0.1700909617249963,0.3349637343572432,1.821974223032422,0.3149637343572432
0.014028056112224447,-0.16598836013062507,0.33897434796406667,1.8087809617551878,0.31897434796406665
0.01603206412825651,-0.1617822061286073,0.34306601115574437,1.7940996182070363,0.32306601115574435
0.018036072144288574,-0.157033645602774,0.3477381356458449,1.7805545191683156,0.32773813564584486
0.02004008016032064,-0.152095208657246,0.3525955264729832,1.7670690900210404,0.3325955264729832
0.022044088176352703,-0.14714432731941954,0.3573453335054753,1.7546738888068842,0.3373453335054753
0.024048096192384766,-0.1431796570171141,0.36114211656528766,1.7439224104956983,0.34114211656528765
0.026052104208416832,-0.1394671993222217,0.36468065227065805,1.7343899706688597,0.34468065227065803
0.028056112224448895,-0.1360590260668594,0.3678833749395583,1.7269647903880696,0.3478833749395583
0.03006012024048096,-0.13284550084239077,0.3708492814437055,1.7220612641083677,0.3508492814437055
0.03206412825651302,-0.1314518922679432,0.3719102773033823,1.7238595011594682,0.35191027730338226
0.03406813627254509,-0.13168411517107634,0.3712961954851202,1.733175359383168,0.3512961954851202
0.03607214428857715,-0.13095731140886746,0.3718939895364365,1.7487822665564594,0.35189398953643647
0.038076152304609215,-0.12960281498948997,0.3732287623124643,1.767640395527584,0.3532287623124643
0.04008016032064128,-0.1284900711569035,0.3742432333665871,1.7841855114169376,0.3542432333665871
0.04208416833667334,-0.12757690521642664,0.3749937406633414,1.7984982764595392,0.3549937406633414
0.044088176352705406,-0.12663586791310047,0.3756934864875976,1.8278533814759852,0.3556934864875976
0.04609218436873747,-0.12610317610655639,0.37582727532731536,1.8588813827822124,0.35582727532731534
0.04809619238476953,-0.12726089349572806,0.37405855870083465,1.8902033989539235,0.35405855870083464
0.0501002004008016,-0.12955889436482984,0.3709954887758454,1.922943862439068,0.35099548877584535
0.052104208416833664,-0.13485615315049274,0.3646879307063379,1.9568356554308795,0.3446879307063379
0.05410821643286573,-0.14413977432621156,0.3540641771142061,1.9888886104472723,0.3340641771142061
0.05611222444889779,-0.26294593588258963,0.22184797164476,2.0142360015309633,0.20184797164476
0.058116232464929855,-0.3894485914511691,0.08108341805853468,2.034860512996096,0.06108341805853468
0.06012024048096192,-0.5221968647078638,-0.06663210520148803,2.052187563289161,-0.08663210520148804
0.06212424849699398,-0.6602491267014272,-0.2200443534329457,2.078554659826565,-0.2400443534329457
0.06412825651302605,-0.8028770283485005,-0.37846763615442003,2.1059704579322007,-0.39846763615442005
0.06613226452905811,-0.9502584941771517,-0.542052225393914,2.1188316657399824,-0.562052225393914
0.06813627254509018,-1.1000171992080074,-0.708361872487244,2.125624182322032,-0.728361872487244
0.07014028056112225,-1.2499721759363622,-0.8751028502935433,2.124702459942814,-0.8951028502935433
0.0721442885771543,-1.4015124806633252,-1.0436876827042312,2.117105452282719,-1.0636876827042312
0.07414829659318636,-1.5530101740743376,-1.2124057937117954,2.1022818228428077,-1.2324057937117954
0.07615230460921843,-1.6870619942562526,-1.364053579554546,2.089221581482901,-1.384053579554546
0.0781563126252505,-1.6969392462632635,-1.381225865571876,2.077866938332456,-1.4012258655718761
0.08016032064128256,-1.6918470802406687,-1.3842310714103727,2.0673870192498884,-1.4042310714103727
0.08216432865731463,-1.6700846957717983,-1.3710998045849598,2.0569488278301566,-1.3910998045849599
0.08416833667334668,-1.629595378150862,-1.3424191621798875,2.04075443819551,-1.3624191621798876
0.08617234468937875,-1.58637927012399,-1.3110095994848376,2.0259175748659533,-1.3310095994848377
0.08817635270541081,-1.5430676143679285,-1.279173608745341,2.011101311434727,-1.299173608745341
0.09018036072144288,-1.4989852461964384,-1.2462811580424324,1.9999734197967471,-1.2662811580424325
0.09218436873747494,-1.4521132711087965,-1.210217189099177,1.9939406456087907,-1.230217189099177
0.09418837675350701,-1.3930204767107026,-1.1610458367941638,1.9915511192181377,-1.1810458367941639
0.09619238476953906,-1.3275368056613865,-1.1048998632788647,1.9934940758090562,-1.1248998632788647
0.09819639278557113,-1.2705443290268368,-1.0566340073347893,1.9921515640314182,-1.0766340073347893
0.1002004008016032,-1.2233579425140348,-1.016386580133103,1.9888038179477208,-1.036386580133103
0.10220440881763526,-1.1787855693451559,-0.9774172277460285,1.981907831720214,-0.9974172277460285
0.10420841683366733,-1.1381413228190072,-0.9412320332709542,1.9703215170308952,-0.9612320332709542
0.1062124248496994,-1.1001034320196486,-0.9041540672139798,1.9454860628507795,-0.9241540672139799
0.10821643286573146,-1.0475335946618727,-0.8521680820359862,1.9063350591908643,-0.8721680820359862
0.11022044088176351,-0.978576607355424,-0.7837784255419561,1.8493825416269531,-0.8037784255419561
0.11222444889779558,-0.892011447184874,-0.697775535563338,1.767700494982315,-0.7177755355633381
0.11422845691382764,-0.8007783526106216,-0.6072833402111562,1.6782293835603959,-0.6272833402111562
0.11623246492985971,-0.7148005348763827,-0.5227412440214171,1.5848231132225445,-0.5427412440214171
0.11823647294589178,-0.6336305644652048,-0.44335767753521294,1.4825107548160197,-0.46335767753521295
0.12024048096192384,-0.5570799532101145,-0.3686974652060384,1.3731937344970557,-0.38869746520603843
0.1222444889779559,-0.4865440015524376,-0.30016864521831754,1.2653435905154042,-0.32016864521831756
0.12424849699398796,-0.4253556961021853,-0.24111271926567648,1.1496921162413773,-0.2611127192656765
0.12625250501002003,-0.3739380814126747,-0.19199711213087742,1.000815005330557,-0.2119971121308774
0.1282565130260521,-0.3355863888561732,-0.15596076894377614,0.8587142452283211,-0.17596076894377613
0.13026052104208416,-0.31179329025561925,-0.1345174319034959,0.7252492050683762,-0.1545174319034959
0.13226452905811623,-0.3052167438002822,-0.13118045283633342,0.5832827449242786,-0.1511804528363334
0.1342685370741483,-0.32891119422023213,-0.15995971251842264,0.451976501054542,-0.17995971251842263
0.13627254509018036,-0.3643869151432451,-0.20080041172891408,0.3240233720791537,-0.22080041172891407
0.13827655310621242,-0.40834736648340103,-0.2502931752278975,0.19503201600623407,-0.27029317522789753
0.1402805611222445,-0.4558698395290625,-0.30346736149325243,0.06491752084197686,-0.32346736149325245
0.14228456913827653,-0.5089291355283246,-0.3623080265961213,-0.06263794275392419,-0.38230802659612134
0.1442885771543086,-0.5646063771616311,-0.42390340230008244,-0.1908104490092283,-0.44390340230008246
0.14629258517034066,-0.62263269452983,-0.4879997307937241,-0.3235837186227885,-0.5079997307937241
0.14829659318637273,-0.6808784185981817,-0.5526965385184694,-0.4193461716790585,-0.5726965385184695
0.1503006012024048,-0.7397016684060809,-0.6183232978311571,-0.513311510314229,-0.6383232978311572
0.15230460921843686,-0.7977359885469137,-0.683396060472219,-0.6003728519496592,-0.703396060472219
0.15430861723446893,-0.8367809549603734,-0.7251289373757049,-0.6607376122227705,-0.745128937375705
0.156312625250501,-0.8608744719803778,-0.7495705988865594,-0.7081267667212154,-0.7898133003485719
0.15831663326653306,-0.8781275359872086,-0.7663720762698769,-0.7517819692987767,-0.830861593509739
0.16032064128256512,-0.8899019287128876,-0.7770258605985252,-0.7954624042076838,-0.8733187869510547
0.1623246492985972,-0.8957456163428982,-0.7811270422594927,-0.8328407985941017,-0.910801186845084
0.16432865731462926,-0.8960259355105283,-0.7789580501504291,-0.8683522428885049,-0.9466972239927389
0.16633266533066132,-0.8914353392242095,-0.7712987233817273,-0.9037851882333597,-0.9829707974842464
0.16833667334669336,-0.8813564783224336,-0.7573719261317755,-0.9219902342961368,-1.0027200986652502
0.17034068136272543,-0.8682350900154954,-0.7391509550018616,-0.938788080152143,-1.0199816643983388
0.1723446893787575,-0.8507960440209252,-0.7153220190148046,-0.9517979512136759,-1.0322943450636708
0.17434869739478956,-0.8319856537452534,-0.6888415151902978,-0.9582533451558782,-1.035093628194857
0.17635270541082163,-0.8196149574152052,-0.6698979329662894,-0.9640440356325538,-1.0359063523869338
0.1783567134268537,-0.7994913582310873,-0.6415020424243942,-0.9974342336785434,-1.0628546267472463
0.18036072144288576,-0.7721904617607979,-0.6043990499246479,-1.021256694055523,-1.0779234049556992
0.18236472945891782,-0.6980873185745591,-0.5075785288745558,-1.0369157583585482,-1.0823682762849853
0.1843687374749499,-0.6187717081231905,-0.4043576463523401,-1.04487073342236,-1.0776004193816953
0.18637274549098196,-0.5371756975524882,-0.2994340121429953,-1.042657934374986,-1.0603334374742903
0.18837675350701402,-0.45346704763747836,-0.19226606034573754,-1.0345245641726948,-1.0357783465234438
0.1903807615230461,-0.3515847568311876,-0.06753636693751819,-1.0241039303549158,-1.008130568681491
0.19238476953907813,-0.2351013725979554,0.07281811248116832,-1.0057397723610322,-0.9710345184404612
0.1943887775551102,-0.10544273301740913,0.22846050021298356,-0.976154126906838,-0.9202996143185743
0.19639278557114226,0.0288785571187446,0.3884329076278243,-0.9451560592164318,-0.8681681584717158
0.19839679358717432,0.15881150001283387,0.5419578449100962,-0.9012410861106331,-0.8002145183191114
0.2004008016032064,0.2894867463387525,0.6959381621501229,-0.8136150131776065,-0.6856647072376113
0.20240480961923846,0.41810067557334674,0.846984047325919,-0.6881481403765228,-0.5233806792724707
0.20440881763527052,0.5016840861208498,0.9400535213388262,-0.5543255980354632,-0.3500143634854322
0.2064128256513026,0.5795630559253531,0.98,-0.4178005773317615,-0.17258911927639134
0.20841683366733466,0.6576010777041382,0.98,-0.2833553683194472,0.002807562271918726
0.21042084168336672,0.7394465614008745,0.98,-0.1712248516175292,0.15111154162669627
0.2124248496993988,0.8060341427507042,0.98,-0.06963776726403731,0.2866353139704733
0.21442885771543085,0.8612661896988146,0.98,0.001999985225211716,0.38753510075157843
0.21643286573146292,0.9288178682889444,0.98,0.02260418133604184,0.42619919357247726
0.21843687374749496,1.0482590805435903,0.98,-0.01968516663736493,0.3872838255696003
0.22044088176352702,1.1349655127288072,0.98,-0.07267699531536559,0.3350310808051431
0.2224448897795591,1.175222985438394,0.98,-0.1175581773991925,0.2952390470784044
0.22444889779559116,1.205397029664101,0.98,-0.18902794562657935,0.22648943127656992
0.22645290581162322,1.2408594127959853,0.98,-0.2845989818801962,0.1272550109898102
0.2284569138276553,1.2772682863829103,0.98,-0.3851388148783224,0.021072048679960025
0.23046092184368736,1.312673309678567,0.98,-0.4849537938844012,-0.08382949474894837
0.23246492985971942,1.3395338820631804,0.98,-0.5643098276000645,-0.1633175587320397
0.2344689378757515,1.3634275404587914,0.98,-0.630394051576535,-0.2271662187269109
0.23647294589178355,1.3845573139037315,0.98,-0.6743829949183837,-0.2663581670590081
0.23847695390781562,1.3791958647512153,0.98,-0.6786398384498213,-0.2577657254326238
0.24048096192384769,1.3167703216536266,0.98,-0.6285836313635668,-0.18297659846709988
0.24248496993987975,1.28271658666574,0.98,-0.5814365924284484,-0.11245517243278651
0.2444889779559118,1.2837346917784282,0.98,-0.5557112897020946,-0.07088896595971202
0.24649298597194386,1.2803609390630628,0.98,-0.5478910898966544,-0.05605838610351074
0.24849699398797592,1.26922754709374,0.98,-0.5263127278047901,-0.021476255325800723
0.250501002004008,1.2583999507798922,0.98,-0.5060204279155213,0.012046847936761968
0.25250501002004005,1.2475247292298564,0.98,-0.48954173223605063,0.040152481983926853
0.2545090180360721,1.2397350755506324,0.98,-0.47528621134887766,0.06515255751656687
0.2565130260521042,1.2318945486496802,0.98,-0.4668533724425826,0.08402852483051858
0.25851703406813625,1.2239930313008143,0.98,-0.458079865647926,0.10666733071278864
0.2605210420841683,1.2128670549212264,0.98,-0.44883164468509346,0.1321816648004202
0.2625250501002004,1.2003803551750833,0.98,-0.44056852579446093,0.1568357934784723
0.26452905811623245,1.1887496894456273,0.98,-0.43356154962859905,0.17937322522297283
0.2665330661322645,1.1785346251872797,0.98,-0.4283954792398394,0.19905348493351446
0.2685370741482966,1.1752699817987742,0.98,-0.4245787411396947,0.21605902757534326
0.27054108216432865,1.1699322616809518,0.98,-0.42209779151820614,0.2280056095626598
0.2725450901803607,1.1623213949280375,0.98,-0.4196870718233256,0.23878968163305297
0.2745490981963928,1.1531639180503628,0.98,-0.4174320778268157,0.24829524363699737
0.27655310621242485,1.142032907302617,0.98,-0.4142974640399387,0.2604830732353262
0.2785571142284569,1.1308258893459096,0.98,-0.41141922791908225,0.27229872488920326
0.280561122244489,1.119479022125882,0.98,-0.4057925585967773,0.28255534290647444
0.282565130260521,1.11149813366218,0.98,-0.4003011168934615,0.29055012969592636
0.28456913827655306,1.1004485798268067,0.98,-0.3944941547757246,0.29843593221943504
0.2865731462925851,1.0897006827285252,0.98,-0.38837158054977133,0.30686382338599816
0.2885771543086172,1.077389115508405,0.98,-0.3821072215395675,0.31504591132065457
0.29058116232464926,1.0656731492898073,0.98,-0.3753643397055285,0.32383183352149486
0.2925851703406813,1.055479284539312,0.98,-0.36816960958597156,0.33302969809375393
0.2945891783567134,1.0456566631957718,0.98,-0.36071986537575723,0.34250564338715483
0.29659318637274545,1.035264978997744,0.95398737094419,-0.35318660918331396,0.35174091478018865
0.2985971943887775,1.0249507677207579,0.9083820645247059,-0.34687621704428995,0.3565788567538885
0.3006012024048096,1.0135809685303057,0.8613351375088262,-0.34052479967027,0.3594608577521001
0.30260521042084165,1.0022638908637693,0.8137742507104337,-0.3367858609402077,0.3599581761095651
0.3046092184368737,0.9900852714147301,0.7645725051465125,-0.3326364358418124,0.36031927463704816
0.3066132264529058,0.9823325682882935,0.7288836600050541,-0.32783151028689644,0.36136970872108054
0.30861723446893785,0.9745365391082307,0.6931258041442092,-0.32209922206774855,0.3637387718268598
0.3106212424849699,0.9688221733908009,0.6639775129512198,-0.3158767272423786,0.36629475397094075
0.312625250501002,0.9634822847154219,0.6360298500421329,-0.3115962007697051,0.36150229743472717
0.31462925851703405,0.957393460370313,0.605646724763299,-0.3074175580564181,0.355262513553247
0.3166332665330661,0.9514614996472939,0.5748531714280989,-0.3025109206451085,0.3497133724864793
0.3186372745490982,0.9462284819146366,0.5449672414918344,-0.2965270087513539,0.3450690179792142
0.32064128256513025,0.9433279503356633,0.519421896473216,-0.2898720104550398,0.34147206595446683
0.3226452905811623,0.942846496643708,0.49679485622409736,-0.28307195635427446,0.33822101002038335
0.3246492985971944,0.9442880140732585,0.4739007808369104,-0.27578725117490044,0.3346780728783623
0.32665330661322645,0.9464554480330704,0.45362693526562037,-0.26910273688571046,0.3305179033643008
0.3286573146292585,0.9491034180345566,0.4360578964333106,-0.26280442264515186,0.32611053881735513
0.3306613226452906,0.9525086034384984,0.42193136209133897,-0.25665322185244105,0.3219161725270538
0.33266533066132264,0.9567284463098804,0.411415410315932,-0.2467044210350445,0.3239897686799209
0.33466933867735466,0.9618872221045024,0.40476380211146346,-0.23405854872656678,0.33478555137891475
0.3366733466933867,0.9680544301676945,0.40221674186208567,-0.2206150336868911,0.3484571509619032
0.3386773547094188,0.9741207596848873,0.4015391229208338,-0.20698507255776188,0.36323421746594203
0.34068136272545085,0.9811778757219802,0.4041635182245594,-0.18847336265059464,0.3841635182245594
0.3426853707414829,0.9967307383888703,0.4224812807970036,-0.16694854893251224,0.40248128079700357
0.344689378757515,1.0428095021138888,0.49786609595566395,-0.13762193105124496,0.45961280823261225
0.34669338677354705,1.0918648936986477,0.5849707407407633,-0.10427805227842192,0.5122493898845363
0.3486973947895791,1.1445342919116195,0.6795180421707393,-0.06622308813020235,0.5730334256577098
0.3507014028056112,1.200236233307863,0.7795194975987623,-0.026914178917414513,0.6357979539976092
0.35270541082164325,1.2593165759583995,0.8856629035019034,0.013099634573301705,0.6994772284966971
0.3547094188376753,1.321513387455792,0.98,0.050534060300315535,0.759574351648082
0.3567134268537074,1.3866154648647862,0.98,0.0936622532905341,0.8291675287122114
0.35871743486973945,1.457907877934418,0.98,0.13821112817554784,0.9031825271595388
0.3607214428857715,1.5351673289034764,0.98,0.1836097152382944,0.96
0.3627254509018036,1.6185552503333176,0.98,0.22573910052854967,0.96
0.36472945891783565,1.695495497168615,0.98,0.26531359410064026,0.96
0.3667334669338677,1.7435528810255527,0.98,0.2974453780341957,0.96
0.3687374749498998,1.7895461185517443,0.98,0.32497958780562736,0.96
0.37074148296593185,1.8329095887811098,0.98,0.34815819728961434,0.96
0.3727454909819639,1.8751155764748384,0.98,0.3701875355509381,0.96
0.374749498997996,1.9152608829749906,0.98,0.39127556777531985,0.96
0.37675350701402804,1.9537790485762618,0.98,0.4112030699400781,0.96
0.3787575150300601,1.9906173098679814,0.98,0.42635729974206904,0.96
0.3807615230460922,2.0227084170157927,0.98,0.4397401848267899,0.96
0.38276553106212424,2.0507475552911973,0.98,0.4518507327621719,0.96
0.38476953907815625,2.073765437165919,0.98,0.4621392776717643,0.96
0.3867735470941883,2.0952449560479347,0.98,0.47177794025417835,0.96
0.3887775551102204,2.1192328686647,0.98,0.481313576781379,0.96
0.39078156312625245,2.1402839169186016,0.98,0.4900674923497618,0.96
0.3927855711422845,2.1546388081447585,0.98,0.49432058758229824,0.96
0.3947895791583166,2.1650919794038317,0.98,0.49639445914764074,0.96
0.39679358717434865,2.172645812802312,0.98,0.49676714580785314,0.96
0.3987975951903807,2.17846544261802,0.98,0.4963886799994164,0.96
0.4008016032064128,2.181087371004725,0.98,0.4931561741925357,0.96
0.40280561122244485,2.1803434974536184,0.98,0.48840674148370467,0.96
0.4048096192384769,2.172960851997695,0.98,0.4805887516711218,0.96
0.406813627254509,2.1575347282246784,0.98,0.4710986805692828,0.96
0.40881763527054105,2.1394475109614537,0.98,0.46031211489300594,0.96
0.4108216432865731,2.115881042977421,0.98,0.44892912644228317,0.9519797931481481
0.4128256513026052,2.0928313017028084,0.98,0.4380323943495192,0.8254380432032792
0.41482965931863724,2.0761892748626583,0.98,0.4314570021078394,0.724383465182703
0.4168336673346693,2.061129885977543,0.98,0.4266374478140858,0.6308581161393957
0.4188376753507014,2.047725151618003,0.98,0.42310279382520766,0.5441778681962014
0.42084168336673344,2.0358361381736962,0.98,0.4200441041443366,0.4596272723798657
0.4228456913827655,2.0271464325539092,0.98,0.41846003979482055,0.38272352013956284
0.4248496993987976,2.0220520169783125,0.9633270416855825,0.4183471250945281,0.3135090090721379
0.42685370741482964,2.0251401960485316,0.8353657756170143,0.42134509111940655,0.2605363197562313
0.4288577154308617,2.0350934509906833,0.7492795117943644,0.4258235450239512,0.21469238214758476
0.4308617234468938,2.049313817509766,0.6671832438924453,0.4319075117904287,0.17591746198988314
0.43286573146292584,2.065175907010877,0.5894008212259231,0.43886728015572524,0.14009844256794168
0.4348697394789579,2.0823459245777163,0.5146080817264008,0.4464597064605613,0.106399846117029
0.4368737474949899,2.1007082417813696,0.4422860310245493,0.4546051812594619,0.07419361203374207
0.438877755511022,2.1217547451421708,0.38052489548398094,0.4662521956093551,0.04949472986226044
0.44088176352705405,2.15253435993765,0.3324539714742745,0.4794413493509934,0.029936459275061313
0.4428857715430861,2.2030959022561363,0.32750205790117,0.4931658375681494,0.014803994703166002
0.4448897795591182,2.2544867093703282,0.33063176394505667,0.5067207688841621,0.004601766352839976
0.44689378757515025,2.305622561882981,0.34195614306168565,0.5205459172064261,-3.61898934853989e-05
0.4488977955911823,2.3551502895556617,0.3692974777360366,0.5341745708542273,-0.0001389219930251011
0.4509018036072144,2.4052097528891463,0.4028636809606469,0.5477412387906049,0.004585947291893033
0.45290581162324645,2.453076057253568,0.4434137032179883,0.5606201513090636,0.012008623946537544
0.4549098196392785,2.500547576475728,0.48752362835781715,0.5746548607280325,0.024985944217689297
0.4569138276553106,2.547306262525123,0.5346934193681742,0.5870553933712153,0.038220193535662104
0.45891783567134264,2.592992667059899,0.5844741758572071,0.5977092434932604,0.05169276614880444
0.4609218436873747,2.6382595927763797,0.6370937067186353,0.6038745709080338,0.06314311371215985
0.4629258517034068,2.675690058905014,0.6850709926770647,0.6074503009813988,0.07267387341620425
0.46492985971943884,2.6948306232785697,0.7113147565639302,0.6091966025426946,0.07980738015598972
0.4669338677354709,2.7151279130700408,0.7426069812698817,0.6097711823542409,0.08425542537811748
0.468937875751503,2.7378262999007394,0.7796610219070094,0.6084732922777626,0.08483657235854442
0.47094188376753504,2.761404618197103,0.819509506961215,0.6064905897994696,0.08394309925994152
0.4729458917835671,2.786867589816428,0.864637691609141,0.6037016757615877,0.08125307155623067
0.4749498997995992,2.811845864176726,0.9091495621257728,0.6003271743159212,0.07689002232707853
0.47695390781563124,2.8379233228690324,0.95638063629425,0.5938866432185543,0.06657409110072313
0.4789579158316633,2.865059003551182,0.98,0.5865879896581542,0.05414533067227281
0.48096192384769537,2.8927193133452325,0.98,0.5793187242009672,0.041365772474599896
0.48296593186372744,2.9194134081651923,0.98,0.572154076025679,0.028427212398679534
0.4849699398797595,2.9432201419229527,0.98,0.565296012561857,0.01577633250599015
0.48697394789579157,2.969164451389268,0.98,0.5591733346029595,0.004436255726321583
0.4889779559118236,2.9869493577954414,0.98,0.5539746232307474,-0.004975273495732942
0.49098196392785565,2.9956441111364924,0.98,0.5499481318342383,-0.01228744358581499
0.4929859719438877,2.998105945545573,0.98,0.5462368481391411,-0.019069240579212544
0.4949899799599198,2.9933130462054733,0.98,0.5430220484362048,-0.024835738052493225
0.49699398797595185,2.9779156045463746,0.98,0.5403278414258385,-0.029346781512406984
0.4989979959919839,2.9594325470134866,0.98,0.5385200123584954,-0.03214795950189452
0.501002004008016,2.9380156750594066,0.98,0.538146126606154,-0.03207170798170133
0.503006012024048,2.9147597158913485,0.9650774423085952,0.538415799453839,-0.03068148684373725
0.5050100200400801,2.8907829483437144,0.8866596652745471,0.539293532351942,-0.02801982024018397
0.5070140280561122,2.8675635141677978,0.8058339380696306,0.5407058584526606,-0.02424697561128989
0.5090180360721442,2.839262539707541,0.7159231078365212,0.5419234460234755,-0.021212627016869975
0.5110220440881763,2.81434281374237,0.630843416751996,0.5413438085132368,-0.023213891760361118
0.5130260521042084,2.7944523524619496,0.554436908066254,0.540391929857309,-0.026307047546355267
0.5150300601202404,2.7793789282199555,0.4813665039368194,0.5392712583243806,-0.029998004891694185
0.5170340681362725,2.7685469274609695,0.41584160878740395,0.5377464319575651,-0.03414163079060428
0.5190380761523046,2.7692030756665265,0.36691289444105224,0.5359815706844391,-0.03876003583865797
0.5210420841683366,2.7706499587027125,0.3183739696036988,0.533885547337616,-0.04338121739858927
0.5230460921843687,2.7723760346979147,0.2716045287990147,0.5315590317441783,-0.047428638642425976
0.5250501002004008,2.7743304551146113,0.2271563647193947,0.5289267803255606,-0.050875628005842
0.5270541082164328,2.7760241682173517,0.18985142664206,0.5262276474310319,-0.05327021112981457
0.5290581162324649,2.777312458397324,0.15712839871386666,0.5231577501801985,-0.05566448955436274
0.531062124248497,2.778293461194458,0.12714431473157364,0.5200292955269716,-0.05708540999378977
0.533066132264529,2.7803665419198498,0.10375391653235357,0.5182380551008343,-0.05405835146943741
0.5350701402805611,2.7821903768053695,0.08434803758698019,0.5162313220367835,-0.05020962332892161
0.5370741482965932,2.7824639865212677,0.0704867685073752,0.5138313449706584,-0.04605379699615737
0.5390781563126252,2.7794514184444052,0.06217247790102789,0.5092009033843986,-0.041811555377573584
0.5410821643286573,2.7736678654729694,0.06132794039743625,0.5042306880043298,-0.03740152253936052
0.5430861723446894,2.7671238933289457,0.062164418811085295,0.49892787321859033,-0.03249046135791392
0.5450901803607214,2.761000649794303,0.06329649567235617,0.4937669017076518,-0.028322195015510376
0.5470941883767535,2.756835426426863,0.061932406513908494,0.4888756032090216,-0.02474028320146481
0.5490981963927856,2.753370115013577,0.059702561084685496,0.4840351374128859,-0.022347124421824363
0.5511022044088176,2.7503180088844625,0.05734705969814801,0.4794230197963186,-0.01947312446410328
0.5531062124248497,2.7476878883386844,0.0551919239633037,0.47499170986813777,-0.016118566320124237
0.5551102204408818,2.7455582067673303,0.052842436800186715,0.47086610278121727,-0.012429823768330496
0.5571142284569138,2.7439429528781503,0.05033088496075633,0.46689209954130617,-0.007839954442427922
0.5591182364729459,2.7429069903642582,0.048353731850823915,0.46324380885184085,-0.003040774491615654
0.561122244488978,2.74484301546973,0.04344423879766732,0.4617971998474463,0.0017438429877734496
0.56312625250501,2.749850461050979,0.03572648597888468,0.460579217403683,0.006583679174502353
0.565130260521042,2.7555638853177387,0.027717097502368695,0.459892476638496,0.007717097502368694
0.567134268537074,2.76158906030885,0.019656841446197684,0.45919700932750374,-0.00034315855380231616
0.5691382765531061,2.7663381758853527,0.013164920866926883,0.45846088101675114,-0.006835079133073118
0.5711422845691382,2.771735924008341,-5.427227459869142e-05,0.4576493704705254,-0.020054272274598692
0.5731462925851702,2.7780881359677934,-0.015075536022000157,0.456939795271788,-0.035075536022000156
0.5751503006012023,2.785905015504459,-0.03229569743117323,0.45647028705971865,-0.052295697431173224
0.5771543086172344,2.795008603625293,-0.05138397104086127,0.4562641410888526,-0.07138397104086128
0.5791583166332664,2.8050816268422967,-0.07210515321343741,0.4557045662424784,-0.09210515321343742
0.5811623246492985,2.81616640544424,-0.09415118884250838,0.45460119181069414,-0.11415118884250838
0.5831663326653306,2.8281862516478444,-0.1174253290127664,0.45385238028413344,-0.13742532901276638
0.5851703406813626,2.8402627801404305,-0.1422027840159089,0.4525442264721502,-0.1622027840159089
0.5871743486973947,2.8562229858289316,-0.17336636763843724,0.4511123587645965,-0.19336636763843723
0.5891783567134268,2.873280677224089,-0.2100113080462376,0.4484175000904845,-0.2300113080462376
0.5911823647294588,2.8902107270357758,-0.24829043119810335,0.4441018800687731,-0.26829043119810336
0.5931863727454909,2.8934297803352385,-0.27537341055784065,0.43426543043451377,-0.29537341055784067
0.595190380761523,2.864334908051486,-0.2787619994943895,0.4219815746712191,-0.29876199949438953
0.597194388777555,2.827429445551955,-0.27627943147485345,0.40388615626245555,-0.29627943147485347
0.5991983967935871,2.7820363031115303,-0.2674755198743051,0.38270059844543314,-0.28747551987430514
0.6012024048096192,2.7243340195054198,-0.24906922170657675,0.3576070031209766,-0.26906922170657677
0.6032064128256512,2.6447914678980298,-0.2146381293472709,0.31141834168001076,-0.23463812934727088
0.6052104208416833,2.5462348232129357,-0.16643614719717428,0.2579622643348172,-0.18643614719717427
0.6072144288577154,2.4319148653917266,-0.10452606030763657,0.19966452091443926,-0.12452606030763658
0.6092184368737474,2.24323408544655,0.02019993317361459,0.10302528548072458,0.00019993317361459081
0.6112224448897795,1.9950325142542567,0.1968019677495195,-0.0032560518810914696,0.1768019677495195
0.6132264529058116,1.7121895777638707,0.40270697045623954,-0.11827935434099328,0.3434280761869412
0.6152304609218436,1.411975002975139,0.6282840027179015,-0.24035643662302225,0.4325202160356972
0.6172344689378757,1.1221051148278638,0.847588867670434,-0.36998603155625387,0.5274046947782958
0.6192384769539078,0.8114002216220182,0.98,-0.5007142168462644,0.6250263720126269
0.6212424849699398,0.4857797430773148,0.98,-0.6324499368638924,0.7233576412820983
0.6232464929859719,0.17175279431198964,0.98,-0.7591470953594385,0.8178087851117577
0.625250501002004,-0.12178587095590339,0.98,-0.8645511372520375,0.8976572534867097
0.627254509018036,-0.3975556748019595,0.98,-0.9625090787960571,0.96
0.6292585170340681,-0.657402620187835,0.98,-1.0547524664347157,0.96
0.6312625250501002,-0.8372447075277932,0.98,-1.1068257182354686,0.96
0.6332665330661322,-0.9409193840026769,0.98,-1.1433696089021657,0.96
0.6352705410821643,-1.016626713933049,0.98,-1.1680658405489162,0.96
0.6372745490981964,-1.0676769467568719,0.98,-1.1786906493592129,0.96
0.6392785571142284,-1.0980909496981823,0.98,-1.1781366982572208,0.96
0.6412825651302605,-1.1016977303069553,0.98,-1.1705465774604507,0.96
0.6432865731462926,-1.0881369483897685,0.98,-1.1587418004385404,0.96
0.6452905811623246,-1.0756964318133617,0.98,-1.1471116369615741,0.96
0.6472945891783567,-1.062970937783028,0.98,-1.1348941242393886,0.96
0.6492985971943888,-1.0490794231200222,0.98,-1.1225601529331015,0.96
0.6513026052104208,-1.0421503574143018,0.98,-1.1100014591487175,0.96
0.6533066132264529,-1.0571658298928626,0.98,-1.0979786829178158,0.96
0.655310621242485,-1.092447803092145,0.98,-1.0895892463036423,0.96
0.657314629258517,-1.1302187634489413,0.98,-1.082347271113743,0.96
0.6593186372745491,-1.1630638272763185,0.98,-1.0765674656041948,0.96
0.6613226452905812,-1.1953069445771005,0.98,-1.0720644395419692,0.96
0.6633266533066132,-1.2226606654018815,0.98,-1.0655475874495859,0.96
0.6653306613226453,-1.2426276156637903,0.98,-1.0556548234310432,0.96
0.6673346693386772,-1.2730476453166295,0.98,-1.045458551974905,0.9562409328500358
0.6693386773547093,-1.2947652665687608,0.98,-1.0350030914364163,0.9436331155029539
0.6713426853707414,-1.3149613144544336,0.98,-1.024508082202762,0.9308315294437218
0.6733466933867734,-1.3192774205686795,0.98,-1.012872800675998,0.9163609029996603
0.6753507014028055,-1.3035301724863428,0.98,-0.998936885821644,0.8979084658765473
0.6773547094188376,-1.274170443311332,0.98,-0.9843728406359186,0.8783578330276517
0.6793587174348696,-1.222256246435232,0.98,-0.9662791595879333,0.8544544856109241
0.6813627254509017,-1.1593796434726658,0.98,-0.9446243884413714,0.8256919589251233
0.6833667334669338,-1.0767477619308394,0.98,-0.9220708084100641,0.795733731655389
0.6853707414829658,-0.9446031748816619,0.98,-0.8981098462323929,0.7638740223211697
0.6873747494989979,-0.8011604870200256,0.98,-0.8766366480386907,0.7349877319425537
0.68937875751503,-0.6469694388556797,0.98,-0.8542373978192198,0.7051048241593129
0.691382765531062,-0.5053000409745333,0.98,-0.8297684358613239,0.6731965647811571
0.6933867735470941,-0.3680472910383006,0.9573142604118953,-0.8039650597665815,0.6399776399357205
0.6953907815631262,-0.24382866079483756,0.799839714993924,-0.7783178739427121,0.6066236673836685
0.6973947895791582,-0.1292916936731114,0.653711461957764,-0.7556474988506207,0.5778300813267233
0.6993987975951903,-0.027496736295659727,0.5222233008725397,-0.7343910858036342,0.5022233008725396
0.7014028056112224,0.05951463468178852,0.4071171794156726,-0.7152977608141581,0.3871171794156726
0.7034068136272544,0.13475994231383476,0.30495534904316196,-0.6991277911893619,0.28495534904316194
0.7054108216432865,0.18976365692027916,0.22653206490393768,-0.6830975240142757,0.2065320649039377
0.7074148296593186,0.19016930884375408,0.21286240007904053,-0.6704513461229992,0.19286240007904054
0.7094188376753506,0.17590941605104368,0.21959553481036612,-0.6587755170600105,0.19959553481036613
0.7114228456913827,0.16073575888738068,0.22838556531320367,-0.6482405577248316,0.20838556531320368
0.7134268537074148,0.1429454266512588,0.24185163217536979,-0.6392595892390838,0.2218516321753698
0.7154308617234468,0.1254127602390211,0.25534834091749575,-0.6306497367668603,0.23534834091749576
0.7174348697394789,0.10804625179528192,0.2687337348164366,-0.6229154364681755,0.2487337348164366
0.719438877755511,0.09031222847593685,0.28232654698778836,-0.6151513639268177,0.26232654698778834
0.721442885771543,0.0712070510545554,0.29702506797116834,-0.6072425500968218,0.2770250679711683
0.7234468937875751,0.050793537886316104,0.3130703846958318,-0.5993437786062499,0.2930703846958318
0.7254509018036072,0.029052159253090393,0.33066347852554023,-0.5914996817097857,0.3106634785255402
0.7274549098196392,0.004421210666915612,0.35073777828736413,-0.5818278032122649,0.3307377782873641
0.7294589178356713,-0.023464454624227193,0.3734170692265725,-0.5706752653317491,0.35341706922657246
0.7314629258517034,-0.05542199657529721,0.3990697057397546,-0.5579787827147077,0.37300089403169595
0.7334669338677354,-0.08885437155001613,0.42601475916016773,-0.5434875202064252,0.36252934241130735
0.7354709418837675,-0.11798331981516212,0.447892994576746,-0.5170581696239335,0.34539193092363574
0.7374749498997996,-0.14995508469966293,0.47228086123184015,-0.4905461500241014,0.32897828232308146
0.7394789579158316,-0.18196765865550305,0.49664488185782857,-0.463940374460185,0.3126348404284278
0.7414829659318637,-0.21627377156654604,0.5220788803715717,-0.4376530408899203,0.296613548731227
0.7434869739478958,-0.2531905526715714,0.5481719273521158,-0.4113483831256506,0.2806323029478817
0.7454909819639278,-0.2896321301978587,0.5736449108581518,-0.38538867330896875,0.2648746716809362
0.7474949899799599,-0.3252975226756603,0.5983679642422062,-0.35971015018914887,0.24941098101564016
0.749498997995992,-0.36413385490975614,0.624647169901527,-0.3361750516383489,0.23540588209859512
0.751503006012024,-0.40593617549414246,0.652215066174466,-0.3140519227965337,0.2224340624612121
0.7535070140280561,-0.43772398012108565,0.6733877095786237,-0.29183951163993566,0.2096658897516691
0.7555110220440882,-0.4653467561063182,0.6916125628694378,-0.2712352436008942,0.19789999121848847
0.7575150300601202,-0.48510551399888774,0.7053967716424533,-0.26274129378347433,0.19312259866569306
0.7595190380761523,-0.4934116049457094,0.7119398511102412,-0.2549568311553443,0.18886786872584163
0.7615230460921844,-0.4926286621310368,0.7142521939268852,-0.24666344047090394,0.184468367785872
0.7635270541082164,-0.4820550056370697,0.7112630269376526,-0.23722901381734324,0.17947421653155154
0.7655310621242485,-0.4210384047512417,0.6810592876798715,-0.22677186028974974,0.1739295830871648
0.7675350701402806,-0.342122671218805,0.6409907260310609,-0.2161021823421845,0.16824731956910474
0.7695390781563125,-0.2374301352896173,0.5868853946090428,-0.20400173350175355,0.16179760208858693
0.7715430861723446,-0.11846221928451212,0.5249330268148253,-0.19275366483260764,0.15576766621203894
0.7735470941883766,0.015893025314749634,0.4544982776401811,-0.18218853106500435,0.15009209812875648
0.7755511022044087,0.15100356516395796,0.3841614703435571,-0.17342741208260853,0.1453844077688392
0.7775551102204408,0.28998635923929866,0.31197278647716015,-0.16557103133461212,0.14105690873539728
0.7795591182364728,0.4298492271696192,0.2395209144523969,-0.15836950571890956,0.13709045941169645
0.7815631262525049,0.5693163518724224,0.16751032626446352,-0.15180978264973738,0.13348430695416816
0.783567134268537,0.7037296093131077,0.09772979730546157,-0.1461888830319977,0.07772979730546156
0.785571142284569,0.8359144533779996,0.030313230941717676,-0.141668054427291,0.010313230941717676
0.7875751503006011,0.9234924268446346,-0.012612119003791056,-0.13825618177832244,-0.03261211900379106
0.7895791583166332,0.993601046600018,-0.04596798201505032,-0.1345572849661067,-0.06596798201505032
0.7915831663326652,1.038366299278528,-0.06557014344949605,-0.13199315727527255,-0.08557014344949605
0.7935871743486973,1.0729193907606298,-0.07975591176909551,-0.12747959695732677,-0.09975591176909551
0.7955911823647294,1.0970942661788405,-0.08836736100720063,-0.12178971058944864,-0.10836736100720064
0.7975951903807614,1.113360816052802,-0.09284364155022445,-0.1157193268362894,-0.11284364155022446
0.7995991983967935,1.1217763775445126,-0.09305806988925039,-0.10887318423568741,-0.11305806988925039
0.8016032064128256,1.1217268063763242,-0.0886528907908542,-0.10206916932464595,-0.1086528907908542
0.8036072144288576,1.1141050971151356,-0.08009914135377146,-0.09581138565181124,-0.10009914135377146
0.8056112224448897,1.1025324852491079,-0.06945536221105605,-0.08983412396954717,-0.08945536221105606
0.8076152304609218,1.0863414023905864,-0.0574183296507274,-0.08427386983338843,-0.0774183296507274
0.8096192384769538,1.0686977585871906,-0.04480625447843838,-0.08051412174775788,-0.06480625447843838
0.8116232464929859,1.049732515376947,-0.03110819688899209,-0.08214230540940458,-0.05110819688899209
0.813627254509018,1.0312245399002382,-0.017655363454966974,-0.09016730250447616,-0.03765536345496698
0.81563126252505,1.0141563960570918,-0.004975436626244435,-0.10115871713749419,-0.024975436626244435
0.8176352705410821,0.9981488741652812,0.007098416507411654,-0.11547728475851148,-0.012901583492588346
0.8196392785571142,0.9851706587433334,0.017134232530294575,-0.13156564308193464,-0.0028657674697054256
0.8216432865731462,0.9757779289578387,0.02465812313847431,-0.14870436440812193,0.0046581231384743085
0.8236472945891783,0.9692730064848565,0.029984154382485986,-0.16697757674627778,0.009984154382485986
0.8256513026052104,0.9652213673987944,0.03330389368639607,-0.1868360194896888,0.013303893686396073
0.8276553106212424,0.9633489747683366,0.0349245224668585,-0.207814305514884,0.014924522466858502
0.8296593186372745,0.9634223116443987,0.03513221098290646,-0.2297086027244735,0.015132210982906461
0.8316633266533066,0.9643302654905498,0.03497217083932224,-0.2501229902957895,0.01497217083932224
0.8336673346693386,0.9708215053196437,0.030304592936704434,-0.2671790997450896,0.010304592936704434
0.8356713426853707,0.9819962511191963,0.02196908458263942,-0.2788608969917626,0.0019690845826394188
0.8376753507014028,1.0013615029510066,0.007451720203483094,-0.2893208132763116,-0.012548279796516907
0.8396793587174348,1.0228612668398411,-0.008826107074097178,-0.29685582450978143,-0.028826107074097176
0.8416833667334669,1.0462041906175077,-0.026780779198358574,-0.3021287703482099,-0.046780779198358574
0.843687374749499,1.0693816136463978,-0.04470037988772967,-0.30619484075374026,-0.06470037988772967
0.845691382765531,1.0889084840560905,-0.06006720719000524,-0.30860275414579047,-0.08006720719000524
0.8476953907815631,1.0769192182559995,-0.053756241341118144,-0.3076611321368437,-0.07375624134111815
0.8496993987975952,1.0481565649840472,-0.03638059674158433,-0.3037470947643773,-0.05638059674158433
0.8517034068136272,1.0111690469941192,-0.014087100759273663,-0.2982714686689868,-0.03408710075927367
0.8537074148296593,0.9681193593841692,0.011568109453612906,-0.29224549537408007,-0.008431890546387094
0.8557114228456913,0.9156970523180376,0.04346890034932538,-0.2861232067909799,0.02346890034932538
0.8577154308617234,0.8521994031086808,0.0825103500114547,-0.2785707981788315,0.06251035001145469
0.8597194388777555,0.7744954938568361,0.13064564384436783,-0.26829791603102265,0.11064564384436783
0.8617234468937875,0.6648480258679,0.19859255610047447,-0.2513982191769577,0.17859255610047448
0.8637274549098196,0.5504543058483737,0.269781741953515,-0.23508602777369728,0.22186180778360837
0.8657314629258517,0.4305580499045188,0.34377549591085055,-0.2187614794818705,0.21220512940521122
0.8677354709418837,0.3075405178691701,0.4185885217343815,-0.2022689800673848,0.20254922220207597
0.8697394789579158,0.2099452957445752,0.4748231289457726,-0.18615214821736317,0.1933962616432436
0.8717434869739479,0.12098076911932597,0.5239042933991044,-0.1706163031391772,0.1846681737930191
0.8737474949899798,0.034483833912534095,0.5708249141447568,-0.15552092596776945,0.17623555494890206
0.8757515030060119,-0.05284875302025511,0.6172682950332837,-0.14100461815541854,0.1681608931467358
0.877755511022044,-0.13873758764793578,0.6622053816822647,-0.12626685461173423,0.15997929866385366
0.879759519038076,-0.22368580643834352,0.7058319843502366,-0.11246731038947183,0.15240482885061593
0.8817635270541081,-0.30926330212889536,0.7492343090623074,-0.10104934157391741,0.14602238122628244
0.8837675350701402,-0.39782859631936857,0.7887520678631277,-0.09632428822937665,0.14383160411283644
0.8857715430861722,-0.4974477314425745,0.8331026139704858,-0.09153678191933441,0.14161625959972368
0.8877755511022043,-0.6003052070231809,0.8787884388850312,-0.08691225705851792,0.13948836169575388
0.8897795591182364,-0.7100884333785697,0.9274417450959033,-0.08147945733603523,0.13701111770764907
0.8917835671342684,-0.8333044311678268,0.98,-0.07540895372607322,0.13425657578739836
0.8937875751503005,-0.9700526251154535,0.98,-0.06908650448231388,0.13140772025516997
0.8957915831663326,-1.1236674549598482,0.98,-0.060957358519468416,0.12774515589777716
0.8977955911823646,-1.2978988344916085,0.98,-0.04486203148917108,0.1204981564107841
0.8997995991983967,-1.4930464606488392,0.98,-0.026653652729933544,0.11230714435490735
0.9018036072144288,-1.7042952655923593,0.98,-0.00580082568783028,0.10294223771475947
0.9038076152304608,-1.937304223600236,0.98,0.01863063889534697,0.09198746751784355
0.9058116232464929,-2.169574753266913,0.98,0.04764070489794003,0.07900040332092188
0.907815631262525,-2.401887941831353,0.98,0.0754969991995541,0.06650857958711216
0.909819639278557,-2.6265229299502573,0.98,0.10104895903182178,0.0549433863620713
0.9118236472945891,-2.8372637677573422,0.98,0.12429104873277134,0.04420842310386978
0.9138276553106212,-3.030501654148585,0.98,0.1446932199886133,0.03469280834068765
0.9158316633266532,-3.20300791843605,0.98,0.16075431059186357,0.026942206679998068
0.9178356713426853,-3.3571833168633303,0.98,0.1706099663424561,0.021833837116007757
0.9198396793587174,-3.4901853397202403,0.98,0.17036917466049936,0.021201298706411117
0.9218436873747494,-3.5998850369683124,0.98,0.16604485229021745,0.02232734264642008
0.9238476953907815,-3.6849676330356846,0.98,0.15784316907936988,0.025043387539888603
0.9258517034068136,-3.7384154507101544,0.98,0.1451752645846741,0.02964081092629464
0.9278557114228456,-3.7568531541252925,0.98,0.12025948556175597,0.03907634826189121
0.9298597194388777,-3.7614007841609793,0.98,0.09412647345930879,0.04896201305028216
0.9318637274549098,-3.778977923693661,0.98,0.06646064154942265,0.05954923711512987
0.9338677354709418,-3.7988250324151354,0.98,0.0370122363462805,0.07105668454131699
0.9358717434869739,-3.7880140040835513,0.98,0.0066201688729462145,0.08296477022456125
0.937875751503006,-3.768053759147097,0.98,-0.019998229349852768,0.09339591656583773
0.939879759519038,-3.710823666820812,0.98,-0.04511539500924082,0.10320610752134836
0.9418837675350701,-3.6155513299709203,0.98,-0.06931947855583952,0.11262437018363546
0.9438877755511021,-3.4655510873008,0.98,-0.0949345844562053,0.1226258905722137
0.9458917835671342,-3.160440708965291,0.98,-0.20717721496368496,0.16805209425650613
0.9478957915831663,-2.9177526886502494,0.98,-0.417638789693353,0.25311748221163266
0.9498997995991983,-2.6656260240165164,0.98,-0.6207720780305718,0.3355296757992334
0.9519038076152304,-2.4002572974461076,0.98,-0.8219723500171512,0.41719181166073604
0.9539078156312625,-2.1828799639056524,0.98,-1.019829485535132,0.49744617935160773
0.9559118236472945,-1.4811348204217312,0.98,-1.2151675233938903,0.5766582430514724
0.9579158316633266,-1.1324033969314167,0.98,-1.408457802343545,0.6550366986657604
0.9599198396793587,-0.7926664778286022,0.98,-1.602602980825525,0.7337689694105692
0.9619238476953907,-0.4865404666701305,0.9073614405712598,-1.7939173889685127,0.8113243966757954
0.9639278557114228,-0.21227853849562547,0.7934461288144924,-1.9839848031049805,0.7734461288144924
0.9659318637274549,0.009858343918828883,0.701246971364532,-2.1708077964776504,0.6812469713645319
0.9679358717434869,0.0745908212479493,0.6737729928467397,-2.2698566107215745,0.6537729928467397
0.969939879759519,0.19933211901810283,0.6218637630876278,-2.2698566107215745,0.6018637630876278
0.9719438877755511,0.31240095044830324,0.5748489766907103,-2.2698566107215745,0.5548489766907103
0.9739478957915831,0.41139965602233186,0.5337041381061364,-2.2698566107215745,0.5137041381061364
0.9759519038076151,0.5717676338558623,0.46713597923068667,-2.2698566107215745,0.44713597923068665
0.9779559118236472,0.24878966073663056,0.6008656701561976,-2.2698566107215745,0.5808656701561976
0.9799599198396792,0.24878966073663056,0.6008656701561976,-2.2698566107215745,0.5808656701561976
0.9819639278557113,0.24878966073663056,0.6008656701561976,-2.2698566107215745,0.5808656701561976
0.9839679358717434,0.24878966073663056,0.6008656701561976,-2.2698566107215745,0.5808656701561976
0.9859719438877754,0.24878966073663056,0.6008656701561976,-2.2698566107215745,0.5808656701561976
0.9879759519038075,0.24878966073663056,0.6008656701561976,-2.2698566107215745,0.5808656701561976
0.9899799599198396,0.24878966073663056,0.6008656701561976,-2.2698566107215745,0.5808656701561976
0.9919839679358716,0.24878966073663056,0.6008656701561976,-2.2698566107215745,0.5808656701561976
0.9939879759519037,0.24878966073663056,0.6008656701561976,-2.2698566107215745,0.5808656701561976
0.9959919839679358,0.24878966073663056,0.6008656701561976,-2.2698566107215745,0.5808656701561976
0.9979959919839678,0.24878966073663056,0.6008656701561976,-2.2698566107215745,0.5808656701561976
1.0,0.24878966073663056,0.6008656701561976,-2.2698566107215745,0.5808656701561976
