rel_day,dd_pct_ahr_2025,dd_pct_ahr_2021,dd_pct_ahr_2017,dd_pct_ahr_2021_timewarp_scaled,dd_pct_ahr_2017_timewarp_scaled
-440,-4.348207198788224,-74.519194762966,-98.03062688810384,-18.598802238884964,-10.70929380920026
-439,-3.0557410145636332,-74.47500380748288,-98.02690220293925,-18.58777288135645,-10.70866216279089
-438,-2.0201190732905605,-74.30076101149352,-98.0282418339225,-18.5442846591009,-10.707847347067663
-437,-1.4758951289372404,-74.20600079770763,-98.02813267509747,-18.520634021410512,-10.707527721066164
-436,-1.1439807128519297,-73.87315654241559,-98.00792831612446,-18.43756140501662,-10.708381643821978
-435,-0.9138045903419759,-73.97481671231046,-97.99439951341317,-18.462934161679655,-10.709613019238137
-434,-0.5665161088242855,-74.67200617723172,-97.98015763492944,-18.63694153014828,-10.71008913778583
-433,-0.6955074889087738,-75.34323155691368,-97.96726683130113,-18.804468677135507,-10.708549707281886
-432,-2.3899496412303107,-76.18608952329734,-97.9572866617013,-19.01483257977968,-10.70373443554313
-431,-3.9308005879605292,-77.09428227873646,-97.94275543069578,-19.24150300351317,-10.698263757052736
-430,-5.897626158626622,-77.92808781442217,-97.93272962621677,-19.44960756386482,-10.692482058833829
-429,-7.548737543231131,-79.07587419406755,-97.94384234658192,-19.736076734062017,-10.686081911685578
-428,-9.108176300123827,-79.80184176849329,-97.95709050728489,-19.91726665957766,-10.678755886407162
-427,-10.630235256459146,-79.75702019277495,-97.9710415408091,-19.906079909298455,-10.670690252578511
-426,-12.142250660057032,-79.84958960608161,-97.98592567692187,-19.929183758138162,-10.663346396195225
-425,-13.283580851808807,-79.72423124459836,-97.97753622304184,-19.897896310902134,-10.656097200701295
-424,-14.83588418005011,-79.73333618576002,-97.97212285535484,-19.900168758968718,-10.648315549540703
-423,-15.85048381581436,-79.59649924874398,-97.96741101247282,-19.86601644239268,-10.642463668439731
-422,-16.832010182999646,-79.26205486423655,-97.9582589268455,-19.782544459272827,-10.63746033329267
-421,-17.819721507319006,-78.88864830317513,-97.92369825182072,-19.689348138432617,-10.635171369939519
-420,-19.33168399191529,-78.60250160548159,-97.88041097456254,-19.617930487468453,-10.637462604220277
-419,-21.746491385974537,-78.35251396606425,-97.83733150219727,-19.5555375606195,-10.641758946245142
-418,-23.1493504060717,-78.03397705925036,-97.79396390715374,-19.476035830166527,-10.645967563473665
-417,-24.79596270119939,-77.74184340584361,-97.76144740986392,-19.40312393056378,-10.649847777408965
-416,-26.121591535249383,-77.91599139249448,-97.72753010813376,-19.446588489920895,-10.653158909554168
-415,-27.608655573343224,-78.11576176839559,-97.66972796771422,-19.49644798889147,-10.65786820794373
-414,-28.954427080100807,-78.57284946124535,-97.61911056660767,-19.610529785295505,-10.663013308778375
-413,-29.333975201195262,-78.73384273742765,-97.62833087641681,-19.65071113877133,-10.668392682054241
-412,-28.68253768660128,-78.9221185042687,-97.62643029344117,-19.69770176668927,-10.673804797767469
-411,-28.80854677417143,-79.17719771336571,-97.64690721381305,-19.761365468106565,-10.672645367434892
-410,-29.221956157998676,-79.32226836929276,-97.649857512102,-19.797572789573668,-10.670045931597507
-409,-30.86505610921775,-79.2445272724084,-97.65851616070962,-19.77816985196296,-10.666961543379031
-408,-32.18442942141528,-79.1421020828203,-97.68835406750945,-19.752606158588534,-10.664347255903197
-407,-33.20460123181898,-78.91877805609975,-97.71793731082663,-19.696868044115092,-10.661893636782294
-406,-35.520442140828216,-79.08080241923459,-97.70358605127637,-19.737306740445767,-10.65761283674756
-405,-37.62981846832364,-79.23603690552821,-97.7013433031284,-19.77605079183298,-10.651884883366668
-404,-39.061183271373395,-79.4383421232335,-97.70972340633094,-19.826542946880597,-10.645089804207275
-403,-39.966022273017174,-79.59499081542712,-97.72729795383005,-19.865639961500207,-10.638281177554981
-402,-40.01595836668803,-79.64618714135898,-97.73439184342396,-19.878417747738943,-10.629499842790441
-401,-39.78726017587112,-79.87294850081166,-97.74280049010699,-19.93501376562798,-10.620386565504681
-400,-39.63841223699874,-80.03406843980567,-97.73251768060913,-19.97522673212101,-10.612582111288742
-399,-38.28680591167727,-79.9595294159565,-97.7194881370098,-19.95662298085853,-10.607293688454805
-398,-35.9170217007932,-79.78710096596642,-97.69745858711097,-19.91358759042089,-10.600715897707852
-397,-33.85739297661182,-79.46948929214554,-97.66517934030058,-19.834316783363114,-10.593823731713305
-396,-32.044337359440384,-79.16447037249843,-97.64903962802964,-19.758188926860104,-10.587592183136595
-395,-30.169338398732673,-78.83773647208659,-97.628884477843,-19.676641357568343,-10.58416571885057
-394,-27.56729940939169,-78.47647199473556,-97.60268914653224,-19.586475507124597,-10.57850895223094
-393,-25.22061089953008,-78.15386555871773,-97.61377137654527,-19.505958087101842,-10.572502628872293
-392,-23.042443719238044,-77.92944248974334,-97.62466581676722,-19.449945669214408,-10.568027494369206
-391,-22.346065013153076,-77.87615110388906,-97.64477227003132,-19.43664498944066,-10.561201181847615
-390,-22.3064348505273,-77.93559260159614,-97.67015911610098,-19.451480639022673,-10.554322834763896
-389,-22.121115756484755,-77.97323427039024,-97.67920733491034,-19.460875399071675,-10.547588542880904
-388,-21.76328186328564,-77.96015124070402,-97.692361890792,-19.457610083570167,-10.541194395961476
-387,-21.60148798314138,-77.78736879832259,-97.7164754379695,-19.41448634227874,-10.535726873766103
-386,-21.62801293573234,-77.09968043746403,-97.72551299373269,-19.242850297816975,-10.53292748170163
-385,-21.835498766787794,-76.3547481567364,-97.72068583176808,-19.056927084144515,-10.534496508073161
-384,-22.323948482060135,-75.5384453593047,-97.69840452047218,-18.853190928047106,-10.542134241185794
-383,-22.460213492822554,-74.63823148465,-97.67686895784973,-18.628511905673612,-10.548943153637671
-382,-22.920029860821195,-73.86380996309065,-97.65136232990305,-18.435228647919235,-10.560734512079854
-381,-23.279464737520534,-73.20472010954259,-97.64235124318816,-18.270730334661994,-10.572895052135227
-380,-25.562336964868432,-72.29056241256089,-97.62866271441492,-18.04257115667572,-10.580811509426667
-379,-28.02047560861426,-72.13007898411631,-97.6202707684035,-18.002517053061837,-10.5863626049216
-378,-31.356589515122913,-71.97206719957717,-97.62050382827819,-17.963079832337637,-10.591671738850426
-377,-35.31448724660603,-71.72685953175232,-97.63661249765576,-17.901879910145254,-10.59530926779121
-376,-38.510469808944826,-71.44751148771013,-97.64523635953584,-17.832159094676353,-10.595845548322028
-375,-41.45687714814739,-71.15325684603322,-97.65945181902487,-17.75871783023662,-10.59001509131618
-374,-42.750231080701006,-71.0008336762175,-97.65153276458008,-17.720675438594522,-10.589670300540607
-373,-43.07656452469957,-70.95921799697466,-97.64890631551779,-17.710288828933262,-10.592148889718723
-372,-43.168507706757715,-70.5706296253326,-97.64934791176574,-17.61330337036128,-10.594788572573945
-371,-43.15798317500913,-69.3477760698397,-97.65206668380665,-17.30809863058821,-10.609465045141679
-370,-41.86075913386659,-68.20961395906696,-97.65186011452691,-17.024031524369633,-10.62388219798718
-369,-40.757606838120424,-67.7036071859622,-97.64788534323064,-16.89774030591985,-10.638019717735395
-368,-39.9169179395502,-66.75309259071877,-97.6398853940624,-16.66050702611404,-10.651857291011263
-367,-41.267509531902824,-65.79315157029319,-97.63946728778494,-16.420921060958637,-10.661973553928037
-366,-41.99794696684255,-65.10837487006448,-97.6310348133539,-16.25001172054156,-10.67562591910306
-365,-42.5818546859338,-64.27181823154426,-97.59326345941452,-16.041220528809625,-10.689482199868742
-364,-42.800794245608856,-63.99032554787464,-97.5268697687239,-15.970964445502267,-10.70021020955749
-363,-42.91665198184476,-63.67050478376168,-97.41175287482727,-15.891142284748295,-10.71118995942394
-362,-43.515961020551295,-63.0385042582141,-97.32393696945371,-15.733405035615101,-10.715577402679633
-361,-42.990048139168785,-62.901097363377836,-97.23888031048132,-15.699110466659441,-10.717922378321445
-360,-42.36738175545333,-62.17220518331087,-97.14479338135632,-15.517190606230777,-10.72277472534624
-359,-41.05001879815022,-60.74086172048923,-97.03303711161108,-15.159950111541876,-10.724477120571361
-358,-39.87695845642219,-59.46951020627049,-96.91126791812553,-14.84264105493875,-10.728922679647468
-357,-38.389864943388716,-58.581070297310575,-96.82037681707536,-14.620900626577463,-10.733289041173766
-356,-37.6076253888648,-57.13051303423256,-96.79583088080987,-14.258864673854394,-10.734753843749454
-355,-37.62955508358674,-55.502733215275384,-96.746410461236,-13.852596798342162,-10.73641764190672
-354,-38.37224793401502,-54.01265735703129,-96.65925748186883,-13.480697634689475,-10.732343064913998
-353,-38.79023569898491,-53.02494671664184,-96.55916095427366,-13.234180815388372,-10.725933163274215
-352,-40.33363514915704,-52.16772116515309,-96.46064139067921,-13.020230992702126,-10.720590987490295
-351,-41.92397778314916,-51.71027371473248,-96.2771293051782,-12.906059406547477,-10.713803531580094
-350,-43.97749594037274,-52.3797154345884,-96.24768876438952,-13.073141380496114,-10.708089800339796
-349,-45.12961125027316,-53.6667310216849,-96.31317627064824,-13.39435993980704,-10.703199186815691
-348,-45.77476521271334,-54.549263487364236,-96.37710326307385,-13.614625964564501,-10.698881084054076
-347,-46.14610947488756,-54.90443212998316,-96.47147141266713,-13.703270391903446,-10.694892086945282
-346,-47.07061427179214,-54.191833106252595,-96.59916829359362,-13.525417043378352,-10.688056304177767
-345,-48.4599889509257,-54.651786501271395,-96.74523756450455,-13.64021407332841,-10.680850588203912
-344,-49.755150400776316,-54.53575792765873,-97.12621499340902,-13.611255192310624,-10.675751791476102
-343,-50.4462231898013,-53.12755973173169,-97.32730607831294,-13.25979138701173,-10.670986448621441
-342,-51.06115069076294,-52.239519963477896,-97.40370239556577,-13.038150827387408,-10.66670648318224
-341,-51.0779449220725,-51.4419748841025,-97.48960143980615,-12.83909629848272,-10.66357259667675
-340,-51.31251340056267,-50.83286531658667,-97.57655927339974,-12.68707226730425,-10.662245490623219
-339,-50.88491698662538,-51.402944766258535,-97.64578278487025,-12.829355003700226,-10.659094022394138
-338,-49.276942422599696,-51.96208177432282,-97.65358513477186,-12.968906681231202,-10.655775922079922
-337,-47.87065659937484,-52.653578525433545,-97.56909465689753,-13.141493239146229,-10.654157130760295
-336,-46.84704127940196,-53.71699154456388,-97.49877255735319,-13.40690416453226,-10.656103589514967
-335,-46.61516589873762,-54.37655947796963,-97.448151724833,-13.571521798895374,-10.657819969748127
-334,-45.985844969442425,-54.85302555956718,-97.36900115062774,-13.690440131995416,-10.659478870476908
-333,-44.91466629120374,-55.23196244744314,-97.29024594326653,-13.785016734185513,-10.661116087210294
-332,-43.68811601739696,-55.427061883428145,-97.23233045946317,-13.833710441066609,-10.66276741545727
-331,-43.02786271912752,-54.89446645880846,-97.25686677281682,-13.700783119356482,-10.663765285379508
-330,-42.15574246948173,-53.14915224509737,-97.25433649755554,-13.265180533891352,-10.664739747431627
-329,-41.002062311083236,-50.04593195140529,-97.24668826807829,-12.490666252978093,-10.665640537255914
-328,-39.68019713400333,-46.55637846372445,-97.23571320671022,-11.619729369859202,-10.666417390494663
-327,-38.63793511990188,-42.99805176054776,-97.24605284783772,-10.731627789263262,-10.664106082021041
-326,-38.277829083678334,-40.018625343189385,-97.26096283800906,-9.988010485050294,-10.661962787502745
-325,-37.696165745923714,-37.67899551453273,-97.26215539602539,-9.404076202966413,-10.659827511102803
-324,-37.00653458234812,-34.682873405953444,-97.20385014373998,-8.656291920564176,-10.657540256984241
-323,-36.34519637022491,-33.52195424013805,-97.13760896217018,-8.36654501644086,-10.657300244626986
-322,-35.82265790578818,-33.148035141902184,-97.06571885213259,-8.273220774498201,-10.655817545960243
-321,-35.856316726273135,-32.27009928041032,-96.97701238336374,-8.054101988818205,-10.653775690389018
-320,-36.83613017581422,-30.482704258413342,-96.87935043597324,-7.60799670490268,-10.651858207318325
-319,-37.54507736522421,-28.530537307130366,-96.79479784720125,-7.120766975975937,-10.648888122036102
-318,-38.791551205043035,-25.34198383597134,-96.70057447649015,-6.324954895251884,-10.645166975221777
-317,-39.86151835060229,-22.726412973180807,-96.62971753996665,-5.672150133021592,-10.640939777969507
-316,-40.9574570441235,-18.333027338655132,-96.57427240840535,-4.575631164511352,-10.636451541373448
-315,-41.78183743235248,-14.233354230358225,-96.60201559716651,-3.552418157073131,-10.632306477531053
-314,-42.12424946527436,-10.586239370675301,-96.6540374391839,-2.642156469014042,-10.626125418033734
-313,-41.81847565804868,-5.772982302675213,-96.70446597037895,-1.4408442887442372,-10.618165288704132
-312,-41.872058050140446,-0.16388365297088978,-96.74455849382318,-0.04090274541327202,-10.608683015364893
-311,-42.03852958015003,3.825439523814554,-96.80158057805589,0.9547686794865915,-10.597993892711772
-310,-41.97818516983592,9.632916664496902,-96.8665179699449,2.4042223295154987,-10.586304433952275
-309,-41.71460322252995,17.125859521691478,-96.93205004978948,4.27434133484707,-10.573714266293297
-308,-41.74349154731492,27.39423366526932,-96.91801119970673,6.837163713950334,-10.56032301694173
-307,-40.71679089409762,38.92256676249566,-96.87781809848126,9.714451748279208,-10.545888034001036
-306,-39.38069302342922,46.954329049066736,-96.84616325134182,11.719051487619229,-10.530604469522254
-305,-37.46743123303346,51.93575409536893,-96.81645384144387,12.962335712558904,-10.515085304710807
-304,-35.53505972784849,54.595761565420965,-96.7535580663941,13.626231143082816,-10.499943520772103
-303,-33.892078024635616,53.46913605260185,-96.67128050737306,13.345043387674881,-10.480076127157064
-302,-32.47695912582077,52.80617146439882,-96.58883890984407,13.1795780024598,-10.460104122368755
-301,-30.787470915598274,51.187689420531,-96.47056779414548,12.775630703286302,-10.440362886527648
-300,-30.475083267171758,45.290664357387236,-96.37606831484341,11.303827320332065,-10.421187799754223
-299,-30.449451134032312,39.418212009143815,-96.31203395826847,9.838156895018578,-10.400430991479862
-298,-30.79436082794987,35.48170772899139,-96.2245813216247,8.855668224120262,-10.387114442693921
-297,-30.646621131677954,35.57009679131681,-96.14912721817925,8.877728724042463,-10.376066629072636
-296,-31.23249053212251,36.69877724729583,-96.10763820665872,9.15942936048145,-10.362116026292242
-295,-31.6850928126771,33.748901997676064,-96.02564109488286,8.423187556318458,-10.348958042005487
-294,-32.0621754547368,24.46907387261407,-95.97145436142944,6.107090493570205,-10.345814216022616
-293,-31.37398957993069,19.73535011080715,-95.888798616262,4.925628557764213,-10.348908638960104
-292,-29.838356405591977,14.925387114766522,-95.80519778789777,3.7251385253065186,-10.354465401434432
-291,-28.226690825562134,10.735569157345205,-95.72777487814031,2.6794268015704095,-10.354799489561675
-290,-27.699575267876753,5.783544032525045,-95.6615719142636,1.443480328027839,-10.35449204677829
-289,-26.954688809208413,1.6606419388508074,-95.6438291439707,0.41446973640185036,-10.348187206427813
-288,-26.384861507039847,-3.682372649970759,-95.73630989691279,-0.9190614700619583,-10.330529101853777
-287,-26.244532970228857,-1.3754882522248149,-95.8187549550184,-0.34329992515904945,-10.31198324320838
-286,-26.961251906201344,-1.0035496436623446,-95.99169421144472,-0.2504699818449371,-10.295315249407116
-285,-28.082272435920864,0.15253212304029098,-96.08754986915751,0.03806958462886545,-10.273523000459306
-284,-27.167470516892468,0.10864316724467862,-96.15476477225168,0.027115601404674353,-10.239604376374263
-283,-25.532742050326913,0.35225968876970704,-96.217585023002,0.08791839886352232,-10.19271988008593
-282,-23.47721999748552,2.126768646581328,-96.22407852395925,0.5308075267244443,-10.14268969038981
-281,-21.30218787694726,7.422378288354552,-96.15348099902018,1.8525072146365376,-10.097424762769178
-280,-17.760039843552235,8.884664058542178,-96.18251746283467,2.217470415634132,-10.064836052707314
-279,-11.065358112453156,11.45711873539098,-96.21447980747007,2.8595140656680833,-10.051196844686197
-278,-5.132687756398509,15.066962545856892,-96.39218845656555,3.7604734944122673,-10.050514945390423
-277,-0.16530388560337222,19.29057831027871,-96.56518718398443,4.814620611613239,-10.052656448817391
-276,3.4831822396524363,30.520873901339737,-96.73273810211309,7.617523238872551,-10.047487448964503
-275,8.290307079587238,40.227300773162256,-96.85522989355259,10.040092543458533,-10.04711196301157
-274,12.807712711683592,46.365340603747754,-97.04194651345242,11.572049367557137,-10.058819568018333
-273,15.818155286790121,56.143341308192966,-97.17184558153379,14.012482358977937,-10.077651856595283
-272,16.161819308910886,64.29947132313119,-97.30479282121745,16.048122299331368,-10.098650421352916
-271,17.45726068153441,70.92949216566127,-97.31800660006976,17.702869735641354,-10.096733629493938
-270,18.522742598378176,79.5544547835615,-97.37676077487158,19.85552281460113,-10.081606914163125
-269,22.41274791188906,79.88136560800402,-97.39737406285933,19.937114541308553,-10.054170105177388
-268,25.095094828788273,81.27331266673943,-97.46781035224843,20.2845223220121,-10.01532303235363
-267,27.466977665205377,87.6238021589631,-97.48554677261211,21.869503192533845,-9.989117531339344
-266,30.192443510999606,90.18115914781278,-97.50569271173548,22.507778700490398,-9.957082445800804
-265,30.766647086815333,98.02776191163093,-97.42161480982337,24.46616557672472,-9.914114388208313
-264,30.254457446916998,106.40715545323003,-97.35692959085065,26.557528531701834,-9.855109971032174
-263,30.46748735695301,114.74755851141605,-97.27474433720542,28.639160084018126,-9.820879216434557
-262,28.93870858833474,119.90233572216331,-97.21206072058922,29.925710243787776,-9.788041287734526
-261,27.904539465937976,117.8698038887876,-97.15977539079485,29.41842272231847,-9.758119580567458
-260,26.975930493422247,113.47218884059619,-97.11147500497817,28.320848159627356,-9.732637490568736
-259,26.267871694933444,107.14306145234208,-97.01146957579964,26.74119892947559,-9.70076546690069
-258,26.91587004957797,95.19595007238479,-96.9497312885968,23.759390516374136,-9.666125371357019
-257,28.02629480092867,83.0244642871152,-96.89203059537707,20.721581831058998,-9.645063730929737
-256,28.696850660085925,68.27327963387671,-96.8431456204171,17.03992146116992,-9.653927072610852
-255,28.851933721155028,61.776543557225146,-96.82707648507883,15.418439776186366,-9.67777318607044
-254,29.40711176014837,59.96362205290678,-96.7889172367259,14.965963489496856,-9.704364617836704
-253,30.35624485160161,59.31026954917487,-96.74773151563487,14.80289712722815,-9.736017806828322
-252,31.502048293411484,59.26315478058569,-96.77130002327297,14.791138032590743,-9.775049191963964
-251,31.737344828735765,60.35910485052761,-96.79208264737841,15.064669686809207,-9.812010992121756
-250,31.631633780848126,61.604363408726044,-96.81182129395178,15.37546635783982,-9.848366979845915
-249,32.186719408100934,65.90842795380225,-96.83181624237203,16.44969220732594,-9.887772658581707
-248,32.94476213132247,67.04071282725229,-96.84389885384667,16.73229244886591,-9.933883531774388
-247,33.15010668980345,71.83860683635388,-96.85555631742305,17.929770254715184,-9.948804558887401
-246,33.31903091717552,75.70334957603744,-96.86496276975458,18.894348389894702,-9.958969837719325
-245,34.10549864191769,83.35091157515593,-96.83697651456998,20.803057866475143,-9.960709365660978
-244,37.01500024981412,90.06013347059509,-96.81204183048591,22.47757262212953,-9.950353140103186
-243,40.24304244762687,100.76667156606929,-96.78434683513387,25.149753733777484,-9.936089238951572
-242,39.41805572406336,107.13344447376868,-96.7814406687116,26.738798685039356,-9.92262072941197
-241,38.074694244318906,108.90040279268999,-96.75596408174484,27.179803293885485,-9.917466483393868
-240,36.299352049425536,109.07447032487428,-96.73274642337469,27.223247773091202,-9.928145372806757
-239,34.37155801105121,110.13739316663973,-96.69678343289682,27.48853635802655,-9.930786811292732
-238,30.577469383929163,108.22522164858398,-96.64717920850104,27.011288851202693,-9.941798284886245
-237,25.97616219692902,107.29741373462572,-96.59283382962167,26.779722796815346,-9.958446612886792
-236,22.770263612701267,102.25904110243084,-96.54264372485045,25.522225362898187,-9.97799861459387
-235,22.142101529660618,98.59578703338869,-96.45547463527232,24.60793558564518,-9.994574301918096
-234,21.190444188017036,95.64986642628597,-96.34065944533526,23.87268079716766,-10.013485230289225
-233,19.612167678668573,91.9362023975067,-96.211231237165,22.94580949813355,-10.035601854320648
-232,18.57922426009248,84.47678108705718,-96.06363431945454,21.084056936114145,-10.061794628625757
-231,17.73608211132126,77.2527430193658,-95.90148767141055,19.281052276515474,-10.0806830186502
-230,16.739610341717814,72.53552573077279,-95.72670307611573,18.10371009310272,-10.095451256323306
-229,14.59029306116928,68.59749611296358,-95.53650602955737,17.120840722258354,-10.103560865135176
-228,12.556705814298391,65.42447024334322,-95.35316320271504,16.328904083172937,-10.102473368575907
-227,12.650626082196306,66.61870026104529,-95.11260078800115,16.626964844532896,-10.104068398343939
-226,13.699284737932658,68.66135841366595,-94.87013836187137,17.136779733744746,-10.106156948482994
-225,14.434940636148914,72.38901904276769,-94.63795867761364,18.067144360937363,-10.107729711428455
-224,15.752175344893525,77.08730307604422,-94.38662687149017,19.23976110585753,-10.107777379615701
-223,18.750717408838934,79.07629410046165,-94.27042955935065,19.736181535999393,-10.110798432507814
-222,19.599179923243373,78.78827180406685,-94.10151003439465,19.664295765520045,-10.108448340728483
-221,19.47148832143907,79.50285127618056,-93.9421878538348,19.8426434023683,-10.106108357951582
-220,17.65808752137463,78.9878096900767,-93.96474887468432,19.71409723872258,-10.109159737850973
-219,16.14095510902053,76.61727864191047,-94.03203239585058,19.12245050520351,-10.126544744962406
-218,14.538246798771885,72.60916722844095,-94.03607766963806,18.122089836148284,-10.14826163986654
-217,12.884841769977523,70.27206811818682,-94.02847107091794,17.538787181006168,-10.17064392021684
-216,9.850869006426006,67.63823917341973,-93.81465961895249,16.88142549277817,-10.190025083666777
-215,9.360472410517762,67.84004167709192,-93.59009888264623,16.931792178422715,-10.21199036129105
-214,10.846121649937288,67.32243544329246,-93.39964506369647,16.80260591962494,-10.234914549053412
-213,12.994445443895525,66.22896912488176,-92.9889446833761,16.529694170166408,-10.264095038072231
-212,15.839597402776812,68.92541067367424,-92.42124829308418,17.202682965526115,-10.304829219465866
-211,18.813486924129908,72.88184724017964,-91.79641791606079,18.1901464171266,-10.34488227036165
-210,20.634776209890678,75.16332537945527,-91.40182067110769,18.759566965210873,-10.366892797494826
-209,22.76007145550344,76.09046566351614,-91.23667163948728,18.99096638982625,-10.376834785351981
-208,25.631307090758177,75.0817520560543,-91.30686108775703,18.739207564995542,-10.380682218419706
-207,26.265321527439504,70.50630136293749,-91.24427275280176,17.597248062269674,-10.392371537536977
-206,27.155330876815942,65.85548395950687,-91.23972621744444,16.436478230943496,-10.376373703746177
-205,26.899368537381605,58.83828547947511,-91.45464009003953,14.685097432798111,-10.347971970086942
-204,26.497758242379234,50.51154455649881,-91.70889918116654,12.606875731483761,-10.322449589598907
-203,26.55738159190808,40.77850624114645,-91.68568989226664,10.177664635114104,-10.273325675256503
-202,26.087341043383113,32.175605845335724,-91.4225539816257,8.030517934838347,-10.22595029955882
-201,23.93366073192889,23.65734098482698,-90.9521779562584,5.904494914018209,-10.18465732879884
-200,23.462817202263665,17.981685797588717,-90.634871180899,4.4879419206677404,-10.153780629269537
-199,23.242457451915726,15.708971653331417,-90.21168396466946,3.920708725931649,-10.141039190693292
-198,21.954655305381372,13.553148035920854,-89.49723468411896,3.3826495419901828,-10.12791725756055
-197,20.152113624004446,13.075764455353323,-89.08275490166535,3.263502215783716,-10.124422051619755
-196,18.113073580257787,13.16633054886745,-88.69357246578558,3.2861060679613394,-10.140560794619336
-195,17.476228103110493,16.22333185886692,-88.3850250427653,4.049084827857287,-10.13549536688001
-194,15.992333497953988,19.975800300772203,-87.99910572571912,4.9856410893768714,-10.140993894127877
-193,13.335038538031844,23.495198528404615,-87.56291101265938,5.864026743486859,-10.149114461907198
-192,10.344476222842207,24.36381836667129,-87.6702319284553,6.080820398384521,-10.15191515576223
-191,8.14050940648038,22.214182423111257,-87.9589702877254,5.544305559126741,-10.149097700288273
-190,6.503128629859987,22.69069428327555,-88.29757077892457,5.663235317826755,-10.144678435950016
-189,5.831022454747286,23.33115802447577,-88.77017853210013,5.8230848505766595,-10.139029409215523
-188,4.264241501975584,21.929812825480234,-89.2177269156687,5.473331443988836,-10.132522666552852
-187,3.3150887418861203,21.399879997919545,-89.65427216731754,5.341068664029321,-10.129019055388815
-186,3.411363409225822,21.265466181994864,-90.21260121715332,5.307521119822638,-10.12732459376616
-185,3.1323150671990083,19.362752845126572,-90.3932710313156,4.832634224140706,-10.1159267406186
-184,3.134634337266211,20.359664114847536,-90.48756406809794,5.081447373749113,-10.08331295487984
-183,3.174139031633461,15.113641713225636,-90.3621667122204,3.7721238699340187,-10.057021570054918
-182,2.7872675693713638,10.529450210783107,-90.18945364422767,2.627982800638975,-10.027854814874539
-181,1.9958325718894316,5.523544050751866,-90.03118695988266,1.3785884802496307,-9.992766771782753
-180,1.6418085714944932,-1.8402576865682256,-90.16049125985296,-0.45929896169624285,-9.948711523223615
-179,0.9564752533243404,-8.881446948713206,-90.1924748623736,-2.2166674763420455,-9.909976846923016
-178,1.1530302012029046,-15.718440077744734,-90.37648010616165,-3.9230718936193467,-9.874155671483178
-177,0.4142214021943115,-23.206589724974076,-90.61322362845159,-5.791994590207695,-9.834684996946498
-176,-0.22562383337922773,-29.231879757220053,-90.81392873580094,-7.295810863291742,-9.785001823355367
-175,-0.5421105826613053,-33.75512744824956,-91.05704790380169,-8.42474132946956,-9.74283062200582
-174,-2.1064018760864833,-39.50881406636769,-91.3742005790335,-9.86076972316444,-9.687871796384929
-173,-4.346950102805772,-43.65651502044495,-91.6029088234254,-10.89596971474104,-9.62280196264211
-172,-8.075359087771876,-48.58268712586818,-91.75678436823182,-12.125463687064684,-9.550297736926781
-171,-12.13197148101817,-50.78085781452451,-91.74361652128825,-12.674092024443746,-9.494209443836185
-170,-15.591602402565318,-52.87192961241518,-91.7629297850194,-13.195990187192093,-9.423257248480356
-169,-18.737085989826465,-52.24668009829535,-91.79120666429557,-13.03993788281517,-9.347839974273462
-168,-19.587655804035666,-53.32779707223756,-91.79178384993205,-13.309767432898362,-9.278356444629683
-167,-21.245673168632607,-54.156499771841666,-91.82836397678646,-13.516598406767482,-9.248054155259133
-166,-21.84803674189997,-55.374535012539035,-91.76739012472127,-13.820600572032175,-9.22777409610121
-165,-20.38804756691406,-55.29187090697149,-91.80433746321118,-13.799968929988866,-9.220780483705845
-164,-19.2684628686527,-56.07584497201043,-92.01484214095505,-13.995636350207963,-9.230337534622967
-163,-18.899513882379843,-56.90404018780897,-92.30402518546464,-14.202340664214892,-9.271208270204733
-162,-19.101592598331194,-57.758017451107655,-92.53870012923544,-14.415479765987499,-9.298991339774169
-161,-22.827101287485345,-57.76170662373948,-92.80466456964179,-14.416400524624555,-9.324417981973383
-160,-24.83483126522189,-57.59815356880835,-93.08804531609074,-14.375580291208113,-9.358219435444484
-159,-26.116499931296914,-57.5130277708109,-93.58127121312182,-14.354334250004664,-9.369557860580572
-158,-28.065010489369882,-57.66586337738336,-94.06624970737458,-14.39247957928181,-9.367461892314184
-157,-30.45278690093495,-59.02086984607435,-94.22352896981313,-14.730667578008255,-9.360917485785352
-156,-31.313518351934544,-60.21708977607396,-94.27011524112561,-15.029224989733434,-9.358910596134109
-155,-31.93460219313397,-60.494256637456985,-94.41165423147831,-15.098401416806116,-9.3451305438954
-154,-31.631629644925255,-61.53871684582943,-94.05032240073771,-15.359082022973343,-9.326141931590906
-153,-30.500853912456527,-61.585013576526016,-93.74128712422309,-15.370636948402579,-9.301984884255493
-152,-30.70707576387815,-61.75438673183229,-93.14647495694099,-15.412909786026997,-9.272699526924033
-151,-30.130605448035006,-60.93081954253529,-92.58342080634284,-15.207360553605856,-9.249095988594975
-150,-29.58719772263131,-58.975782325551435,-92.20955327539797,-14.719414452148337,-9.228265492537867
-149,-29.762648541274928,-57.074910117659066,-92.05527479830018,-14.244987072888025,-9.204143993378858
-148,-30.07733054187602,-56.9838562611543,-91.89408554887844,-14.222261482849019,-9.17066744574411
-147,-29.44416353756716,-56.752041894878055,-92.08949995811871,-14.164404315065356,-9.162804756887043
-146,-28.824220082544276,-57.400443503391564,-92.02816571608663,-14.326235012867139,-9.15692225839618
-145,-27.905551472447435,-57.58183459453061,-92.15870041543836,-14.371507335558249,-9.161773972740825
-144,-28.126387722292584,-58.821759896713544,-92.19261234619766,-14.680972910966624,-9.186113922390279
-143,-27.628171869590478,-61.60736336222583,-92.1584974589962,-15.376215098376347,-9.214218481454926
-142,-27.773849704153985,-64.05399411227476,-92.0952895501504,-15.986855103498213,-9.230043612848604
-141,-28.269626928271286,-65.58028328257409,-92.01650328572218,-16.367792532143866,-9.243462892289596
-140,-29.35300870995233,-66.75264752052135,-91.97408014868817,-16.660395943692787,-9.264349895496183
-139,-30.728830099659938,-68.04561602170497,-91.96451588011118,-16.983100255395478,-9.33136265784417
-138,-31.480792425274647,-69.0710115767915,-91.56961500874884,-17.239022628233084,-9.379550349553172
-137,-32.6992190980658,-69.48235331771762,-91.251268317572,-17.34168696480326,-9.420867339136649
-136,-33.83999438610886,-68.8572200342431,-90.88069741047819,-17.185663669741224,-9.467267995108054
-135,-34.14001907065808,-68.0741403141678,-90.34725869277017,-16.99021946375794,-9.481040419153743
-134,-34.11231325509369,-67.8468372425212,-89.87824360983647,-16.933488243147014,-9.503954888958903
-133,-35.16751667161143,-68.28203528537689,-89.46214529212502,-17.042106732109072,-9.54262050641804
-132,-36.053038416944425,-67.82926263479908,-88.86056138830156,-16.929101901420033,-9.603646373425644
-131,-38.142061885196135,-67.3403293457868,-88.34993547407224,-16.80707195223349,-9.706429410477242
-130,-38.277106082633395,-67.31715630971307,-87.60705299166077,-16.801288332099364,-9.771788609819168
-129,-39.17905581131227,-67.64437640207223,-86.72914258463895,-16.882957247145157,-9.818873383530475
-128,-39.42379285956765,-68.22821999683437,-86.05000291063354,-17.02867529458194,-9.866833143690206
-127,-39.17009222545488,-68.6493141809897,-85.10089605142902,-17.133773685405426,-9.907536093936981
-126,-38.12564764641844,-68.9280801416465,-84.25956145073435,-17.20334922214707,-9.930345173783842
-125,-37.107622316354124,-69.04275874847045,-83.89264910966006,-17.231971172989855,-9.946624307277858
-124,-35.6730834668064,-69.44217819470695,-83.70776657688502,-17.33165989499695,-9.967737418466106
-123,-35.49621865285522,-69.81424061168302,-83.823487203894,-17.42452073891603,-9.972429213233879
-122,-34.49356620565902,-70.05664448561753,-84.31836655410936,-17.48502087888115,-9.960355378094434
-121,-34.41192292901398,-70.52452919014056,-84.57553979652565,-17.601797437158556,-9.948684291263735
-120,-34.61613355013242,-70.87605642076751,-84.98482142779571,-17.68953302615425,-9.95458433095775
-119,-34.44512198215849,-71.20066024896661,-85.12211165230335,-17.77054896340188,-9.949028972030337
-118,-33.940698273232684,-71.86245723794254,-85.0153982963914,-17.935722934476104,-9.947331812430619
-117,-31.872660334461706,-72.41033757569019,-84.99109806708493,-18.072465126669062,-9.95269809074586
-116,-29.833207791300588,-73.0781931657521,-84.8242436368733,-18.239151227923987,-9.968333045563323
-115,-27.935905785261415,-73.6766862151813,-84.56278818770924,-18.38852554554897,-9.975995236636901
-114,-25.76741325219032,-74.40271979589873,-84.20818926990842,-18.569731945182042,-9.970747482458217
-113,-23.758545327574048,-74.61580406090533,-83.92238810815302,-18.622914378482374,-9.954247148157345
-112,-22.001135929658236,-74.5482557670558,-83.6869526177561,-18.60605540190758,-9.92815159886435
-111,-20.48619667496552,-74.0639559195397,-83.28160507739209,-18.4851818858031,-9.902795916965013
-110,-20.523978222510948,-73.43657822109536,-83.18640046956833,-18.328598420568824,-9.876723080612054
-109,-20.642315299620766,-72.59096172567051,-83.12716127713705,-18.117546033081652,-9.84702634479392
-108,-20.27766145260819,-71.02007345536738,-83.42187920416573,-17.725477380546078,-9.810798964499059
-107,-19.996415162451246,-68.59392879871544,-83.76218054031801,-17.11995037752991,-9.788460151389947
-106,-19.946951201174027,-66.56117439740937,-83.87945548238932,-16.612607306655725,-9.768599395480656
-105,-20.043877870789533,-64.56273129763534,-84.1323637412618,-16.11382778928991,-9.758030381833695
-104,-20.327067705537935,-62.23450738189683,-84.94378129504086,-15.532740241116578,-9.763566795511565
-103,-19.951814229466486,-60.31141612245271,-85.4132865272173,-15.052767341040305,-9.761919931474514
-102,-19.501200662672783,-59.129367066633755,-85.97512438381169,-14.757746753448512,-9.758334249380905
-101,-18.065267735499493,-58.66027329165127,-86.14188644878566,-14.640668430472228,-9.756232358369665
-100,-16.802782104904786,-59.08669386460689,-86.47469187953303,-14.747096202970583,-9.759036867579725
-99,-14.861935511533687,-59.22809491246728,-87.21361768992449,-14.782387648803992,-9.754028288410828
-98,-12.715886373742332,-59.056374910049804,-88.45815615651247,-14.7395290755789,-9.742834943324896
-97,-11.007256892261422,-58.94157972667075,-89.02298024221024,-14.71087802908766,-9.726527580818319
-96,-9.456686039019894,-58.06001091613403,-89.60369636112736,-14.490852517281004,-9.70617694938748
-95,-8.129972341752993,-56.97454661637205,-90.09654409883628,-14.21993794402429,-9.678126670262056
-94,-8.291756759045489,-54.898694189658656,-90.2643925370354,-13.701838293533445,-9.625599755109853
-93,-8.445067362756546,-52.78939241488835,-90.52003860254263,-13.175390219371236,-9.557702665756151
-92,-9.106591335054178,-51.13027512578206,-90.57684874586324,-12.76130101122351,-9.483541864026233
-91,-8.797422768402413,-50.16691315278125,-90.32915137605741,-12.52086123087837,-9.399833078792978
-90,-8.371413129208232,-48.71093756411937,-90.40059143624858,-12.157472950525882,-9.331656704380592
-89,-7.986612059713923,-48.046611979983155,-90.33332490979444,-11.991667882437282,-9.27363019145763
-88,-6.707447069948331,-47.17100029430209,-90.33613333363589,-11.773129173963044,-9.220370990692636
-87,-4.961526601570883,-47.44201237761534,-90.52544767238159,-11.840769466614145,-9.178240520615308
-86,-4.2983221312795905,-47.88143463633429,-90.61822457217905,-11.950442252468502,-9.139050157352077
-85,-3.435931894042239,-48.292137870655594,-90.47652323613806,-12.052947227975947,-9.112863755413091
-84,-3.0779822896436357,-47.715668664246046,-90.16054780056525,-11.909069710231398,-9.109745169308507
-83,-2.403351877348866,-47.37276726648535,-89.85353097779466,-11.82348699151477,-9.099132269893417
-82,-2.1388213904208264,-46.94578677071859,-89.53348876197838,-11.716919471214974,-9.096110391819764
-81,-2.907124730155654,-46.34645400391277,-89.09483303031293,-11.567335573528455,-9.09397572251053
-80,-4.71387695100924,-45.30675337878774,-88.8243456716036,-11.307842883412114,-9.086024449388702
-79,-5.761365375179379,-44.48286249135996,-88.59886628691486,-11.102212861101354,-9.086868922135507
-78,-6.766392292765484,-43.25719188862594,-88.66590341664663,-10.796305031276091,-9.099387536671719
-77,-7.8199522887041955,-43.34017774772209,-88.64596252268062,-10.817016977867336,-9.11237310172908
-76,-8.907640371726187,-43.56421381807734,-88.59080764223903,-10.872932807073063,-9.114618426039335
-75,-9.975227883550616,-43.67574697712404,-88.6247657708558,-10.900769704328676,-9.115305895538574
-74,-10.891174077345807,-43.94653176556921,-88.56411987424237,-10.968353267806645,-9.134487535370976
-73,-12.013934954909493,-44.88041326799902,-88.3911425174281,-11.201435192987038,-9.164461603368833
-72,-12.07142073716662,-45.17132094083581,-88.1447288643433,-11.274041107397087,-9.197526357364431
-71,-11.987315023210305,-45.32308540832275,-87.80508477158708,-11.311919097445928,-9.204348377467914
-70,-12.103795254196243,-44.62376543076403,-87.02088120761127,-11.137379987010183,-9.207091866945785
-69,-11.167454891459299,-44.39239786308682,-86.12291231008241,-11.079634333029247,-9.19170294509492
-68,-10.128395528151755,-44.13031021737028,-85.10933257744773,-11.014221437634417,-9.144127731212196
-67,-9.31463958521982,-43.216873207829806,-84.37786188682914,-10.786242131736646,-9.087803605536754
-66,-8.420087307772507,-41.41022883316167,-83.73297800371824,-10.335332516471377,-9.023517140336164
-65,-8.144551800744782,-41.55895170742628,-83.2228452801605,-10.372451373373206,-8.951180516229067
-64,-8.316719050455395,-42.57490357720642,-82.76611255524524,-10.626016753009552,-8.870705913834115
-63,-8.508061479035714,-43.54851166302256,-82.72835145691758,-10.869013799661387,-8.771010259595297
-62,-9.508754445609478,-45.21723195860542,-82.5998461904554,-11.285499765032867,-8.68799364674518
-61,-11.017328309307358,-46.755611364089724,-82.60921364595846,-11.669454723510162,-8.623284584438622
-60,-12.064547786279956,-48.65402823833519,-82.5129364241296,-12.14326929066113,-8.578511581830464
-59,-12.487961699557525,-51.190557005695965,-82.52316164073666,-12.776346406798075,-8.546904339246199
-58,-13.26886955993197,-51.14171146235877,-82.7454196830622,-12.7641553383939,-8.51669698219909
-57,-14.143775312779713,-50.4412144673319,-82.77260697538433,-12.589322463174579,-8.501442545534115
-56,-15.312286905688884,-50.06577713805917,-82.78093113334806,-12.495619294984833,-8.51469406409625
-55,-15.718406018314841,-49.387382306184385,-83.12515760137435,-12.326302767101588,-8.570722281373216
-54,-15.490987077187327,-48.499163711889764,-83.5255189782729,-12.104617575350213,-8.651740466943473
-53,-15.015176769401716,-48.18830016643526,-83.60812274911068,-12.027030993482581,-8.751760266725633
-52,-14.59046203634865,-48.80846556357871,-83.61664977932564,-12.18181438336702,-8.864793326638294
-51,-13.817688730586253,-50.7198170506336,-83.04058990182388,-12.658857223534683,-8.911765037576657
-50,-12.739095851732156,-52.159009646660365,-82.35859467176628,-13.0180567366576,-8.960902193185643
-49,-11.135427073994665,-53.07820170592538,-81.53198261425335,-13.247472411158684,-9.003443472460996
-48,-10.88245357917764,-54.428283220505556,-80.55756367182012,-13.584431219904829,-9.030627554398466
-47,-11.078793049875518,-56.117084170769445,-79.35040848151786,-14.0059289963463,-9.000892802937694
-46,-10.847606593440622,-57.335740984475706,-78.4461881312851,-14.310086296318314,-8.953865146576147
-45,-10.326524730474976,-57.57284804553227,-77.90405855807036,-14.369264436286969,-8.890094469945494
-44,-10.22054103190939,-57.472857490119615,-77.52134531717684,-14.344308388764023,-8.810130657677414
-43,-10.114443088124872,-58.03315550620478,-77.16405764430195,-14.484149835375929,-8.691020233343238
-42,-10.022053195869178,-58.33895487039225,-77.32451237559194,-14.560472478386105,-8.589382387984303
-41,-9.860458461527516,-56.74306014766889,-78.0029246274164,-14.162162614244055,-8.501336978173564
-40,-9.210494672242536,-55.26084220342909,-79.135219801637,-13.792224660572783,-8.42300386048397
-39,-8.736132413438318,-53.75871632431633,-80.5038696790174,-13.417318003940286,-8.379095073299826
-38,-7.310148120814438,-51.66128184849506,-81.07262209946687,-12.893831818281635,-8.367350800331032
-37,-5.121185769221621,-48.493673359815325,-81.68070463605952,-12.103247271057754,-8.364070867622605
-36,-3.022301284653371,-44.11797517701048,-82.00986046391345,-11.011142808336416,-8.345555101219567
-35,-0.7416866454423061,-40.94183673421412,-81.64982010074743,-10.218429320639864,-8.292823919656392
-34,1.9398057932458381,-39.03865962272521,-80.97569553703487,-9.74342667421103,-8.224923258233908
-33,3.9218548541423437,-36.63527459134439,-80.00746144746726,-9.143580110587626,-8.141302350618158
-32,5.567326806515267,-34.489814756162716,-78.56522439057737,-8.60810756136135,-8.041410430475185
-31,6.19342827557831,-31.644260348457028,-77.4403348834724,-7.897902575152788,-7.913117339031847
-30,6.097885152601454,-30.125452277009767,-76.49184590154512,-7.518832309437728,-7.802153386712483
-29,6.00961889660187,-29.472039760639056,-75.96018059723562,-7.355750968971733,-7.688790233896112
-28,5.328060389749782,-28.283263101791086,-76.01270665876436,-7.059051278986572,-7.553299540961753
-27,4.48986597950369,-25.49770502517084,-75.78851029146526,-6.363820419920232,-7.366213560974396
-26,4.835101802841964,-23.36925060000375,-75.15001987780816,-5.832592149753311,-7.200819792448305
-25,4.627123967571259,-20.903545135351283,-74.23601219382223,-5.217191400157451,-7.054380107508924
-24,4.183468045058609,-19.265118731276342,-73.02648053679545,-4.808266306840402,-6.924156378281695
-23,3.894740341298416,-16.167133276584405,-71.47305604303804,-4.035058558232356,-6.800234539698791
-22,3.6974215142259306,-12.852750863117835,-70.23437385770963,-3.207841580805512,-6.676824689139292
-21,4.037412722964083,-11.088283135393043,-68.59379790219644,-2.767458583790664,-6.473471531335245
-20,3.964488482839758,-11.581002657093313,-66.32848540187898,-2.890433516255924,-6.109719771018696
-19,3.2380479227700745,-11.523594055872254,-64.45715996932087,-2.8761052452068636,-5.3571889785443245
-18,2.7994611253082984,-11.91649991677183,-62.88035853462045,-2.9741682802223965,-4.7607238558355665
-17,1.9511416947142266,-11.660574797366198,-61.37986293349018,-2.910293453086531,-4.298707501841635
-16,0.7047629263441618,-13.372562539210026,-59.888666368579855,-3.3375782828170406,-3.9495230155117436
-15,-0.797334496929244,-16.506017660420362,-55.48421334803152,-4.119638694355132,-3.596077179821871
-14,-2.2678135925220575,-17.261606336334314,-46.37226700560005,-4.308221574269026,-3.1541164350218804
-13,-3.1480906973380445,-16.776426846747583,-40.09487977295078,-4.187128513536286,-2.654026950369039
-12,-4.23457061949659,-16.704167158537178,-35.866813181036775,-4.169093648087944,-2.1261948951206135
-11,-5.0782116851725165,-16.646740390648006,-31.587148452404897,-4.1547608429283285,-1.9635855194271308
-10,-4.812463475070996,-17.568559185723082,-25.69982239539475,-4.384832108784371,-2.0641624731950476
-9,-4.166410529282413,-16.531487843596494,-19.30861898772454,-4.125995645760576,-2.1977425300443754
-8,-3.3739907046716495,-14.911078663706759,-17.33967908398531,-3.721567364178815,-2.134142463595126
-7,-2.303365460865311,-14.696776628909577,-20.150888516518126,-3.668080994965332,-1.7070717644218694
-6,-1.579213879774704,-15.267912313063698,-19.380793261073315,-3.810627350638405,-1.3341138092434608
-5,-0.2837082661019326,-15.504239978972697,-14.209648991353706,-3.8696109660115967,-1.0458250016196318
-4,1.5829944837843837,-14.84300190991512,-10.021333114811597,-3.7045764924327718,-0.8727617451101137
-3,1.6276939099962102,-12.339563359212645,-7.9258134059421605,-3.0797581664991744,-0.9303037373059528
-2,1.6392431837833679,-11.008268087022671,-8.62255505501289,-2.747488104164454,-0.9811356588661723
-1,1.712756534778586,-10.381227752510481,-9.197424341788675,-2.590988839585816,-1.0614202359067126
0,1.0980572361241425,-9.232252132462248,-10.964039884642736,-2.3042228539555283,-1.2073201945435144
1,0.3431157548183051,-8.221698351970728,-16.481777060827174,-3.083472502868784,-3.952617072912319
2,-1.5537092975138103,-7.2865724919840025,-23.770739975957895,-2.732762132267625,-5.267486923196157
3,-3.9012145317153992,-6.628046816993843,-31.02939846407872,-2.485788122234948,-6.69626617492883
4,-5.4399914518636745,-8.405226061752643,-38.16021071528404,-3.152302885887077,-8.121079757313579
5,-5.7142423495501,-11.277688787803555,-40.9579338684808,-4.229593665981247,-9.52079819916897
6,-6.363603179677166,-13.237716956731434,-42.587425515367634,-4.964684240337907,-10.353484021922666
7,-7.448228107931006,-16.376976203275543,-44.5306877209514,-6.142034606612912,-10.826215530302987
8,-8.992262790575875,-18.79004209663637,-44.294353112990606,-7.0470328212464,-11.146071029038252
9,-9.375074505435977,-20.73203962646137,-46.45451594446847,-7.775361169904333,-11.527517048186551
10,-10.218647786097787,-23.459376469533943,-46.8325718787807,-8.798223819646214,-11.623738724651037
11,-10.343673088725136,-26.29779919190515,-47.708711505571436,-9.862748208801367,-11.734152323691271
12,-11.498556728678968,-27.328098545490548,-49.59000757349531,-10.249152524613145,-12.158174110566819
13,-13.116553138875958,-28.57466024273109,-50.820518084834994,-10.716664047417835,-12.232383309276301
14,-14.412984116780985,-27.940455651120754,-50.58102660440973,-10.478811436472208,-12.371772266419029
15,-14.742155757685993,-29.52106394392469,-48.22021391711972,-11.07160406884835,-12.609519019907594
16,-15.016333770675553,-31.320045335599826,-44.12469669752998,-11.746295527587316,-12.978801607654592
17,-15.045227597521409,-31.910595903143058,-42.32903578199119,-11.9677760974913,-13.220340466755522
18,-15.588219134125637,-31.478085406986988,-41.43544189895487,-11.805567005767603,-13.269513311536949
19,-16.146073212653985,-31.80914960373685,-42.336163302540065,-11.929729594038413,-13.083703981558159
20,-15.977601301871946,-31.905119143392472,-43.175615332224616,-11.965722089016067,-12.620296316378438
21,-15.479355134861184,-32.88524199757016,-45.5175717603227,-12.333308169277181,-11.816380748383065
22,-15.000939249660679,-33.00713631190835,-49.5346432272588,-12.379023513045265,-11.313426807104047
23,-15.068101217632291,-34.88321410478263,-53.22339199417036,-13.082629269413594,-11.019976401826998
24,-14.71852682564391,-37.54005522109168,-56.236543362524415,-14.079053143887956,-10.844571441837527
25,-13.808584671684448,-40.03377233927224,-57.82226722022723,-15.014298860121249,-11.021375474135384
26,-12.75870717204359,-42.18448871649212,-60.65099885809881,-15.820905296738747,-11.190161731407668
27,-11.65753592132019,-44.50518423883319,-63.941264617452596,-16.691260851555977,-11.453248757970183
28,-11.06704569229088,-47.395837766604934,-65.7393040731572,-17.775373924868664,-11.912955098138736
29,-10.492798009725105,-49.46662982042373,-67.77906489202515,-18.552005477591454,-12.701472424979185
30,-9.385965601354842,-49.551805798111175,-69.3057985212247,-18.5839499462232,-13.44702509628301
31,,-49.47580690491369,-71.16170265240608,,
32,,-50.70972084436568,-73.4742208453938,,
33,,-51.50329579373939,-74.03171561582715,,
34,,-52.08417000642618,-74.12232965855098,,
35,,-52.19887614062078,-74.45986620008944,,
36,,-52.59770686290836,-74.98955985471991,,
37,,-53.417839540049044,-76.17892143520547,,
38,,-54.49599609026709,-76.34123500308884,,
39,,-54.559907690277335,-76.34424800629878,,
40,,-54.522913909887585,-76.97432298613167,,
41,,-54.7186493539282,-77.84510579274813,,
42,,-53.950056716496356,-79.13628919647547,,
43,,-52.78719422642472,-80.49432543855464,,
44,,-51.92570382765441,-81.87205474452685,,
45,,-50.92313938369093,-83.78432999176198,,
46,,-50.01108165457259,-85.8578938374002,,
47,,-50.50551377288015,-87.00973912947497,,
48,,-51.20898500983716,-88.25457196704899,,
49,,-52.345044178031394,-88.7191403061158,,
50,,-53.706217179823135,-88.87097339296997,,
51,,-54.57577787754935,-89.20440560041045,,
52,,-55.63561860218307,-89.33462207165583,,
53,,-56.88328542374622,-88.71002470022063,,
54,,-57.42792530384179,-88.46949786461087,,
55,,-58.246149384916045,-87.82778223452212,,
56,,-59.33833996870578,-87.14675174740587,,
57,,-60.57839792854962,-86.61802335655008,,
58,,-61.38426034115676,-86.3988049602363,,
59,,-62.36773256945903,-85.81702684509489,,
60,,-63.41674007496611,-85.46001939100789,,
