rel_day,dd_pct_2025,dd_pct_2021,dd_pct_2017,dd_pct_2021_scaled,dd_pct_2017_scaled
-440,-42.98216089143332,-83.1725604232615,-96.80818901262141,-38.50141409470126,-30.613437343597067
-439,-42.79573876841769,-82.99680842543708,-96.79642018380295,-38.42005672862075,-30.609715713151168
-438,-42.758878452877184,-83.23412987735111,-96.79568790112091,-38.529915213765356,-30.609484145034536
-437,-41.871231702270705,-82.9147355585285,-96.77094720764921,-38.38206437370579,-30.60166045080827
-436,-40.38112197630092,-82.96261139755852,-96.76137522687686,-38.40422658073952,-30.598633524712277
-435,-39.946460877459685,-82.6597234363483,-96.77366711475392,-38.264016699505746,-30.602520560955767
-434,-40.21989294541041,-82.71004192022677,-96.76100908553585,-38.28730963138813,-30.59851774065396
-433,-41.43224502892644,-82.2873903419007,-96.64787141116103,-38.0916599681807,-30.56274046663407
-432,-41.45479377570105,-83.11290067332615,-96.6731874695972,-38.473796996882484,-30.570746107237692
-431,-41.16178679344655,-84.85505419488723,-96.66806149082294,-39.280257370457875,-30.56912513042126
-430,-41.276879179100575,-84.4373471218908,-96.65080054188918,-39.086896568459245,-30.563666739100608
-429,-43.124288117731325,-84.94854087499684,-96.65723416830994,-39.32353329421112,-30.56570123041103
-428,-42.34558332653238,-84.78010200780966,-96.64290235010435,-39.24556124979871,-30.561169111556914
-427,-43.60906505241633,-84.64936869473793,-96.65550807341657,-39.18504348532288,-30.565155391278967
-426,-44.234946958487484,-84.99749739932344,-96.66220322936663,-39.346195761329405,-30.567272585488187
-425,-44.0806625022874,-84.83734872071287,-96.70127574104393,-39.272061328524565,-30.579628398568566
-424,-43.70288439783862,-84.64978320416677,-96.7003865406443,-39.18523536590326,-30.57934720871265
-423,-43.825842232442525,-84.58933884709828,-96.68830387639068,-39.157255065557344,-30.575526334788197
-422,-44.961575887895975,-84.5263630217323,-96.56025901884581,-39.12810292309555,-30.53503499553684
-421,-45.119020041096334,-84.70944295410212,-96.56266509051537,-39.21285246372204,-30.535795862205777
-420,-45.22235227107024,-84.19275695106406,-96.57919375676708,-38.97367332028015,-30.541022685409796
-419,-45.83412536968032,-84.01509524908536,-96.55994518341066,-38.89143193295431,-30.534935752058285
-418,-45.71998765183653,-83.75530146456543,-96.45256115868042,-38.771170779202045,-30.500977941811946
-417,-46.6287046813699,-83.7870262397792,-96.40135367684366,-38.78585649647888,-30.484784714227356
-416,-49.08471012483506,-83.81377690184698,-96.38937562440175,-38.79823964679117,-30.48099692146242
-415,-47.79768274242775,-83.57377594255372,-96.26473065073777,-38.687140790751975,-30.441580719895434
-414,-48.62431523705584,-83.81203004068261,-96.32477783066487,-38.79743100720243,-30.46056930545939
-413,-47.94711782408733,-84.51567460003172,-96.33157759842665,-39.123155145272925,-30.46271958082813
-412,-49.039426766756414,-84.40335734872664,-96.18130273089135,-39.07116236086821,-30.415198495178966
-411,-48.55907678722685,-84.8277853960334,-96.11707107849547,-39.267634369420115,-30.394886663234246
-410,-47.0509044083518,-84.06935157253774,-96.39549541538736,-38.916547730350295,-30.482932169294287
-409,-46.90660594641458,-84.1663615827924,-96.32012260504334,-38.96145463903675,-30.45909719386079
-408,-47.59099293731685,-84.0904027299591,-96.31865803967926,-38.92629252268238,-30.45863405762752
-407,-49.18536421590767,-84.0464055148703,-96.2824100469184,-38.90592576965077,-30.44717143585416
-406,-51.824919330570026,-84.14553248399365,-96.32242406490117,-38.951812639872735,-30.459824979370207
-405,-52.132220984815035,-83.94683442850179,-96.28716988435164,-38.85983331309269,-30.448676628612276
-404,-50.797071586061435,-84.01881103003669,-96.219119900828,-38.893152005299854,-30.427157334345114
-403,-52.81611796923064,-84.27851599110758,-96.25725090619981,-39.0133720417849,-30.439215416989818
-402,-52.09375547561128,-84.34471906845519,-96.25097419749665,-39.044018111622506,-30.437230547418675
-401,-50.97072819526049,-84.38122550600869,-96.31138751876475,-39.060917308451565,-30.456334917040945
-400,-51.227550732990565,-84.19456302786111,-96.32812540863989,-38.97450937138037,-30.461627902563997
-399,-51.55593111455017,-84.01724181577039,-96.30830147031901,-38.89242560024556,-30.45535902283513
-398,-51.07645131895384,-84.3028832239596,-96.28016089296642,-39.02465187876001,-30.446460190924498
-397,-49.964212629697535,-84.20516262611264,-96.10383768431294,-38.97941603193576,-30.390701896555083
-396,-48.620741569058225,-83.82242238421973,-96.12564924705649,-38.80224172746763,-30.397599318314814
-395,-45.267610283985796,-83.62815069727148,-96.06748507974035,-38.71231141117092,-30.379206193622203
-394,-45.0078983976619,-83.27738689703126,-96.06722355021105,-38.54993932290343,-30.379123490723405
-393,-45.84183029926386,-83.1344403597172,-96.17502602218818,-38.4837679341843,-30.413213625607824
-392,-45.953703849203706,-82.90338096096018,-96.13124597898349,-38.376808216379,-30.39936916034908
-391,-43.64087323211151,-83.08053933006097,-96.06795583289309,-38.458816605857216,-30.379355058840037
-390,-43.25648004009266,-83.08416628756325,-96.10519763786529,-38.46049556093553,-30.391131951628832
-389,-42.42172019649598,-82.97131609556396,-96.12706150651469,-38.408256072927465,-30.398045913968318
-388,-42.901740688905186,-83.23883752014997,-96.1214647745877,-38.53209442892822,-30.396276071934047
-387,-44.30158784067489,-83.18871148707774,-96.15321445944461,-38.50889058445815,-30.40631620384809
-386,-44.76792194500809,-82.98284834003037,-96.16869700757913,-38.41359446478871,-30.411212215456914
-385,-44.43342493075279,-82.61137387225678,-96.1485592338231,-38.24163520038016,-30.40484409224949
-384,-42.62546996268686,-82.36398576278543,-96.14882076335239,-38.127116758283506,-30.404926795148288
-383,-42.71261508182517,-81.04856969820604,-96.09771789332734,-37.51819744220785,-30.38876664872322
-382,-42.3321081481489,-80.79703649444639,-96.03761840749439,-37.401760194307414,-30.369761522579505
-381,-43.54867597712785,-80.85622251932021,-95.92929287645869,-37.42915800003433,-30.335505981897498
-380,-44.07060047253522,-80.59494834398302,-95.96386708023202,-37.308211558494996,-30.346439305118547
-379,-45.40158481615211,-80.70873118219717,-95.95471354670656,-37.36088277780891,-30.34354470366063
-378,-44.786829436683476,-80.6435347706053,-96.03144631060293,-37.33070270366651,-30.367809734167878
-377,-48.11438745218424,-79.78643289913964,-96.00273036828588,-36.933941633588724,-30.35872895587989
-376,-48.73848674845044,-80.35328934697445,-95.98248798271813,-37.19634518013429,-30.35232775151295
-375,-50.90616561644759,-80.10670064854442,-95.9727590842282,-37.08219679344265,-30.349251203677674
-374,-54.38601426865095,-79.94584138234157,-95.95664886522337,-37.007733422500024,-30.344156705111736
-373,-52.654703073810694,-79.59873414741998,-95.94759994350962,-36.84705399506658,-30.341295184813333
-372,-53.50849713489828,-79.66382693165464,-95.9722360251696,-36.877186099063884,-30.349085797880075
-371,-47.84961498162728,-79.94003825033793,-95.91673945905232,-37.005047094374724,-30.331536242755206
-370,-48.565176523147144,-79.34782270780357,-95.92008703702734,-36.73090456803671,-30.332594839859812
-369,-48.51139408704104,-79.07655589444991,-95.91977320159219,-36.60533243393468,-30.332495596381257
-368,-50.39158276995259,-76.93591077270034,-95.92557915714264,-35.61440629383677,-30.33433160073457
-367,-49.85357254436206,-76.95641418551932,-95.89309718960368,-35.623897529687646,-30.324059900703894
-366,-48.793435062059324,-78.04025271455563,-95.86255054058154,-36.125617277232514,-30.314400202124318
-365,-50.37986485621098,-77.084142305232,-95.86422432956905,-35.68302415995572,-30.314929500676627
-364,-51.37085228517905,-77.30212985307269,-95.85606460825493,-35.78393278660124,-30.31234917023414
-363,-50.24446254652316,-77.36347724853971,-95.81217995323851,-35.812331112497276,-30.298471623815878
-362,-49.759018189209755,-76.75593966104675,-95.63674594498465,-35.53109585756312,-30.242994519302382
-361,-50.59322888760587,-75.90450768641118,-95.47611450808911,-35.1369594397098,-30.19219839886083
-360,-49.73762687155021,-75.84326391830137,-95.17645397341813,-35.10860908395886,-30.097437417418416
-359,-50.14184842950387,-76.21287309364523,-95.29429917932035,-35.27970488575571,-30.134703343616668
-358,-48.32263176063217,-76.37950588403535,-95.30863099752594,-35.356840879067896,-30.13923546247078
-357,-48.98783246306492,-75.2986577444499,-95.24879304122229,-34.856505412852904,-30.120313039225863
-356,-45.84256530899387,-73.87822275529452,-95.11028700250546,-34.198971781162776,-30.0765135840226
-355,-45.78131449815985,-73.64332914432077,-94.89949420189033,-34.09023716798895,-30.009855047591646
-354,-45.64118953974704,-73.62375837771668,-94.91309373741389,-34.08117766344394,-30.014155598329125
-353,-46.87678313782919,-72.43316886684816,-94.9753377653871,-33.53004181357372,-30.033838888242983
-352,-49.72539360615881,-72.40221389485939,-94.95948907591156,-33.515712445946164,-30.028827092575842
-351,-50.131304841652714,-72.80519107922414,-94.77662762902558,-33.702254634463486,-29.97100122573648
-350,-49.826208216597735,-72.81259303331042,-94.6564286573597,-33.70568107339882,-29.932990973449055
-349,-50.05526090395382,-71.71800686694084,-94.53717119199929,-33.19898613651985,-29.895278451597303
-348,-50.18002669352577,-72.27251685535975,-93.94961895147581,-33.45567438292129,-29.709478119158376
-347,-51.567953170249034,-74.60550915599514,-94.69492580407254,-34.53563996519271,-29.94516484015208
-346,-50.06479913366852,-74.66617557168622,-95.27421371147015,-34.56372305870669,-30.128351760989
-345,-51.48061373819359,-73.7680224628581,-95.24973454752777,-34.14795895829355,-30.120610769661535
-344,-51.02326026998683,-73.08898199889178,-95.22321545325683,-33.8336243032441,-30.112224695723448
-343,-52.55369415045463,-70.93434718391916,-95.27970583158545,-32.83622219355842,-30.13008852186375
-342,-54.42171715507641,-72.16607675559916,-95.25004838296292,-33.40640219103121,-30.12071001314009
-341,-54.253729414024896,-71.56771759117319,-95.94535078955765,-33.129415720376876,-30.340583939883675
-340,-53.658996713408214,-71.21088418858224,-95.79596512242196,-32.964233952182404,-30.29334404409042
-339,-51.827208843637074,-72.31908995047056,-95.68403048388193,-33.477233536702386,-30.257947203405003
-338,-51.29479989909246,-71.64432781596611,-95.72064461798382,-33.164879363357564,-30.269525609236688
-337,-51.55426678217303,-71.36460797104593,-95.70160526825083,-33.03539423599138,-30.26350483820421
-336,-50.889251944269695,-71.58903521894166,-95.65364075257737,-33.13928386451063,-30.248337126564714
-335,-48.82885915169063,-72.87793748398401,-95.24345783882458,-33.73592967631992,-30.11862590009039
-334,-49.30905706024157,-72.53386505023781,-95.3534571588478,-33.576655088849975,-30.153410739324706
-333,-49.99802307727791,-72.96224574102665,-95.30204045338759,-33.77495681579335,-30.137151349421075
-332,-50.83671142115567,-73.27699163268306,-95.31574460072287,-33.92065585220153,-30.141484981318076
-331,-49.04861861257535,-72.15863038978839,-95.17629705570056,-33.40295519346227,-30.09738779567914
-330,-47.91470980886536,-71.6586728029853,-95.15908841267267,-33.17151980201423,-30.09194594493825
-329,-46.82463968893712,-71.50703637157395,-95.23660576515695,-33.101325773985025,-30.11645908414189
-328,-46.61941990328624,-71.25255719008796,-95.33473164454999,-32.98352480338833,-30.14748921177079
-327,-46.43992545818563,-68.45531432916164,-95.27991505520889,-31.6886529710929,-30.13015468418279
-326,-46.23184166910402,-66.2370227090471,-95.19643482945659,-30.66178348656337,-30.103755918886563
-325,-46.49903037854352,-65.75431167526501,-95.18885047310692,-30.43833169783465,-30.10135753482143
-324,-45.674678948594774,-64.67525480856844,-95.1770293383826,-29.93882542984201,-30.097619363795772
-323,-46.65810507057022,-65.24862497599916,-95.18707207230769,-30.204244242650667,-30.100795155109605
-322,-44.93285136971175,-66.25591249587526,-95.18283529393304,-30.670527758726337,-30.09945536814908
-321,-44.416215565005366,-64.79338999578532,-94.9214103764456,-29.9935113952499,-30.016785550510896
-320,-44.334502759158944,-65.59542132884913,-94.82171531987676,-30.364779759648822,-29.985259205489207
-319,-44.549294568075325,-64.86504091134042,-94.70946684590157,-30.026679324143906,-29.949763121325233
-318,-46.49162114252954,-63.46836619480196,-94.60553501095809,-29.38014456143619,-29.916896989343027
-317,-48.60311823231343,-60.85939943801404,-94.54177411171494,-28.172427629899857,-29.89673402261614
-316,-48.77533016721556,-61.094115402089685,-94.62086064137502,-28.28108000853922,-29.921743379212568
-315,-48.67213311144488,-59.90833716137725,-94.55945350789557,-27.732171343976965,-29.902324738574865
-314,-47.56287670304711,-59.496374004751765,-94.44343900869848,-27.541469458592157,-29.86563773266821
-313,-47.54819340522235,-57.30320461680601,-94.43099020310383,-26.526229307809135,-29.861701074685435
-312,-46.92798036729873,-57.07753384062379,-94.79226709487769,-26.42176403754875,-29.975946859084587
-311,-47.43274618728487,-56.51135837256492,-94.82746896952135,-26.15967572338523,-29.987078669262758
-310,-47.508705641106744,-52.435916472204994,-94.75099773515427,-24.273112709981,-29.962896341654307
-309,-48.818036767045335,-51.42697091461357,-94.77521536956738,-23.806061671583816,-29.970554630082976
-308,-49.07695450492533,-52.661483621030015,-94.81266639816302,-24.377530010096297,-29.982397685190808
-307,-47.24436403832256,-49.64656409433464,-94.73692744647798,-22.981893461590634,-29.95844692569899
-306,-46.612145841475474,-45.47146228415717,-94.72939539603416,-21.0491968743611,-29.956065082213616
-305,-46.90323503972178,-41.69958932478338,-94.63278638791107,-19.303158974572685,-29.925514631397746
-304,-44.198086642946976,-39.61687189571298,-94.51201205128072,-18.33904814558269,-29.88732243273297
-303,-43.35993054749437,-40.40802235626996,-94.4829822735285,-18.70527964474667,-29.87814241096642
-302,-42.87446929340557,-43.23214911443761,-94.51473195838543,-20.012596303255226,-29.88818254288046
-301,-43.04172202472708,-47.4219067937059,-94.3547281923602,-21.952077239576717,-29.837584909396025
-300,-42.19699308364293,-49.792367785926004,-94.16893761474608,-23.049387455738795,-29.778832770090133
-299,-42.243290248245735,-44.74424990299739,-94.1560180559987,-20.712562954720507,-29.774747246889525
-298,-41.70443518388507,-42.03276608211461,-93.8660341139118,-19.457389843929832,-29.683046272702626
-297,-43.09106905729004,-45.489567463852175,-93.87806447225955,-21.057577943996915,-29.686850606047322
-296,-43.08964972815622,-46.46366462160544,-94.01479211017715,-21.508497307886557,-29.730087681538762
-295,-43.6883700677679,-47.01349657504183,-93.91274328784463,-21.763020044880864,-29.6978170104279
-294,-42.411311782848045,-45.755179184283925,-93.82413708331808,-21.180532278752356,-29.669797268315236
-293,-43.70946569185791,-46.63174819499648,-93.82769388491654,-21.58630488323007,-29.670922027738886
-292,-43.37596558735135,-47.37299468110383,-93.59420032115825,-21.929435331092048,-29.59708487969229
-291,-42.6162950136433,-54.3778635384627,-93.45804804820513,-25.17205952329886,-29.55402975057821
-290,-40.937279338673726,-51.168183795849366,-93.31828666774766,-23.686266513526753,-29.509833321460714
-289,-38.567236240068716,-52.53218628705103,-93.4393225339073,-24.31767697477392,-29.54810822302429
-288,-38.88854532112237,-52.20439815229461,-93.37038334998404,-24.165940552961697,-29.526307738901213
-287,-40.6780405620611,-52.096610896890326,-93.3403597600205,-24.116044749185395,-29.51681344611924
-286,-41.29551632236952,-51.79250901520997,-93.60178467750794,-23.975272931966234,-29.599483263757428
-285,-41.45573154673588,-54.93536391633245,-93.98299011941438,-25.430132051030164,-29.720031009044963
-284,-41.92398343507726,-49.19495607162309,-93.77894478065518,-22.772839569268186,-29.655506207402993
-283,-42.71049453651216,-49.228620158807445,-94.16098711705538,-22.788423013546073,-29.776318601966683
-282,-41.403250162335766,-49.26570394877966,-93.84558250472061,-22.805589472612084,-29.67657890601665
-281,-36.09885390862123,-50.97747985077068,-93.60936903385762,-23.59798774079687,-29.601881647822562
-280,-35.87433800546071,-50.357758646851735,-93.55507550357511,-23.31111256737517,-29.584712526032156
-279,-35.322362595,-47.4301081588335,-93.51323077888725,-21.955873733917066,-29.571480062224524
-278,-35.137038762385544,-44.52219128040926,-93.45480508204182,-20.60976978666056,-29.553004234633118
-277,-32.01463294543405,-45.326872513035944,-93.82706621404623,-20.982264816198327,-29.670723540781772
-276,-25.0581037864153,-43.540277659140905,-94.24797183850029,-20.155232103255212,-29.8038255861068
-275,-25.713352288135983,-41.89437914851768,-94.89112525695276,-19.39332914159487,-30.007208554830118
-274,-23.47882977664659,-42.43229395587517,-94.57462222059493,-19.642335311903288,-29.907121506705135
-273,-26.25894071749454,-31.628164909023326,-94.47984391917691,-14.640995395847343,-29.877149976180846
-272,-23.065289647058474,-31.206594015993836,-94.13833865981807,-14.44584599272446,-29.7691565309308
-271,-23.492702029252033,-33.532362009441044,-94.50761835518848,-15.52246737059501,-29.88593302403316
-270,-24.096542091810658,-29.123269626688362,-94.56829320598588,-13.481454195741767,-29.905120096554228
-269,-23.51099278862523,-29.69446361961773,-95.10134269260342,-13.745865635503442,-30.073685144883715
-268,-21.985991221449307,-30.2521120365692,-94.90530015744078,-14.004006692013451,-30.011691051944954
-267,-20.30243876228417,-27.910089351948553,-94.91560442089516,-12.919860854240918,-30.014949546157585
-266,-16.78639721716868,-29.023461677789086,-94.53622968569381,-13.435252093137757,-29.89498072116163
-265,-16.355267544386553,-27.153994545944148,-94.52838379981485,-12.569856969874664,-29.892499634197705
-264,-17.393278699299753,-22.810986809273693,-94.54862618538259,-10.559435041836062,-29.898900838564643
-263,-17.177540670960813,-23.499353735388716,-94.63006648080635,-10.87808700994403,-29.92465452125025
-262,-21.356256850586377,-17.26489506323712,-94.39432376309608,-7.99209343500441,-29.850106128273993
-261,-22.293301324082016,-16.99660383542613,-94.34777150688085,-7.8678987293543745,-29.835385012288008
-260,-18.933538054664112,-14.829060012527062,-94.23092011318998,-6.864520910165479,-29.79843335710519
-259,-19.187834524471516,-19.755519378093734,-94.00825387194467,-9.145028460842656,-29.72802010906882
-258,-17.654570434123784,-27.704981204217994,-94.06777799281318,-12.824914231342882,-29.746843288835183
-257,-18.50572014986088,-26.411134433845994,-94.1113488123944,-12.225979558324783,-29.760621591774875
-256,-17.81745534900374,-30.15448026217129,-93.83344753456113,-13.958811962456428,-29.672741491512436
-255,-19.018326073633784,-31.39162806424245,-93.86634794934696,-14.531500113229885,-29.683145516181185
-254,-18.905168368763338,-31.614796979943517,-93.84584403424991,-14.634807247130132,-29.676661608915445
-253,-16.579318786223517,-33.146290888209315,-93.78971979726231,-15.34375116860598,-29.65891356683346
-252,-17.98792691603942,-26.554687931395126,-93.78888290276855,-12.292431915036602,-29.658648917557304
-251,-15.586489608736576,-28.325664662168148,-93.69813215610175,-13.112234841826174,-29.629951011674503
-250,-15.582096447131931,-25.207251013438537,-93.71795609442262,-11.668689824126707,-29.636219891403368
-249,-14.471006738602998,-28.161030399381314,-93.87848291950644,-13.03602398702653,-29.6869829306854
-248,-17.67787108740381,-27.610028937199292,-93.89433160898197,-12.780959872680441,-29.69199472635254
-247,-18.34121314454228,-27.58123533580371,-93.8665571729704,-12.767631025222007,-29.683211678500225
-246,-14.529520271821806,-24.24230267093591,-93.81090368913554,-11.222005538761136,-29.665612501636073
-245,-15.47671125894664,-22.615575221396146,-93.755877876171,-10.468977053943311,-29.648211811729034
-244,-14.28989020306376,-18.839039030948,-93.65984423301235,-8.720780497625634,-29.617843307290517
-243,-14.355711591644138,-17.152622223656554,-93.66533635312764,-7.940121209233297,-29.619580068165273
-242,-11.888740140942755,-14.40199686956557,-93.5694073217807,-6.666829089352585,-29.58924464488627
-241,-10.421162264972184,-15.109401621590479,-93.60450458461264,-6.994293858402224,-29.60034337390492
-240,-10.322645615987991,-9.368801326074871,-93.55633084531574,-4.336912289227925,-29.585109499946384
-239,-15.45640133491284,-12.261040865744388,-93.6729207094773,-5.6757590388193995,-29.6219784522304
-238,-17.641145946066505,-17.333807255780286,-93.45940800175748,-8.02399358149234,-29.554459805651955
-237,-17.411772219977774,-15.875563085152223,-93.37812462405131,-7.348957699720533,-29.52875574470563
-236,-17.866194097652198,-12.815225168183497,-93.29501053964003,-5.932296521907679,-29.50247276346772
-235,-19.65634831283163,-14.358739849885405,-93.10744156122668,-6.646804980214507,-29.443158244450004
-234,-20.00699864437171,-13.645457946315986,-93.10691850216809,-6.31661961865021,-29.44299283865241
-233,-16.634765554706764,-13.678544681081616,-93.08583922210657,-6.331935800691142,-29.436326985009313
-232,-16.10945325583121,-14.85104381616329,-92.94759471291904,-6.874697433803415,-29.392610232704847
-231,-19.144722402032077,-19.301439102717353,-92.56717385960049,-8.934830137915803,-29.2723105961137
-230,-20.44982088573234,-19.00709299652271,-92.39587201790954,-8.79857436721341,-29.2181401974012
-229,-19.593272650254146,-21.943803476342538,-92.20265400166333,-10.158007161928355,-29.157039295769458
-228,-20.984595378833315,-23.488946587943428,-91.94033988377628,-10.873269436800957,-29.07408828827536
-227,-21.731390609684652,-18.374847686289787,-91.8569642698357,-8.505901659113123,-29.047722604138645
-226,-21.07085341726299,-17.135212827645642,-91.73843908715733,-7.932062224857396,-29.01024165040353
-225,-20.233457676703527,-17.175242595344198,-91.64716528143192,-7.95059240661967,-28.98137833872313
-224,-18.15055837928834,-14.507237852764177,-90.98303719472966,-6.715546198135133,-28.771362597516234
-223,-17.115411227805865,-12.760154629781638,-90.81236302390903,-5.90680381622881,-28.71739068576085
-222,-17.008184291101703,-12.765661683621833,-90.68761343843333,-5.909353086796701,-28.677941403034342
-221,-16.939718557170835,-12.510560737992583,-90.3455851200159,-5.791264295329428,-28.5697825519867
-220,-13.616207319378958,-12.068619667317682,-90.98706474948087,-5.586685332256517,-28.77263622215772
-219,-18.11471187027196,-14.722323834603035,-90.58043863732654,-6.815111660717997,-28.644049755107044
-218,-19.70358324846928,-13.010932834224498,-90.54079076068479,-6.022891567357845,-28.631511995649312
-217,-21.857068825128334,-12.402418188792163,-90.8898803763933,-5.741204022484234,-28.74190382496449
-216,-19.993058804664663,-13.861224907930792,-90.96818231746546,-6.41650031361513,-28.766665072864523
-215,-20.107204970896152,-16.950208387213383,-90.4871249012726,-7.846421810107716,-28.61454136081602
-214,-20.172122381992498,-13.653896173974346,-90.07563433987332,-6.320525759036493,-28.484416619847714
-213,-20.146675838236362,-13.761639017654105,-89.62125293566896,-6.37040100417918,-28.340728603476574
-212,-18.444291922885135,-11.404190660717662,-89.18821234105543,-5.279114467665412,-28.203789143647334
-211,-15.089225957029129,-10.916076200452618,-89.31290962062526,-5.0531613785139085,-28.243221885794078
-210,-15.494351492466818,-11.339364346830106,-88.53684689538296,-5.24910571546978,-27.997809303901768
-209,-12.031205302748816,-5.960023822449023,-87.8578639314165,-2.7589549249732688,-27.783096038043162
-208,-11.789294169311438,-6.624053123528395,-87.2047200849448,-3.0663407618618694,-27.576553818585772
-207,-14.600528970450755,-6.352697486725701,-87.86037461489778,-2.9407275104926125,-27.78388998587162
-206,-13.782023824791246,-8.911671445614955,-88.51221081372299,-4.125302273459718,-27.990018690835026
-205,-10.33187125535775,-10.137479454025943,-89.2559484891439,-4.692741119784245,-28.225209194435937
-204,-12.425981563252487,-16.814486157087526,-88.70490577091059,-7.783594625789479,-28.05095418666917
-203,-12.165771222054211,-17.569189395723704,-88.20313521599724,-8.132954339635885,-27.892280405035894
-202,-11.440595415330346,-16.400657708032284,-88.5597045762437,-7.592029277792957,-28.005037537256687
-201,-11.534220447835509,-20.270428912151083,-88.03068264437738,-9.383385258940063,-27.837746113568688
-200,-13.251701632008839,-23.404860389523396,-87.42550331357913,-10.834345090495594,-27.64637160575079
-199,-13.745839380266823,-24.288031943280885,-86.95637164392231,-11.243174078503612,-27.498019145887465
-198,-14.403031011158795,-25.902250090414856,-86.67355361093821,-11.99041188152073,-27.40858423112763
-197,-12.382328744000171,-27.34569035287039,-86.85866421177614,-12.65859488542188,-27.467121342896643
-196,-11.513648623782991,-20.014040026510827,-85.92531762761332,-9.264700267098046,-27.171971237667385
-195,-13.486144390718325,-18.52426353147525,-84.99144798439191,-8.575067755461726,-26.87665572664054
-194,-14.957228347584927,-18.788587311895988,-85.77023061673894,-8.69742588984242,-27.122928418680353
-193,-17.47521961161409,-20.697447643388056,-85.31543076528772,-9.581056521119345,-26.97910807767114
-192,-14.334430103024708,-14.559747315052174,-85.20715754015787,-6.739853355942371,-26.94486907756889
-191,-17.308862409388936,-14.395127856173517,-84.60945795389758,-6.6636493540206,-26.75585987265661
-190,-18.379585721481327,-16.179872221546997,-84.5529152696631,-7.4898254572298875,-26.737979505936547
-189,-18.404356394221367,-15.300653311271562,-85.97725739213215,-7.082826187613328,-27.188396033368615
-188,-18.444959345513546,-21.165991337049007,-85.78911304875434,-9.797950105725835,-27.128899567973548
-187,-18.488848719621497,-14.964412144948614,-86.92572038308846,-6.927176772536953,-27.488326366148378
-186,-18.473514895943733,-16.48530645496289,-87.0826904065738,-7.631214033457414,-27.53796464600676
-185,-17.680490087591195,-15.095485947908305,-86.85024296093272,-6.987852153203807,-27.464458309555358
-184,-19.110320567312613,-12.838452500106213,-86.11095128750988,-5.943048687286748,-27.230673755234005
-183,-17.2997888409978,-13.765946954932307,-86.66706767861159,-6.37239519163954,-27.406533199237444
-182,-18.36883092393765,-17.324258735009003,-86.44617983816552,-8.019573475265766,-27.3366823309129
-181,-17.621140163989956,-16.040330583112617,-85.82808094861991,-7.425230230421016,-27.141222299894405
-180,-17.5602188402763,-26.372126135811346,-85.92432381540199,-12.207922225135585,-27.171656966651955
-179,-18.744243479830068,-26.449772634176327,-85.83901288294462,-12.243865569567214,-27.144679281064146
-178,-19.086572149484425,-26.194375610383634,-85.67592306847367,-12.125639720542532,-27.093105753373898
-177,-19.290414847940006,-30.84111513103013,-86.36254269469565,-14.27666214385353,-27.310233943877392
-176,-18.36096547498779,-31.286327865411145,-86.44978894566987,-14.48275559293585,-27.337823630916315
-175,-16.917989304003235,-35.62067531580067,-87.03624276217028,-16.489168587420117,-27.523276611180286
-174,-18.78210070511933,-36.424645960835065,-86.64614531626766,-16.86133467882009,-27.399916967333628
-173,-18.40733022669221,-45.59020443160912,-86.57014483505333,-21.104163807761687,-27.375883504943015
-172,-18.66064668352626,-39.90064801147244,-86.71827516044837,-18.470410961485435,-27.422726426822038
-171,-22.750375995494643,-44.67627035666908,-86.96222990537862,-20.681094539538424,-27.499871690820537
-170,-25.11442918721948,-44.43878606176517,-87.25618909631086,-20.57116067273725,-27.592829749069157
-169,-28.968609001689504,-48.62990570058533,-86.93105558548616,-22.51127207382284,-27.49001350528385
-168,-28.437399728198464,-42.56708353978617,-86.60445750929738,-19.70473076491568,-27.386734125265274
-167,-28.717683438574902,-43.1639030977622,-86.38545268146225,-19.98100453627147,-27.317478717812072
-166,-27.31323191550802,-41.79563708100683,-86.35809669269757,-19.347620446197546,-27.308827994597834
-165,-20.37528076104428,-42.99447236872744,-86.35553370331044,-19.902573349041724,-27.308017506189618
-164,-27.28973694931085,-47.173497214570645,-86.81749946386446,-21.837085948906985,-27.454103906625885
-163,-26.310670195389243,-48.767508027049104,-86.54373035259411,-22.57496957363065,-27.367530512164446
-162,-23.438716831841088,-47.21135080776785,-86.79145112274627,-21.85460875762228,-27.445866697905632
-161,-23.995533168454596,-44.79061574339379,-87.52038622680887,-20.73402616821143,-27.6763762174346
-160,-26.716437808292227,-45.66977543803654,-87.79823519873628,-21.140998026316502,-27.764239777117282
-159,-27.213507147082538,-44.33817870182456,-87.4324599990585,-20.524588514728215,-27.64857150285881
-158,-31.90840291847864,-41.90579296171871,-87.65272016863423,-19.39861271043315,-27.718223884226237
-157,-33.659981795414176,-45.40294979713464,-88.33515532238745,-21.017481755575666,-27.934028828348975
-156,-29.99887298508065,-47.388968098022,-89.58076816453345,-21.93682958631449,-28.32792619474269
-155,-29.26594155844705,-46.949795358175386,-89.89125602171741,-21.733532111403402,-28.426111076195326
-154,-31.511463870723443,-50.274383036023984,-88.3173713143951,-23.272517159207595,-27.92840503123073
-153,-29.060231766309485,-50.52980966763301,-87.84891962151447,-23.390756713988015,-27.78026759890428
-152,-28.75194165070343,-44.648897930458055,-88.12713473478291,-20.66842356835557,-27.868246942645282
-151,-30.23630647303638,-45.6740537674984,-85.1534393748398,-21.142978508021123,-26.927881902155836
-150,-28.969572117887445,-44.721999629014064,-86.04148904452802,-20.702263079280904,-27.208707865313333
-149,-30.11595074184448,-47.36353498378158,-85.31197857550096,-21.925056342132695,-26.978016399407007
-148,-26.606363764932738,-42.239635894917704,-85.70636510568409,-19.55315195929448,-27.10273237079395
-147,-28.894533538325017,-40.15198876442585,-85.5766464591517,-18.586759121973554,-27.06171173299029
-146,-28.994461068055312,-40.53464018286971,-86.51674050517045,-18.76389230917445,-27.358995573008524
-145,-29.17556070681916,-43.23971391151379,-86.72104737345893,-20.016098123847136,-27.423603077549288
-144,-27.283941355347807,-43.59787966584025,-85.98342948902359,-20.181896651049957,-27.190347821780236
-143,-26.06577678109331,-46.92128303103505,-85.31762761333383,-21.7203334686245,-26.97980278202104
-142,-26.110206852014162,-47.35265411127476,-85.74983131345361,-21.920019476897757,-27.11647759257413
-141,-26.586670573201143,-47.237183627528935,-85.54662286918816,-21.866567029506587,-27.05221744020831
-140,-26.342537513798337,-53.18651902827738,-84.98140525046682,-24.620574176657236,-26.873479935326706
-139,-28.736100923763598,-51.864041499499706,-85.735499495248,-24.008386037837283,-27.111945473720013
-138,-30.218869000821012,-50.1362921805905,-85.82740097184373,-23.208593514430046,-27.141007272357527
-137,-30.43930433272184,-48.690971821797056,-85.31809836648657,-22.53954019503932,-26.979951647238877
-136,-30.25693743580281,-53.22755546173168,-84.8436838003379,-24.63957035411472,-26.829928588819836
-135,-28.03611820916484,-52.20185188008893,-82.96077580119572,-24.164761857967942,-26.23450079863587
-134,-30.31137884614963,-48.6613492015438,-83.19526317716533,-22.525827586420125,-26.30865221769789
-133,-29.79368699298057,-48.96269755630407,-82.37175899530817,-22.665324768355347,-26.048237329963676
-132,-29.164746770561557,-46.84154918161775,-82.10928795970352,-21.68342386841311,-25.965236700730294
-131,-29.452152471770145,-48.13305693449848,-82.52020315613836,-22.28127578672764,-26.095179495321254
-130,-33.91557931692758,-50.33348023744877,-82.35292886919862,-23.299873847667282,-26.04228272125024
-129,-33.07315678568587,-49.88222750853334,-80.90504908909266,-23.090984424413723,-25.58442293292638
-128,-35.56113937660024,-48.68140849711761,-79.70509930276228,-22.53511323593488,-25.204965492662744
-127,-30.245059002694873,-47.76538707112523,-78.73189561833426,-22.11107771193185,-24.897211465656717
-126,-32.729670686916435,-50.076025470420085,-77.36728684035714,-23.180695448618575,-24.465684280310043
-125,-29.53662790039485,-49.33261761371954,-78.0297411380719,-22.836564480587477,-24.675170722964634
-124,-27.952597448350357,-49.83013255567417,-77.06678941119242,-23.06686914718686,-24.37065864959148
-123,-29.291624657058822,-51.35188549236245,-77.38114790541,-23.77130387502382,-24.470067533946324
-122,-28.577583825325192,-49.94615078402238,-78.35712380284858,-23.12057515105925,-24.778698211679604
-121,-29.30852988084901,-50.3934656733639,-78.0874345522353,-23.327641708799206,-24.69341498243941
-120,-29.00763210448155,-49.29066333795858,-78.60437381984799,-22.817143424702024,-24.856885532202952
-119,-28.273027897083093,-50.961358394770784,-79.08626813053462,-23.59052495679572,-25.00927389352761
-118,-28.65263085327533,-51.55591295479641,-78.6120627880094,-23.865750237837297,-24.85931699742761
-117,-28.132886041894867,-51.40190789807746,-78.35790839143647,-23.794459749348785,-24.778946320375994
-116,-28.043780896809878,-52.86206177285979,-77.33679249724086,-24.470379652365914,-24.456041122310232
-115,-26.058122541835992,-53.51971058951679,-77.13154412264689,-24.774811898892256,-24.391135887333792
-114,-21.068749768725393,-53.31753361560438,-77.27256084484499,-24.681222145812608,-24.435729290365515
-113,-20.845028014008783,-52.923557207408535,-77.06673710528655,-24.49884650704065,-24.37064210901172
-112,-20.62380698205174,-54.34727866417822,-77.04183949409727,-25.15790147761807,-24.36276879304618
-111,-19.98139158124924,-55.8898458957571,-76.09431800944645,-25.87197135174118,-24.06313619070209
-110,-20.026793216755724,-52.421911975073776,-76.17157383240142,-24.266629887515357,-24.087566627006932
-109,-20.791887655367958,-52.17455347341877,-75.40701840644827,-24.15212515117444,-23.845792972661716
-108,-19.755642213484336,-50.26815059068333,-74.36267869005088,-23.26963209762404,-23.515543757182712
-107,-20.343134645841054,-49.23696956301675,-76.01632990380944,-22.792288036665123,-24.03847418628061
-106,-20.405323227709903,-47.61780691055316,-75.98306334768259,-22.04276137243921,-24.027954377553545
-105,-18.477308222021605,-44.81689268040006,-77.88354613119367,-20.746190026431854,-24.628939802536713
-104,-18.13121157145249,-41.51984027175237,-77.10784954729239,-19.21995133146709,-24.38364300470272
-103,-18.99923271742897,-40.79110308805083,-75.99608751824168,-18.882611565405824,-24.032072981913668
-102,-20.315178930937638,-40.74368617017418,-75.91229345705423,-18.86066179758609,-24.005574973138884
-101,-19.952895169532948,-37.53298495789694,-77.87559563350297,-17.37439593924091,-24.626425634413263
-100,-18.219438084216577,-38.62175318835471,-77.87805401107839,-17.878397695116707,-24.627203041661964
-99,-18.02170357006898,-40.921658754224474,-78.4370472270024,-18.943047095347204,-24.803972217552182
-98,-12.779580382100297,-42.00065640528836,-78.19429551790694,-19.44252595182836,-24.727207386888153
-97,-13.003817488466673,-43.42933717129587,-78.3873043105297,-20.10387663649246,-24.78824212620086
-96,-11.54447679050482,-41.162577555824434,-79.72952616079881,-19.05457082981438,-25.212689943410446
-95,-12.04640395222335,-39.50254131289643,-83.43838102760182,-18.286123369787553,-26.38553283242024
-94,-13.140022394986117,-36.590716202714646,-80.97241909584011,-16.938210262773193,-25.605727199656666
-93,-11.99540103567095,-34.01240833975206,-81.137025781581,-15.744685641307004,-25.657780404159944
-92,-12.526382202694053,-35.170828958161636,-81.21647845258208,-16.280930187564273,-25.682905544814687
-91,-12.360092587570492,-31.48625464528133,-78.69167237672805,-14.575303708579161,-24.88449175982163
-90,-12.568235515366021,-32.49462285045402,-79.51512425267937,-15.042087484739385,-25.14489010697609
-89,-12.823664069125385,-32.52840536890377,-79.59300774650467,-15.057725752040243,-25.16951903023805
-88,-10.083361931125701,-34.21189100237706,-81.02331274224173,-15.837028170614191,-25.6218211837627
-87,-10.780455297130631,-29.22149355741318,-81.01337462012836,-13.52692304041362,-25.618678473608387
-86,-9.778560999640273,-30.278522208749013,-80.1438935470204,-14.016232226134713,-25.343724416265534
-85,-7.343583593163494,-30.392082988340587,-80.74316231045647,-14.068800652280572,-25.533229838570595
-84,-5.648946849334324,-31.9960864388355,-79.45209563611829,-14.811309969566931,-25.124958708365845
-83,-9.366955550835732,-33.84614564706624,-79.63762468420309,-15.667720969941586,-25.183628144772932
-82,-8.924462796595433,-33.764531701311014,-78.04653133385291,-15.62994105424062,-24.68048024906745
-81,-7.892483790500937,-30.831522198534312,-78.17996369970133,-14.272221478993336,-24.72267526803404
-80,-7.540498613704061,-26.97665852994526,-78.2087842538301,-12.487766345861987,-24.731789127481544
-79,-7.919189144024563,-27.654618308615,-77.29374473671822,-12.801600740826883,-24.44242822516813
-78,-8.930123216355257,-27.029049560967888,-77.00731759622978,-12.512018680646264,-24.35185201040488
-77,-10.745985875309561,-26.6283521784617,-76.9411506253171,-12.326531835321024,-24.330928177009064
-76,-12.141228655782099,-29.345002563296696,-77.40714394062233,-13.584096600488563,-24.478288202086816
-75,-11.598352158875647,-27.456941722787043,-77.87522949216196,-12.710094262619915,-24.62630985035495
-74,-10.742944455737124,-30.577738800732433,-77.38052023453969,-14.15474259365656,-24.46986904698921
-73,-10.54130678647156,-27.353388385120113,-77.1457190231349,-12.662158381914626,-24.39561838444863
-72,-10.924956520372698,-27.592234639575906,-76.8302097989884,-12.772722713479908,-24.295845607339075
-71,-11.502479855241942,-27.705336498014134,-75.86333512916943,-12.825078700411778,-23.99009299048395
-70,-14.186034173052386,-30.385598876561016,-75.01760093732184,-14.065799091773222,-23.722648356351936
-69,-11.806731641526802,-30.273932997215535,-74.9493940360806,-14.014107833994812,-23.701079440345488
-68,-10.770232748012143,-27.745307050079994,-74.73844431774792,-12.843581470662567,-23.63437128217526
-67,-10.621955095467616,-27.034127301471077,-71.41921614369478,-12.514369217755904,-22.58473917179429
-66,-6.81792491039217,-25.9666618948736,-70.48100511028701,-12.020228753135992,-22.2880507926474
-65,-6.846556496311685,-26.07245062267458,-69.47448256382629,-12.06919941839975,-21.969760416334545
-64,-8.177929465762823,-23.36164778156774,-70.2506499008803,-10.814341539991124,-22.215206079386377
-63,-10.510799658482373,-22.04190897580197,-69.96814570333136,-10.203421183577237,-22.125870408105094
-62,-10.355771744164578,-30.676614103416846,-70.68871186245639,-14.20051296495472,-22.353733434872535
-61,-10.899214283047009,-32.23549524180185,-70.79374212142294,-14.922134710491298,-22.386946919029697
-60,-10.822545164658237,-31.31481058473512,-70.14321357024423,-14.49594052995901,-22.181231728560284
-59,-9.776187002696224,-33.57510089233517,-68.63324667988262,-15.542251629007614,-21.70373827206184
-58,-11.62811582874712,-33.07652006899213,-68.42470303321949,-15.311453555201547,-21.637790980560553
-57,-11.38759023089274,-31.81732924765206,-68.58507294058572,-14.728561469278675,-21.688504398103305
-56,-11.561407359458109,-33.441554836710665,-68.95372496508581,-15.480431817736358,-21.80508240424855
-55,-12.715414877509357,-30.27655328896207,-71.10307924867796,-14.015320793377917,-22.48476790772762
-54,-13.64731428289494,-28.705991867028924,-69.93482684129866,-13.288292127201384,-22.11533405879827
-53,-14.68186159885062,-29.28025026894999,-69.14087549625228,-13.554122112682279,-21.86426459862819
-52,-10.809086883050146,-30.01670028880944,-69.72628319463551,-13.895032228114164,-22.04938676729698
-51,-10.407036560735705,-28.54322289667183,-69.90088030839563,-13.212944735013442,-22.10459922253433
-50,-9.285377919192516,-30.03464262551455,-68.01572315530147,-13.903337916093403,-21.5084601874207
-49,-9.640336928460236,-36.325089678374724,-67.92591391494014,-16.81524907513988,-21.480060011973567
-48,-9.525751446068275,-39.78073635527485,-66.30992295340067,-18.41490265073306,-20.96903880030254
-47,-9.325296551080886,-35.513731883162215,-64.54826004404157,-16.43966339768244,-20.41195207400119
-46,-8.433467848562316,-33.53889053294513,-62.928032304127456,-15.525489489735971,-19.899591075369635
-45,-9.48027377507249,-36.57873984100306,-62.52553835853607,-16.932666284575827,-19.772311314119968
-44,-10.697922997677189,-36.755291249868804,-61.26998739427668,-17.014393706061362,-19.375271237571937
-43,-8.043507169048347,-35.99651693648516,-61.27678716203846,-16.663149450800514,-19.37742151294068
-42,-7.3755438438372956,-37.52617516013756,-63.265039255582344,-17.3712436154204,-20.00616203076036
-41,-8.744030580459993,-39.20778069727295,-62.64636500107227,-18.14967571850478,-19.810520053364506
-40,-8.562094551313725,-38.487881446750414,-61.04868110658374,-17.8164271205323,-19.30528804460932
-39,-7.7137581486811495,-35.13410046198556,-62.47715539561571,-16.263928197567157,-19.757011277842388
-38,-8.505456560164603,-28.73773144615085,-65.38076084170663,-13.302984697356084,-20.675211941454045
-37,-7.95458788849277,-29.414921421595608,-67.07107849547292,-13.616462742671702,-21.20973731696338
-36,-5.944775593081042,-28.63197232616621,-68.93944545278607,-13.254027737848066,-21.800566825974197
-35,-2.0103360954492056,-27.201840777157805,-65.67958448188385,-12.592005471152648,-20.769708273620306
-34,-0.705499511767671,-23.779621324911282,-65.29628680374302,-11.007825693791428,-20.64849890514239
-33,-0.7887245790126229,-18.07720030857266,-61.69512979710539,-8.36811769664557,-19.50971306985749
-32,0.6336375259808902,-20.35180599537555,-58.92119069164099,-9.421055528595101,-18.632516503469734
-31,1.2571792286588224,-20.16284891146123,-59.73904583566531,-9.333585395453957,-18.891145008589927
-30,-0.4972636517074469,-18.648349889777492,-59.37907659153795,-8.632508577773622,-18.777312738684763
-29,0.3148967547884185,-18.972096557602825,-57.950916137941135,-8.782374163927164,-18.325688748930247
-28,0.7758407877682227,-14.837809122257028,-57.07913360497534,-6.868570960987038,-18.05000690607797
-27,-0.3106049738361816,-17.041474481097108,-57.74755077595811,-7.888669802180357,-18.26137897482515
-26,-0.35624316419829993,-15.065789308114175,-56.939790671764754,-6.974105280195252,-18.005942801598557
-25,-0.8949461575803341,-15.105656232822827,-57.76810699696102,-6.9925600803009464,-18.26787942267065
-24,-0.7935401600023262,-8.793817532653348,-56.890989261597525,-4.070746512731367,-17.9905104406829
-23,1.378498076048662,-9.862482055812794,-54.02813011617141,-4.5654420604588,-17.085194888703928
-22,0.34232866965435704,-8.883721666985188,-51.07975081466449,-4.1123640400399015,-16.15283548881811
-21,0.0018755420696736635,-8.15187566256741,-48.617659519936396,-3.7735851696257963,-15.37425385895674
-20,-0.6090780629333992,-4.833683273049349,-47.28924642881428,-2.2375605650617305,-14.954172754803672
-19,-0.3557193641608225,-2.290904789700865,-48.18163748868884,-1.0604828504851354,-15.236371586081203
-18,0.9223442788954817,-7.8635991587235,-46.65529884979313,-3.640139078850371,-14.753700928118029
-17,-0.3609066742093936,-10.148227091359207,-42.57700736990214,-4.697716309118345,-13.4640319242666
-16,-0.3749309977934434,-9.150872993866887,-42.03093371272549,-4.236031074093894,-13.291348271576982
-15,-0.44958095152162203,-9.853185201480441,-40.81377528336725,-4.561138453156024,-12.906448980572462
-14,-2.219247826525539,-6.686880909812654,-38.87688758937771,-3.0954243755449604,-12.293951312076645
-13,-4.262541082397298,-10.65545339707501,-37.63357620708955,-4.932516463600879,-11.900781731192353
-12,-4.933841520750337,-13.440468229850799,-25.379871641307016,-6.221727818775137,-8.025820110924617
-11,-3.4992039084269178,-10.25149915477085,-6.8803188568021145,-4.745521985144087,-2.175747861570057
-10,-2.782552524893589,-7.861422984222132,-13.573382570626046,-3.639131705803382,-4.29228044760096
-9,-3.569333974734923,-8.43710256132778,-20.660309755574502,-3.9056195675598673,-6.533363599221208
-8,-2.818154030666631,-9.221768910105189,-19.305586793804885,-4.268849506216499,-6.104962583449088
-7,-0.7267978971625011,-9.750564510028381,-11.499453403283766,-4.513634303756588,-3.6364464601351494
-6,-1.4256738729723994,-6.358855912525485,-8.46466474529639,-2.943578307686811,-2.6767620224865643
-5,-1.5782095129183382,-6.821537258550103,-14.298865484901901,-3.1577581526565166,-4.521698288865799
-4,0.7950186278500304,-9.015061940291979,-13.165396504919368,-4.173162772508426,-4.163263925476538
-3,0.2972818664313426,-9.594190828001825,-7.1031420157649965,-4.441247354808773,-2.246210731345704
-2,1.5234132702880876,-8.874661675183603,1.8699361344889365,-4.10817007878306,0.5913257264035978
-1,4.201907003865468,-6.226020444493264,-0.06224402797319062,-2.882087434553349,-0.01968328991385164
0,0.0,0.0,0.0,0.0,0.0
1,-0.8172632326674201,-0.8828902795022242,-7.1031420157649965,-0.40869878332848253,-2.246210731345704
2,-0.7375357979307884,-3.8058479286297575,-12.950419231835452,-1.76176525450158,-4.09528214266482
3,-0.7703831293132124,-3.9759596374404405,-16.84407086404126,-1.840511674113373,-5.326562899965077
4,-1.7943699606423391,-5.020908299707482,-27.04006109329804,-2.3242289114920065,-8.550818112492456
5,-4.678514347643381,-4.580862129278673,-23.59048660184221,-2.120527116786542,-7.459966877350708
6,-3.4554666052975747,-3.0028839493510873,-26.79317721763964,-1.3900651587968085,-8.472746576027422
7,-5.011625826315679,-5.667720655582187,-26.58029218079013,-2.6236448514170254,-8.405426416406089
8,-1.2424367921201496,-10.969858798843447,-15.455349063462753,-5.078057883818021,-4.887410507349255
9,-2.516259344550431,-10.64340301582256,-17.02138788490608,-4.926938221014159,-5.38263546534992
10,-4.1472121418876355,-15.771491610699261,-23.1322868665101,-7.300781968289773,-7.315071398657129
11,-6.962890794957799,-13.966969224007252,-23.204992075655262,-6.465450420245275,-7.338062804522891
12,-5.550649858430356,-11.575501486090312,-32.537411799166236,-5.358415970384725,-10.289233045220243
13,-6.037834583610224,-13.090918350080749,-26.184859532489803,-6.059917666493042,-8.280379633423953
14,-4.9129571063528665,-16.64726121037048,-28.733203265980755,-7.706184517362462,-9.086236679308806
15,-4.9129571063528665,-14.780044272567782,-21.655168085028475,-6.841831031535715,-6.847965426247681
16,-8.061781031646142,-15.37283716752087,-20.125220338628424,-7.116240820110679,-6.364153468281097
17,-8.564155957912833,-12.71572810135584,-19.04510338262293,-5.88623832973895,-6.022590496246573
18,-7.707219096600381,-20.44908247597732,-8.662904128505156,-9.466085789083229,-2.739450819775228
19,-6.061785762743255,-18.855308526029635,-8.32186962229905,-8.728311810405499,-2.6316062397430153
20,-5.616175553441205,-15.185582533046382,-13.819743387225847,-7.029558767924658,-4.370186578268399
21,-6.456899958754969,-14.388836195200183,-20.894117154767933,-6.660736880925566,-6.607299990746354
22,-6.518108527650468,-15.75397858733114,-23.69352923638608,-7.292675013768777,-7.492551819477006
23,-6.880747121338615,-15.295930864564511,-21.707473990888303,-7.080640119572582,-6.864506006007222
24,-6.085170899900283,-16.344358445252105,-29.628157315242465,-7.565967783250824,-9.36924599899456
25,-5.312515154295438,-20.461739817464853,-27.020707908129904,-9.471944999662648,-8.544698097981426
26,-5.774075919577426,-27.162521597051537,-24.832228806954593,-12.573804227528168,-7.85264024084222
27,-3.720965637196838,-26.848737959426327,-27.988890225595377,-12.428550628181585,-8.850864229330536
28,-2.41454075662747,-25.119123348087392,-27.62902559327973,-11.627894642162648,-8.73706504058489
29,-1.9196595502517733,-24.99207620815064,-40.208595952569006,-11.569083244276616,-12.71507447275457
30,-2.0393309620398647,-25.314164838260634,-41.42366214569287,-11.718181308108637,-13.099312140568713
31,,-29.471013429661376,-40.21539572033078,-13.642428296923649,-12.717224748123309
32,,-30.029875767083002,-39.03119001166421,-13.901131289419055,-12.342746022367292
33,,-26.93551846913377,-32.58187181914709,-12.468722198259414,-10.303292538015851
34,,-25.81059909491866,-39.152016654200416,-11.94798571462346,-12.380954761611832
35,,-30.851211396403798,-42.75380133170836,-14.28133580656132,-13.519939083853846
36,,-28.379062358946506,-42.96877860479227,-13.136953172305656,-13.587920866665563
37,,-27.608208056494078,-40.25776350407724,-12.780116968702353,-12.730622617728535
38,,-29.45385570008939,-41.124472364174636,-13.634485811471546,-13.004700024344135
39,,-31.57744671962419,-41.54867326069787,-14.617517436262448,-13.138844126194016
40,,-30.637961099178334,-39.97740384866856,-14.182620100834416,-12.641965110217397
41,,-30.855297275059424,-38.511792366476094,-14.283227200853625,-12.178498065355047
42,,-30.590277710954574,-40.8587583624067,-14.16054698121301,-12.920673879165665
43,,-27.55396653694988,-47.12814423876599,-12.75500802418424,-14.90322776914428
44,,-28.014012787319796,-46.45287499411559,-12.967968056892973,-14.689688884448607
45,,-24.787190119042656,-52.18047629757876,-11.474239414546636,-16.500915449277894
46,,-24.714843419803458,-53.6981844620076,-11.440749400392711,-16.980856911580744
47,,-25.345830397841695,-52.0056699601952,-11.732839613873983,-16.445636831721504
48,,-24.792282663454014,-56.74019133500363,-11.476596804534147,-17.942823949236143
49,,-24.974000636271963,-63.115182835293936,-11.560715880396536,-19.958773269749276
50,,-29.498060169892604,-59.43420701631421,-13.654948504793348,-18.794746509751317
51,,-31.175727867454096,-60.04948138694339,-14.43155774236413,-18.9893133494628
52,,,-56.73339156724185,,-17.940673673867405
53,,,-54.388831642980804,,-17.199258726725724
54,,,-54.93255153439376,,-17.37119805332616
55,,,-57.415512885559906,,-18.15637937451158
56,,,-53.30798240429326,,-16.857464186574564
57,,,-55.017339407792534,,-17.398010333116375
58,,,-50.37048273120518,,-15.928545227278727
59,,,-46.98430299765146,,-14.857741174805543
60,,,-46.60874659357788,,-14.738979812132037
