window,n,date,price,type,major
2014,1,2014-12-01,370.0,H,True
2015,1,2015-01-14,120.0,L,True
2015,2,2015-01-15,204.2,H,False
2015,3,2015-01-17,184.0,L,False
2015,4,2015-01-26,274.5,H,False
2015,5,2015-01-31,218.4,L,False
2015,6,2015-02-02,237.8,H,False
2015,7,2015-02-05,216.8,L,False
2015,8,2015-02-14,256.7,H,False
2015,9,2015-02-16,234.7,L,False
2015,10,2015-03-11,297.0,H,False
2015,11,2015-04-14,221.1,L,False
2015,12,2015-05-08,244.5,H,False
2015,13,2015-06-01,223.6,L,False
2015,14,2015-07-12,312.2,H,False
2015,15,2015-08-24,211.2,L,False
2015,16,2015-11-04,410.0,H,False
2015,17,2015-11-11,313.2,L,False
2015,18,2015-12-15,464.3,H,False
2015,19,2015-12-26,419.4,L,False
2016,1,2016-01-07,459.1,H,False
2016,2,2016-01-15,357.5,L,False
2016,3,2016-01-20,418.5,H,False
2016,4,2016-01-31,367.9,L,False
2016,5,2016-02-21,438.6,H,False
2016,6,2016-03-05,396.1,L,False
2016,7,2016-06-16,769.8,H,False
2016,8,2016-06-22,604.5,L,False
2016,9,2016-07-02,705.0,H,False
2016,10,2016-08-02,537.5,L,False
2017,1,2017-01-04,1130.3,H,False
2017,2,2017-01-11,795.8,L,False
2017,3,2017-03-03,1292.9,H,False
2017,4,2017-03-10,1109.0,L,False
2017,5,2017-03-15,1263.0,H,False
2017,6,2017-03-18,970.0,L,False
2017,7,2017-03-21,1114.4,H,False
2017,8,2017-03-24,934.9,L,False
2017,9,2017-05-24,2433.0,H,False
2017,10,2017-05-27,2100.0,L,False
2017,11,2017-06-11,2999.0,H,False
2017,12,2017-06-15,2410.0,L,False
2017,13,2017-06-20,2725.1,H,False
2017,14,2017-06-26,2407.9,L,False
2017,15,2017-07-05,2617.0,H,False
2017,16,2017-07-16,1911.8,L,False
2017,17,2017-07-20,2873.5,H,False
2017,18,2017-07-26,2526.0,L,False
2017,19,2017-08-16,4370.0,H,False
2017,20,2017-08-21,4002.0,L,False
2017,21,2017-09-01,4948.0,H,False
2017,22,2017-09-14,3250.4,L,False
2017,23,2017-09-18,4100.0,H,False
2017,24,2017-09-21,3617.5,L,False
2017,25,2017-10-21,6024.9,H,False
2017,26,2017-10-24,5525.4,L,False
2017,27,2017-11-08,7468.0,H,False
2017,28,2017-11-12,5886.4,L,False
2017,29,2017-12-07,17390.0,H,False
2017,30,2017-12-10,15290.0,L,False
2017,31,2017-12-16,19650.0,H,True
2017,32,2017-12-25,14172.0,L,False
2017,33,2017-12-26,15790.9,H,False
2017,34,2017-12-30,12840.0,L,False
2018,1,2018-01-06,17099.0,H,False
2018,2,2018-01-17,11200.0,L,False
2018,3,2018-01-20,12762.8,H,False
2018,4,2018-02-05,6905.2,L,True
2018,5,2018-02-20,11235.6,H,False
2018,6,2018-02-25,9598.0,L,False
2018,7,2018-03-04,11469.9,H,True
2018,8,2018-03-10,8795.4,L,False
2018,9,2018-03-11,9533.9,H,False
2018,10,2018-03-17,7865.0,L,False
2018,11,2018-03-23,8927.1,H,False
2018,12,2018-04-01,6816.0,L,False
2018,13,2018-04-03,7424.9,H,False
2018,14,2018-04-06,6619.0,L,False
2018,15,2018-04-24,9650.0,H,False
2018,16,2018-04-25,8866.0,L,False
2018,17,2018-05-05,9800.0,H,False
2018,18,2018-05-28,7107.9,L,False
2018,19,2018-06-03,7706.4,H,False
2018,20,2018-06-28,5851.7,L,False
2018,21,2018-07-24,8385.5,H,False
2018,22,2018-08-10,6146.0,L,False
2018,23,2018-09-04,7360.0,H,False
2018,24,2018-09-08,6188.0,L,False
2018,25,2018-09-21,6750.0,H,False
2018,26,2018-11-26,3731.3,L,False
2018,27,2018-11-29,4248.0,H,False
2018,28,2018-12-15,3183.0,L,True
2018,29,2018-12-20,4075.3,H,False
2018,30,2018-12-27,3589.9,L,False
2019,1,2019-01-06,4041.0,H,False
2019,2,2019-02-07,3359.0,L,False
2019,3,2019-02-23,4110.0,H,False
2019,4,2019-03-04,3700.7,L,False
2019,5,2019-05-15,8203.3,H,False
2019,6,2019-05-18,7262.4,L,False
2019,7,2019-05-27,8783.2,H,False
2019,8,2019-06-09,7623.8,L,False
2019,9,2019-06-26,12902.5,H,True
2019,10,2019-06-27,11127.4,L,False
2019,11,2019-06-28,12317.7,H,False
2019,12,2019-07-01,10570.6,L,False
2019,13,2019-07-03,12022.6,H,False
2019,14,2019-07-05,11038.6,L,False
2019,15,2019-07-09,12559.5,H,False
2019,16,2019-07-16,9436.0,L,False
2019,17,2019-07-20,10754.9,H,False
2019,18,2019-07-27,9468.9,L,False
2019,19,2019-08-08,12017.9,H,False
2019,20,2019-08-14,10105.3,L,False
2019,21,2019-08-19,10935.7,H,False
2019,22,2019-08-29,9525.0,L,False
2019,23,2019-09-03,10628.5,H,False
2019,24,2019-10-06,7862.7,L,False
2019,25,2019-10-09,8600.0,H,False
2019,26,2019-10-24,7439.3,L,False
2019,27,2019-10-27,9570.6,H,False
2019,28,2019-11-24,6906.2,L,False
2019,29,2019-11-29,7751.3,H,False
2019,30,2019-12-17,6618.6,L,False
2019,31,2019-12-22,7550.0,H,False
2020,1,2020-01-02,6945.0,L,False
2020,2,2020-02-14,10380.0,H,False
2020,3,2020-03-12,4980.0,L,True
2020,4,2020-03-13,5592.8,H,False
2020,5,2020-03-16,5074.2,L,False
2020,6,2020-03-26,6772.2,H,False
2020,7,2020-03-29,5897.6,L,False
2020,8,2020-04-08,7343.6,H,False
2020,9,2020-04-15,6576.8,L,False
2020,10,2020-05-07,10007.6,H,False
2020,11,2020-05-11,8557.4,L,False
2020,12,2020-05-14,9815.2,H,False
2020,13,2020-05-24,8673.6,L,False
2020,14,2020-06-01,10212.4,H,False
2020,15,2020-06-27,9001.2,L,False
2020,16,2020-08-17,12325.1,H,False
2020,17,2020-09-08,10123.2,L,False
2020,18,2020-11-24,19185.1,H,False
2020,19,2020-11-27,17157.0,L,False
2020,20,2020-11-30,19727.0,H,False
2020,21,2020-12-11,18048.1,L,False
2021,1,2021-01-08,40666.7,H,False
2021,2,2021-01-12,33968.4,L,False
2021,3,2021-01-14,39171.1,H,False
2021,4,2021-01-27,30552.1,L,False
2021,5,2021-02-21,57538.5,H,False
2021,6,2021-02-28,45352.3,L,False
2021,7,2021-03-13,61130.2,H,False
2021,8,2021-03-25,51386.2,L,False
2021,9,2021-04-13,63660.9,H,True
2021,10,2021-04-25,49272.1,L,False
2021,11,2021-05-01,57868.9,H,False
2021,12,2021-05-04,53128.7,L,False
2021,13,2021-05-08,59045.2,H,False
2021,14,2021-05-19,37236.6,L,False
2021,15,2021-05-20,40749.8,H,False
2021,16,2021-05-23,34927.4,L,False
2021,17,2021-05-26,39213.4,H,False
2021,18,2021-05-29,34621.6,L,False
2021,19,2021-06-03,39215.1,H,False
2021,20,2021-06-08,33432.3,L,False
2021,21,2021-06-14,40496.9,H,False
2021,22,2021-06-21,31686.7,L,False
2021,23,2021-06-24,34695.3,H,False
2021,24,2021-06-25,31704.9,L,False
2021,25,2021-06-29,35928.8,H,False
2021,26,2021-07-20,29788.6,L,True
2021,27,2021-07-30,42188.9,H,False
2021,28,2021-08-03,38207.3,L,False
2021,29,2021-09-06,52691.2,H,False
2021,30,2021-09-21,40656.1,L,False
2021,31,2021-09-23,44892.7,H,False
2021,32,2021-09-28,41006.2,L,False
2021,33,2021-10-20,66005.2,H,False
2021,34,2021-10-27,58517.6,L,False
2021,35,2021-11-08,67510.1,H,True
2021,36,2021-12-17,46240.2,L,False
2021,37,2021-12-26,50841.7,H,False
2022,1,2022-01-22,35108.2,L,False
2022,2,2022-02-15,44469.7,H,False
2022,3,2022-02-21,37075.4,L,False
2022,4,2022-03-01,44412.2,H,False
2022,5,2022-03-07,38004.7,L,False
2022,6,2022-03-09,41985.9,H,False
2022,7,2022-03-13,37780.1,L,False
2022,8,2022-03-29,47430.7,H,False
2022,9,2022-05-27,28608.5,L,False
2022,10,2022-05-31,31804.3,H,False
2022,11,2022-06-18,18989.2,L,False
2022,12,2022-06-25,21474.8,H,False
2022,13,2022-07-02,19210.5,L,False
2022,14,2022-07-07,21657.4,H,False
2022,15,2022-07-12,19302.7,L,False
2022,16,2022-07-19,23410.9,H,False
2022,17,2022-07-25,21248.3,L,False
2022,18,2022-08-13,24447.1,H,False
2022,19,2022-09-06,18777.0,L,False
2022,20,2022-09-12,22412.6,H,False
2022,21,2022-09-21,18488.5,L,False
2022,22,2022-11-05,21304.7,H,False
2022,23,2022-11-09,15850.6,L,False
2022,24,2022-11-10,17573.2,H,False
2022,25,2022-11-21,15755.8,L,True
2023,1,2023-02-01,23740.0,H,False
2023,2,2023-02-10,21629.6,L,False
2023,3,2023-02-20,24835.6,H,False
2023,4,2023-03-10,20227.0,L,False
2023,5,2023-04-14,30493.7,H,False
2023,6,2023-04-21,27259.0,L,False
2023,7,2023-05-05,29515.0,H,False
2023,8,2023-06-14,25103.8,L,False
2023,9,2023-07-13,31471.5,H,False
2023,10,2023-09-11,25161.7,L,False
2024,1,2024-01-08,47000.3,H,False
2024,2,2024-01-22,39547.6,L,False
2024,3,2024-03-13,73098.5,H,False
2024,4,2024-03-19,61978.0,L,False
2024,5,2024-03-31,71213.1,H,False
2024,6,2024-04-02,65478.7,L,False
2024,7,2024-04-08,71607.9,H,False
2024,8,2024-04-17,61267.8,L,False
2024,9,2024-04-22,66828.8,H,False
2024,10,2024-05-01,58278.1,L,False
2024,11,2024-05-20,71466.2,H,False
2024,12,2024-07-07,55913.5,L,False
2024,13,2024-07-28,68274.6,H,False
2024,14,2024-08-05,54025.9,L,False
2024,15,2024-08-25,64286.9,H,False
2024,16,2024-09-06,53930.4,L,False
2024,17,2024-09-27,65859.0,H,False
2024,18,2024-10-09,60279.5,L,False
2024,19,2024-12-16,106137.0,H,False
2024,20,2024-12-29,92620.7,L,False
2025,1,2025-01-05,102279.4,H,False
2025,2,2025-01-08,92547.4,L,False
2025,3,2025-01-20,106159.3,H,False
2025,4,2025-02-25,84111.8,L,False
2025,5,2025-03-01,94265.5,H,False
2025,6,2025-03-09,78544.7,L,False
2025,7,2025-03-23,87523.6,H,False
2025,8,2025-04-07,76251.6,L,False
2025,9,2025-05-21,111722.5,H,False
2025,10,2025-06-04,101570.2,L,False
2025,11,2025-06-08,110301.1,H,False
2025,12,2025-06-21,100996.9,L,False
2025,13,2025-08-12,123365.6,H,False
2025,14,2025-08-30,108247.9,L,False
2025,15,2025-10-05,124720.1,H,True
2025,16,2025-11-21,84826.0,L,False
2025,17,2025-12-03,93150.0,H,False
2025,18,2025-12-18,85352.2,L,False
2026,1,2026-01-14,96852.9,H,False
2026,2,2026-02-05,63846.0,L,False
2026,3,2026-02-08,70477.9,H,False
2026,4,2026-02-24,64290.0,L,False
2026,5,2026-03-04,72776.7,H,False
2026,6,2026-03-08,66055.1,L,False
2026,7,2026-03-16,74758.5,H,False
2026,8,2026-03-29,65862.8,L,False
2026,9,2026-05-10,82103.8,H,False
2026,10,2026-05-31,73688.4,L,False
