series,date,rel_day,price,log_norm,rel_plot,log_plot
left,2020-11-08,-365.0,15487.88,-1.4722188412402837,-200.0,-0.40486018134107804
left,2020-11-09,-364.0,15334.37,-1.4821799095793327,-199.0,-0.4075994751343165
left,2020-11-10,-363.0,15325.25,-1.482774828907686,-198.0,-0.4077630779496137
left,2020-11-11,-362.0,15723.81,-1.4571004997633252,-197.0,-0.40070263743491447
left,2020-11-12,-361.0,16319.72,-1.41990243128457,-196.0,-0.3904731686032568
left,2020-11-13,-360.0,16339.59,-1.4186856264928185,-195.0,-0.3901385472855251
left,2020-11-14,-359.0,16093.3,-1.433873587502565,-194.0,-0.3943152365632054
left,2020-11-15,-358.0,15946.64,-1.4430284750785396,-193.0,-0.3968328306465984
left,2020-11-16,-357.0,16714.58,-1.3959952313855541,-192.0,-0.38389868863102744
left,2020-11-17,-356.0,17660.9,-1.3409234673059354,-191.0,-0.36875395350913226
left,2020-11-18,-355.0,17802.82,-1.3329197520945004,-190.0,-0.36655293182598764
left,2020-11-19,-354.0,17804.44,-1.3328287594148547,-189.0,-0.3665279088390851
left,2020-11-20,-353.0,18702.87,-1.2835996357904622,-188.0,-0.35298989984237716
left,2020-11-21,-352.0,18710.14,-1.283211000922992,-187.0,-0.3528830252538228
left,2020-11-22,-351.0,18477.48,-1.2957239305317967,-186.0,-0.3563240808962441
left,2020-11-23,-350.0,18391.21,-1.3004037907302763,-185.0,-0.35761104245082603
left,2020-11-24,-349.0,19185.07,-1.2581442514344785,-184.0,-0.3459896691444816
left,2020-11-25,-348.0,18706.15,-1.2834242770129047,-183.0,-0.3529416761785488
left,2020-11-26,-347.0,17173.0,-1.3689382408088802,-182.0,-0.37645801622244207
left,2020-11-27,-346.0,17156.99,-1.3698709530619664,-181.0,-0.37671451209204077
left,2020-11-28,-345.0,17718.3,-1.3376786200304813,-180.0,-0.3678616205083824
left,2020-11-29,-344.0,18238.52,-1.3087407828073534,-179.0,-0.3599037152720222
left,2020-11-30,-343.0,19727.0,-1.2302883680488736,-178.0,-0.3383293012134403
left,2020-12-01,-342.0,18763.35,-1.280371124745935,-177.0,-0.35210205930513216
left,2020-12-02,-341.0,19245.61,-1.2549936410326636,-176.0,-0.3451232512839825
left,2020-12-03,-340.0,19430.07,-1.2454547577514723,-175.0,-0.3425000583816549
left,2020-12-04,-339.0,18692.32,-1.2841638794955963,-174.0,-0.353145066861289
left,2020-12-05,-338.0,19156.82,-1.2596178358150063,-173.0,-0.3463949048491268
left,2020-12-06,-337.0,19397.08,-1.2471540845338294,-172.0,-0.3429673732468031
left,2020-12-07,-336.0,19202.88,-1.2572163560257446,-171.0,-0.3457344979070798
left,2020-12-08,-335.0,18311.76,-1.3047331474061215,-170.0,-0.35880161553668344
left,2020-12-09,-334.0,18550.01,-1.2918062956737486,-169.0,-0.3552467313102809
left,2020-12-10,-333.0,18286.8,-1.306097135708927,-168.0,-0.35917671231995496
left,2020-12-11,-332.0,18048.14,-1.3192339914328446,-167.0,-0.3627893476440323
left,2020-12-12,-331.0,18826.36,-1.2770186083782362,-166.0,-0.351180117304015
left,2020-12-13,-330.0,19133.04,-1.2608599402811684,-165.0,-0.34673648357732134
left,2020-12-14,-329.0,19288.43,-1.2527711895261497,-164.0,-0.34451207711969123
left,2020-12-15,-328.0,19451.34,-1.2443606615177316,-163.0,-0.3421991819173762
left,2020-12-16,-327.0,21384.63,-1.149604184128501,-162.0,-0.31614115063533776
left,2020-12-17,-326.0,22830.34,-1.0841862706947325,-161.0,-0.29815122444105147
left,2020-12-18,-325.0,23169.26,-1.0694502237270136,-160.0,-0.2940988115249288
left,2020-12-19,-324.0,23814.91,-1.0419647686957225,-159.0,-0.28654031139132374
left,2020-12-20,-323.0,23451.68,-1.0573344896934227,-158.0,-0.2907669846656913
left,2020-12-21,-322.0,22777.26,-1.0865139539741029,-157.0,-0.2987913373428783
left,2020-12-22,-321.0,23839.99,-1.0409122010766314,-156.0,-0.28625085529607364
left,2020-12-23,-320.0,23196.57,-1.0682722008960512,-155.0,-0.2937748552464141
left,2020-12-24,-319.0,23740.01,-1.0451148133991806,-154.0,-0.2874065736847747
left,2020-12-25,-318.0,24736.42,-1.0039999722483175,-153.0,-0.27609999236828736
left,2020-12-26,-317.0,26519.1,-0.9344113957203886,-152.0,-0.25696313382310687
left,2020-12-27,-316.0,26320.06,-0.9419452377208288,-151.0,-0.25903494037322794
left,2020-12-28,-315.0,27044.14,-0.9148062778465715,-150.0,-0.2515717264078072
left,2020-12-29,-314.0,27407.85,-0.9014471550984584,-149.0,-0.24789796765207608
left,2020-12-30,-313.0,28934.56,-0.8472398953977446,-148.0,-0.23299097123437978
left,2020-12-31,-312.0,29026.97,-0.8440512260061991,-147.0,-0.23211408715170476
left,2021-01-01,-311.0,29391.09,-0.8315850566227925,-146.0,-0.22868589057126795
left,2021-01-02,-310.0,32244.73,-0.7389220047745451,-145.0,-0.2032035513129999
left,2021-01-03,-309.0,33134.1,-0.7117136602508873,-144.0,-0.19572125656899403
left,2021-01-04,-308.0,32127.31,-0.7425701765655921,-143.0,-0.20420679855553783
left,2021-01-05,-307.0,34131.23,-0.682063822865715,-142.0,-0.18756755128807165
left,2021-01-06,-306.0,36979.81,-0.6019045357772108,-141.0,-0.16552374733873298
left,2021-01-07,-305.0,39573.39,-0.534119701119969,-140.0,-0.14688291780799148
left,2021-01-08,-304.0,40666.72,-0.5068665562709086,-139.0,-0.1393883029744999
left,2021-01-09,-303.0,40346.3,-0.5147769309447345,-138.0,-0.141563656009802
left,2021-01-10,-302.0,38242.02,-0.5683417127547749,-137.0,-0.1562939710075631
left,2021-01-11,-301.0,35474.31,-0.6434678512707837,-136.0,-0.17695365909946553
left,2021-01-12,-300.0,33968.43,-0.686845059956678,-135.0,-0.18888239148808647
left,2021-01-13,-299.0,37520.66,-0.5873849092089575,-134.0,-0.1615308500324633
left,2021-01-14,-298.0,39171.12,-0.5443368832304387,-133.0,-0.14969264288837067
left,2021-01-15,-297.0,36868.39,-0.6049220794558705,-132.0,-0.1663535718503644
left,2021-01-16,-296.0,35869.47,-0.6323901079540519,-131.0,-0.1739072796873643
left,2021-01-17,-295.0,35931.15,-0.6306720165177258,-130.0,-0.1734348045423746
left,2021-01-18,-294.0,36765.97,-0.6077039347215359,-129.0,-0.1671185820484224
left,2021-01-19,-293.0,35673.03,-0.6378816827152437,-128.0,-0.17541746274669204
left,2021-01-20,-292.0,35570.44,-0.640761667952051,-127.0,-0.17620945868681404
left,2021-01-21,-291.0,30647.26,-0.7897333618355752,-126.0,-0.2171766745047832
left,2021-01-22,-290.0,32885.51,-0.7192444885870051,-125.0,-0.1977922343614264
left,2021-01-23,-289.0,32021.33,-0.7458743805649921,-124.0,-0.20511545465537284
left,2021-01-24,-288.0,32250.01,-0.7387582704913526,-123.0,-0.20315852438512197
left,2021-01-25,-287.0,31979.0,-0.7471971864371642,-122.0,-0.20547922627022017
left,2021-01-26,-286.0,32579.82,-0.7285835455138469,-121.0,-0.2003604750163079
left,2021-01-27,-285.0,30552.06,-0.7928445100244325,-120.0,-0.21803224025671894
left,2021-01-28,-284.0,33484.8,-0.7011850192900815,-119.0,-0.19282588030477243
left,2021-01-29,-283.0,34330.14,-0.6762529382834883,-118.0,-0.1859695580279593
left,2021-01-30,-282.0,34229.25,-0.6791960821132847,-117.0,-0.18677892258115333
left,2021-01-31,-281.0,33076.09,-0.7134659589482195,-116.0,-0.1962031387107604
left,2021-02-01,-280.0,33457.6,-0.7019976582602072,-115.0,-0.193049356021557
left,2021-02-02,-279.0,35511.07,-0.6424321449524967,-114.0,-0.1766688398619366
left,2021-02-03,-278.0,37769.41,-0.5807771080713656,-113.0,-0.15971370471962557
left,2021-02-04,-277.0,37070.87,-0.5994451378108698,-112.0,-0.1648474128979892
left,2021-02-05,-276.0,38376.86,-0.564821950022456,-111.0,-0.15532603625617541
left,2021-02-06,-275.0,38995.52,-0.5488298560741006,-110.0,-0.15092821042037768
left,2021-02-07,-274.0,38888.74,-0.551571875242123,-109.0,-0.15168226569158386
left,2021-02-08,-273.0,46674.44,-0.3690799323123193,-108.0,-0.10149698138588781
left,2021-02-09,-272.0,46595.44,-0.37077394154428084,-107.0,-0.10196283392467724
left,2021-02-10,-271.0,44887.29,-0.4081219426319207,-106.0,-0.1122335342237782
left,2021-02-11,-270.0,48121.0,-0.3385579515401735,-105.0,-0.09310343667354772
left,2021-02-12,-269.0,47524.18,-0.35103798966176736,-104.0,-0.09653544715698603
left,2021-02-13,-268.0,47274.23,-0.35631129707720666,-103.0,-0.09798560669623184
left,2021-02-14,-267.0,48703.26,-0.3265306555107278,-102.0,-0.08979593026545016
left,2021-02-15,-266.0,47911.87,-0.3429133421598558,-101.0,-0.09430116909396036
left,2021-02-16,-265.0,49257.23,-0.31522046493641404,-100.0,-0.08668562785751387
left,2021-02-17,-264.0,52269.84,-0.2558570921197309,-99.0,-0.070360700332926
left,2021-02-18,-263.0,51644.16,-0.26789950336955753,-98.0,-0.07367236342662833
left,2021-02-19,-262.0,56029.51,-0.1863981075866624,-97.0,-0.05125947958633216
left,2021-02-20,-261.0,55960.05,-0.18763858051837018,-96.0,-0.0516006096425518
left,2021-02-21,-260.0,57538.47,-0.15982285623885206,-95.0,-0.043951285465684324
left,2021-02-22,-259.0,54130.33,-0.2208819665857924,-94.0,-0.06074254081109291
left,2021-02-23,-258.0,48972.11,-0.3210256714199676,-93.0,-0.08828205964049109
left,2021-02-24,-257.0,49789.99,-0.30446266400007704,-92.0,-0.0837272326000212
left,2021-02-25,-256.0,46927.73,-0.3636678650867766,-91.0,-0.10000866289886358
left,2021-02-26,-255.0,46360.17,-0.37583593839150675,-90.0,-0.10335488305766437
left,2021-02-27,-254.0,45973.56,-0.3842101751810549,-89.0,-0.1056577981747901
left,2021-02-28,-253.0,45352.29,-0.3978159523832223,-88.0,-0.10939938690538614
left,2021-03-01,-252.0,49652.19,-0.3072341255308571,-87.0,-0.08448938452098571
left,2021-03-02,-251.0,48368.22,-0.3334336373220543,-86.0,-0.09169425026356494
left,2021-03-03,-250.0,50164.67,-0.2969656297463038,-85.0,-0.08166554818023355
left,2021-03-04,-249.0,48327.39,-0.334278143136261,-84.0,-0.09192648936247177
left,2021-03-05,-248.0,48908.09,-0.32233380134061085,-83.0,-0.088641795368668
left,2021-03-06,-247.0,48986.85,-0.32072472906387783,-82.0,-0.08819930049256641
left,2021-03-07,-246.0,50858.34,-0.28323250296509106,-81.0,-0.07788893831540004
left,2021-03-08,-245.0,52472.59,-0.25198568579029806,-80.0,-0.06929606359233198
left,2021-03-09,-244.0,54999.99,-0.20494362039633277,-79.0,-0.05635949560899151
left,2021-03-10,-243.0,56046.27,-0.1860990242320799,-78.0,-0.05117723166382198
left,2021-03-11,-242.0,57911.02,-0.15336892918977443,-77.0,-0.042176455527187975
left,2021-03-12,-241.0,57174.89,-0.1661618078214075,-76.0,-0.04569449715088707
left,2021-03-13,-240.0,61130.22,-0.09927028088883061,-75.0,-0.02729932724442842
left,2021-03-14,-239.0,59192.98,-0.13147367003301852,-74.0,-0.03615525925908009
left,2021-03-15,-238.0,55430.19,-0.1971522326380591,-73.0,-0.05421686397546625
left,2021-03-16,-237.0,57126.52,-0.16700816663513304,-72.0,-0.04592724582466159
left,2021-03-17,-236.0,59221.23,-0.13099653134272202,-71.0,-0.03602404611924856
left,2021-03-18,-235.0,57562.46,-0.15940600469217234,-70.0,-0.043836651290347396
left,2021-03-19,-234.0,58001.29,-0.15181137213221138,-69.0,-0.04174812733635813
left,2021-03-20,-233.0,58051.01,-0.15095451702391902,-68.0,-0.04151249218157773
left,2021-03-21,-232.0,57402.03,-0.1621969552567831,-67.0,-0.04460416269561535
left,2021-03-22,-231.0,54230.21,-0.21903849056978061,-66.0,-0.060235584906689676
left,2021-03-23,-230.0,54268.81,-0.21832696337573773,-65.0,-0.06003991492832788
left,2021-03-24,-229.0,52294.65,-0.2553825524272296,-64.0,-0.07023020191748815
left,2021-03-25,-228.0,51386.2,-0.27290696988763435,-63.0,-0.07504941671909945
left,2021-03-26,-227.0,55314.11,-0.19924859412143472,-62.0,-0.05479336338339456
left,2021-03-27,-226.0,55932.18,-0.1881367384436587,-61.0,-0.051737603072006144
left,2021-03-28,-225.0,55821.59,-0.190115911693914,-60.0,-0.052281875715826355
left,2021-03-29,-224.0,57630.72,-0.15822086494710094,-59.0,-0.043510737860452765
left,2021-03-30,-223.0,58800.0,-0.1381347689060241,-58.0,-0.03798706144915663
left,2021-03-31,-222.0,58837.71,-0.13749364793738772,-57.0,-0.037810753182781626
left,2021-04-01,-221.0,58768.84,-0.1386648413423874,-56.0,-0.03813283136915654
left,2021-04-02,-220.0,59019.55,-0.13440787885893504,-55.0,-0.03696216668620714
left,2021-04-03,-219.0,56731.0,-0.1739558252698304,-54.0,-0.04783785194920336
left,2021-04-04,-218.0,58266.39,-0.14725119755230595,-53.0,-0.04049407932688414
left,2021-04-05,-217.0,59200.0,-0.1313550819206453,-52.0,-0.03612264752817746
left,2021-04-06,-216.0,58018.31,-0.15151797342850806,-51.0,-0.04166744269283972
left,2021-04-07,-215.0,55962.11,-0.18760176922022817,-50.0,-0.05159048653556275
left,2021-04-08,-214.0,58108.65,-0.14996208979520878,-49.0,-0.04123957469368242
left,2021-04-09,-213.0,58126.14,-0.1496611471921895,-48.0,-0.04115681547785212
left,2021-04-10,-212.0,60039.35,-0.11727644321986964,-47.0,-0.03225102188546416
left,2021-04-11,-211.0,60133.37,-0.11571169509427996,-46.0,-0.03182071615092699
left,2021-04-12,-210.0,59903.04,-0.11954936872491607,-45.0,-0.032876076399351924
left,2021-04-13,-209.0,63660.94,-0.058705436121596045,-44.0,-0.016143994933438915
left,2021-04-14,-208.0,63283.43,-0.06465309828034259,-43.0,-0.017779602027094214
left,2021-04-15,-207.0,63346.93,-0.06365017914905995,-42.0,-0.017503799265991486
left,2021-04-16,-206.0,61486.08,-0.09346581608064254,-41.0,-0.0257030994221767
left,2021-04-17,-205.0,60199.33,-0.11461540112587033,-40.0,-0.03151923530961435
left,2021-04-18,-204.0,56351.2,-0.18067308807685378,-39.0,-0.049685099221134794
left,2021-04-19,-203.0,55797.39,-0.19054952971083514,-38.0,-0.05240112067047967
left,2021-04-20,-202.0,56514.9,-0.17777230361121743,-37.0,-0.048887383493084795
left,2021-04-21,-201.0,53919.48,-0.2247848011699705,-36.0,-0.06181582032174189
left,2021-04-22,-200.0,51653.27,-0.26772311950359673,-35.0,-0.0736238578634891
left,2021-04-23,-199.0,51231.69,-0.27591833792029175,-34.0,-0.07587754292808023
left,2021-04-24,-198.0,50167.5,-0.2969092171320696,-33.0,-0.08165003471131914
left,2021-04-25,-197.0,49272.06,-0.3149194376964537,-32.0,-0.08660284536652478
left,2021-04-26,-196.0,53969.71,-0.22385366055005831,-31.0,-0.06155975665126604
left,2021-04-27,-195.0,55120.81,-0.2027493020027258,-30.0,-0.0557560580507496
left,2021-04-28,-194.0,54964.11,-0.20559619703313164,-29.0,-0.05653895418411121
left,2021-04-29,-193.0,53562.87,-0.23142051965849586,-28.0,-0.06364064290608637
left,2021-04-30,-192.0,57640.17,-0.15805690334289774,-27.0,-0.043465648419296884
left,2021-05-01,-191.0,57868.94,-0.15409582530984284,-26.0,-0.04237635196020678
left,2021-05-02,-190.0,56631.64,-0.1757087841889826,-25.0,-0.04831991565197021
left,2021-05-03,-189.0,57213.29,-0.1654904097548854,-24.0,-0.045509862682593494
left,2021-05-04,-188.0,53128.68,-0.23955972837688547,-23.0,-0.0658789253036435
left,2021-05-05,-187.0,57518.01,-0.16017850765832298,-22.0,-0.04404908960603882
left,2021-05-06,-186.0,56485.77,-0.17828787578694472,-21.0,-0.0490291658414098
left,2021-05-07,-185.0,57373.88,-0.16268747631759517,-20.0,-0.044739055987338676
left,2021-05-08,-184.0,59045.17,-0.13397387960154242,-19.0,-0.036842816890424165
left,2021-05-09,-183.0,58410.34,-0.14478369485425363,-18.0,-0.039815516084919754
left,2021-05-10,-182.0,55936.77,-0.1880546781400165,-17.0,-0.05171503648850454
left,2021-05-11,-181.0,56719.0,-0.17416737220759596,-16.0,-0.047896027357088894
left,2021-05-12,-180.0,49095.57,-0.31850781711314985,-15.0,-0.08758964970611621
left,2021-05-13,-179.0,49635.45,-0.30757132762688094,-14.0,-0.08458211509739226
left,2021-05-14,-178.0,49923.92,-0.3017763771913843,-13.0,-0.08298850372763068
left,2021-05-15,-177.0,46984.74,-0.36245375567184984,-12.0,-0.09967478280975871
left,2021-05-16,-176.0,46523.31,-0.37232314649873344,-11.0,-0.1023888652871517
left,2021-05-17,-175.0,43768.74,-0.43335675986245203,-10.0,-0.11917310896217431
left,2021-05-18,-174.0,42989.8,-0.4513137455579448,-9.0,-0.12411128002843483
left,2021-05-19,-173.0,37236.61,-0.5949842066946273,-8.0,-0.1636206568410225
left,2021-05-20,-172.0,40749.78,-0.5048261829113132,-7.0,-0.13882720030061113
left,2021-05-21,-171.0,37425.0,-0.5899376935049132,-6.0,-0.16223286571385115
left,2021-05-22,-170.0,37383.34,-0.5910514731799235,-5.0,-0.16253915512447897
left,2021-05-23,-169.0,34927.4,-0.6590050023457084,-4.0,-0.18122637564506983
left,2021-05-24,-168.0,38725.06,-0.5557896881221722,-3.0,-0.15284216423359737
left,2021-05-25,-167.0,38370.0,-0.5650007195517442,-2.0,-0.15537519787672968
left,2021-05-26,-166.0,39213.41,-0.5432578436775248,-1.0,-0.14939590701131933
left,2021-05-27,-165.0,38368.17,-0.5650484141996711,0.0,-0.15538831390490956
left,2021-05-28,-164.0,35770.0,-0.6351670705396789,1.0,-0.17467094439841171
left,2021-05-29,-163.0,34621.64,-0.6677977037229516,2.0,-0.1836443685238117
left,2021-05-30,-162.0,35545.27,-0.6414695284529445,3.0,-0.17640412032455974
left,2021-05-31,-161.0,37153.71,-0.5972129922225573,4.0,-0.16423357286120327
left,2021-06-01,-160.0,36764.58,-0.6077417421362817,5.0,-0.16712897908747748
left,2021-06-02,-159.0,37501.36,-0.5878994248251932,6.0,-0.16167234182692813
left,2021-06-03,-158.0,39215.09,-0.5432150021084461,7.0,-0.1493841255798227
left,2021-06-04,-157.0,36895.48,-0.6041875734919636,8.0,-0.16615158271029
left,2021-06-05,-156.0,35565.0,-0.6409146156251269,9.0,-0.1762515192969099
left,2021-06-06,-155.0,35873.42,-0.632279992512536,10.0,-0.1738769979409474
left,2021-06-07,-154.0,33816.09,-0.6913398990876285,11.0,-0.19011847224909786
left,2021-06-08,-153.0,33432.26,-0.7027553217150928,12.0,-0.19325771347165055
left,2021-06-09,-152.0,37357.02,-0.5917557780852782,13.0,-0.16273283897345153
left,2021-06-10,-151.0,36717.51,-0.6090228708150648,14.0,-0.16748128947414284
left,2021-06-11,-150.0,37282.15,-0.593761963982342,15.0,-0.16328454009514407
left,2021-06-12,-149.0,35609.66,-0.6396596744463091,16.0,-0.17590641047273503
left,2021-06-13,-148.0,39122.03,-0.5455908883747701,17.0,-0.1500374943030618
left,2021-06-14,-147.0,40496.92,-0.511050701972729,18.0,-0.14053894304250047
left,2021-06-15,-146.0,40093.93,-0.5210516725269867,19.0,-0.14328920994492136
left,2021-06-16,-145.0,38394.4,-0.5643650081849719,20.0,-0.1552003772508673
left,2021-06-17,-144.0,38027.63,-0.5739636230340275,21.0,-0.15783999633435758
left,2021-06-18,-143.0,35777.39,-0.6349604941704702,22.0,-0.17461413589687932
left,2021-06-19,-142.0,35498.24,-0.642793506023027,23.0,-0.17676821415633243
left,2021-06-20,-141.0,35565.82,-0.6408915595152708,24.0,-0.17624517886669946
left,2021-06-21,-140.0,31686.69,-0.7563799049160976,25.0,-0.20800447385192686
left,2021-06-22,-139.0,32508.26,-0.7307824129203772,26.0,-0.20096516355310373
left,2021-06-23,-138.0,33688.35,-0.6951245435487625,27.0,-0.1911592494759097
left,2021-06-24,-137.0,34695.34,-0.6656712398241584,28.0,-0.1830595909516436
left,2021-06-25,-136.0,31704.87,-0.7558063269666538,29.0,-0.20784673991582983
left,2021-06-26,-135.0,32265.95,-0.7382641291866475,30.0,-0.20302263552632807
left,2021-06-27,-134.0,34596.99,-0.6685099397507965,31.0,-0.18384023343146907
left,2021-06-28,-133.0,34541.8,-0.6701064389583294,32.0,-0.1842792707135406
left,2021-06-29,-132.0,35928.75,-0.6307388131595496,33.0,-0.17345317361887616
left,2021-06-30,-131.0,34995.83,-0.6570477122764085,34.0,-0.18068812087601235
left,2021-07-01,-130.0,33538.49,-0.6995828892996147,35.0,-0.19238529455739403
left,2021-07-02,-129.0,33832.49,-0.6908550404159081,36.0,-0.18998513611437473
left,2021-07-03,-128.0,34633.93,-0.6674427864179892,37.0,-0.18354676626494704
left,2021-07-04,-127.0,35126.9,-0.6533094050929531,38.0,-0.1796600864005621
left,2021-07-05,-126.0,33673.22,-0.6955737611146365,39.0,-0.19128278430652507
left,2021-07-06,-125.0,34193.9,-0.6802293582236407,40.0,-0.18706307351150123
left,2021-07-07,-124.0,33791.0,-0.692082128967715,41.0,-0.19032258546612166
left,2021-07-08,-123.0,32878.23,-0.7194658871884148,42.0,-0.19785311897681407
left,2021-07-09,-122.0,33766.87,-0.6927964795245374,43.0,-0.1905190318692478
left,2021-07-10,-121.0,33547.19,-0.6993235194892832,44.0,-0.19231396785955288
left,2021-07-11,-120.0,34236.21,-0.6789927679159079,45.0,-0.18672301117687468
left,2021-07-12,-119.0,33096.86,-0.7128382099758048,46.0,-0.19603050774334635
left,2021-07-13,-118.0,32768.54,-0.7228077150371606,47.0,-0.19877212163521918
left,2021-07-14,-117.0,32817.18,-0.7213244650578219,48.0,-0.19836422789090102
left,2021-07-15,-116.0,31891.09,-0.7499499633790333,49.0,-0.20623623992923418
left,2021-07-16,-115.0,31408.78,-0.7651891521477835,50.0,-0.21042701684064047
left,2021-07-17,-114.0,31503.78,-0.762169085178442,51.0,-0.20959649842407155
left,2021-07-18,-113.0,31753.02,-0.7542887848851091,52.0,-0.20742941584340502
left,2021-07-19,-112.0,30849.9,-0.783143114955548,53.0,-0.21536435661277573
left,2021-07-20,-111.0,29788.61,-0.8181505181270282,54.0,-0.22499139248493277
left,2021-07-21,-110.0,32086.04,-0.7438555792328692,55.0,-0.20456028428903902
left,2021-07-22,-109.0,32327.95,-0.7363444426824983,56.0,-0.20249472173768707
left,2021-07-23,-108.0,33700.0,-0.6947787864522893,57.0,-0.19106416627437958
left,2021-07-24,-107.0,34275.43,-0.6778478528537598,58.0,-0.18640815953478396
left,2021-07-25,-106.0,35368.57,-0.6464530511532398,59.0,-0.17777458906714097
left,2021-07-26,-105.0,37269.12,-0.5941115220819607,60.0,-0.16338066857253922
left,2021-07-27,-104.0,39381.82,-0.5389723353140897,61.0,-0.1482173922113747
left,2021-07-28,-103.0,40031.56,-0.5226084807935429,62.0,-0.14371733221822433
left,2021-07-29,-102.0,40024.94,-0.522773863992036,63.0,-0.1437628125978099
left,2021-07-30,-101.0,42188.95,-0.47011828539813405,64.0,-0.12928252848448687
left,2021-07-31,-100.0,41472.42,-0.4872479958172619,65.0,-0.13399319884974703
left,2021-08-01,-99.0,39816.76,-0.5279886946326241,66.0,-0.14519689102397165
left,2021-08-02,-98.0,39146.69,-0.5449607515636408,67.0,-0.14986420668000122
left,2021-08-03,-97.0,38207.27,-0.5692508121693881,68.0,-0.15654397334658174
left,2021-08-04,-96.0,39730.0,-0.5301700539840977,69.0,-0.14579676484562687
left,2021-08-05,-95.0,40893.75,-0.5012993841746936,70.0,-0.13785733064804073
left,2021-08-06,-94.0,42827.76,-0.45509013334087417,71.0,-0.1251497866687404
left,2021-08-07,-93.0,44488.87,-0.41703757828127375,72.0,-0.11468533402735029
left,2021-08-08,-92.0,43933.26,-0.4296049596074523,73.0,-0.11814136389204939
left,2021-08-09,-91.0,46208.5,-0.3791128599616679,74.0,-0.10425603648945868
left,2021-08-10,-90.0,45565.76,-0.3931200665327253,75.0,-0.10810801829649946
left,2021-08-11,-89.0,45482.95,-0.39493909335548605,76.0,-0.10860825067275867
left,2021-08-12,-88.0,44454.37,-0.4178133539721583,77.0,-0.11489867234234354
left,2021-08-13,-87.0,47765.41,-0.34597488643448604,78.0,-0.09514309376948367
left,2021-08-14,-86.0,47134.61,-0.3592690731030127,79.0,-0.0987989951033285
left,2021-08-15,-85.0,47090.0,-0.36021595955514213,80.0,-0.09905938887766409
left,2021-08-16,-84.0,45930.71,-0.3851426672862636,81.0,-0.1059142335037225
left,2021-08-17,-83.0,44718.51,-0.41188911394459293,82.0,-0.11326950633476307
left,2021-08-18,-82.0,44735.2,-0.41151596004871405,83.0,-0.11316688901339637
left,2021-08-19,-81.0,46736.74,-0.36774604467194694,84.0,-0.10113016228478541
left,2021-08-20,-80.0,49350.99,-0.3133187973420562,85.0,-0.08616266926906546
left,2021-08-21,-79.0,48896.95,-0.3225616014631439,86.0,-0.08870444040236458
left,2021-08-22,-78.0,49328.47,-0.31377522465511515,87.0,-0.08628818678015668
left,2021-08-23,-77.0,49464.66,-0.31101814860599464,88.0,-0.08552999086664853
left,2021-08-24,-76.0,47770.4,-0.3458704229876479,89.0,-0.09511436632160318
left,2021-08-25,-75.0,48985.05,-0.32076147429389185,90.0,-0.08820940543082026
left,2021-08-26,-74.0,46770.6,-0.3670218234187286,91.0,-0.10093100144015037
left,2021-08-27,-73.0,49082.04,-0.31878344003951053,92.0,-0.0876654460108654
left,2021-08-28,-72.0,48963.41,-0.32120333933908163,93.0,-0.08833091831824745
left,2021-08-29,-71.0,48770.78,-0.32514526077794853,94.0,-0.08941494671393585
left,2021-08-30,-70.0,46924.16,-0.36374394240395636,95.0,-0.10002958416108801
left,2021-08-31,-69.0,47065.73,-0.36073148846745606,96.0,-0.09920115932855042
left,2021-09-01,-68.0,48889.19,-0.3227203151625757,97.0,-0.08874808666970833
left,2021-09-02,-67.0,49273.33,-0.3148936627718209,98.0,-0.08659575726225076
left,2021-09-03,-66.0,49919.31,-0.301868721960344,99.0,-0.0830138985390946
left,2021-09-04,-65.0,49949.07,-0.30127273750799,100.0,-0.08285000281469726
left,2021-09-05,-64.0,51782.76,-0.26521934847436596,101.0,-0.07293532083045065
left,2021-09-06,-63.0,52691.2,-0.24782816512869021,102.0,-0.06815274541038982
left,2021-09-07,-62.0,46943.82,-0.36332505621321354,103.0,-0.09991439045863373
left,2021-09-08,-61.0,46022.48,-0.38314665104216683,104.0,-0.10536532903659589
left,2021-09-09,-60.0,46414.58,-0.3746629897985297,105.0,-0.10303232219459567
left,2021-09-10,-59.0,44897.75,-0.40788894167658735,106.0,-0.11216945896106154
left,2021-09-11,-58.0,45127.48,-0.402785250218967,107.0,-0.11076594381021593
left,2021-09-12,-57.0,46010.13,-0.3834150341744964,108.0,-0.10543913439798652
left,2021-09-13,-56.0,44969.02,-0.4063028155714269,109.0,-0.1117332742821424
left,2021-09-14,-55.0,47096.48,-0.3600783601882217,110.0,-0.09902154905176097
left,2021-09-15,-54.0,48106.71,-0.33885495538875393,111.0,-0.09318511273190734
left,2021-09-16,-53.0,47772.7,-0.3458222771770046,112.0,-0.09510112622367627
left,2021-09-17,-52.0,47337.8,-0.35496749313248066,113.0,-0.09761606061143219
left,2021-09-18,-51.0,48300.04,-0.33484423499507127,114.0,-0.0920821646236446
left,2021-09-19,-50.0,47270.75,-0.35638491283134976,115.0,-0.0980058510286212
left,2021-09-20,-49.0,42991.14,-0.4512825758591696,116.0,-0.12410270836127164
left,2021-09-21,-48.0,40656.13,-0.5071269996778935,117.0,-0.13945992491142073
left,2021-09-22,-47.0,43544.09,-0.4385026358059572,118.0,-0.12058822484663824
left,2021-09-23,-46.0,44892.71,-0.4080012030461202,119.0,-0.11220033083768306
left,2021-09-24,-45.0,42816.65,-0.4553495781794182,120.0,-0.12522113399934
left,2021-09-25,-44.0,42682.26,-0.45849324657653423,121.0,-0.12608564280854692
left,2021-09-26,-43.0,43142.04,-0.44777869606777154,122.0,-0.12313914141863719
left,2021-09-27,-42.0,42214.52,-0.4695123861197688,123.0,-0.12911590618293645
left,2021-09-28,-41.0,41006.19,-0.49855359289221185,124.0,-0.13710223804535826
left,2021-09-29,-40.0,41522.49,-0.4860414156529006,125.0,-0.13366138930454768
left,2021-09-30,-39.0,43834.03,-0.43186616745107503,126.0,-0.11876319604904564
left,2021-10-01,-38.0,48145.34,-0.3380522711430862,127.0,-0.09296437456434872
left,2021-10-02,-37.0,47692.85,-0.34749513232991186,128.0,-0.09556116139072576
left,2021-10-03,-36.0,48179.83,-0.33733615506514014,129.0,-0.09276744264291355
left,2021-10-04,-35.0,49248.68,-0.31539405858214514,130.0,-0.08673336611008992
left,2021-10-05,-34.0,51441.74,-0.2718267186368362,131.0,-0.07475234762512997
left,2021-10-06,-33.0,55278.64,-0.1998900466798749,132.0,-0.0549697628369656
left,2021-10-07,-32.0,53844.74,-0.22617190371631937,133.0,-0.06219727352198783
left,2021-10-08,-31.0,53983.21,-0.22360355151974448,134.0,-0.061490976667929735
left,2021-10-09,-30.0,54951.3,-0.20582928537002618,135.0,-0.056603053476757204
left,2021-10-10,-29.0,54655.3,-0.21123043310356496,136.0,-0.05808836910348037
left,2021-10-11,-28.0,57440.05,-0.16153482859747775,137.0,-0.04442207786430639
left,2021-10-12,-27.0,56019.29,-0.18658052810394316,138.0,-0.051309645228584375
left,2021-10-13,-26.0,57372.59,-0.16270996066940227,139.0,-0.04474523918408563
left,2021-10-14,-25.0,57327.09,-0.16350333694362815,140.0,-0.04496341765949775
left,2021-10-15,-24.0,61682.48,-0.09027668784113412,141.0,-0.024826089156311883
left,2021-10-16,-23.0,60880.85,-0.10335794846239414,142.0,-0.02842343582715839
left,2021-10-17,-22.0,61541.01,-0.09257284196168855,143.0,-0.025457531539464354
left,2021-10-18,-21.0,62036.95,-0.08454644854182641,144.0,-0.023250273349002266
left,2021-10-19,-20.0,64353.53,-0.04788483501816271,145.0,-0.013168329629994745
left,2021-10-20,-19.0,66005.17,-0.02254355151874175,146.0,-0.006199476667653981
left,2021-10-21,-18.0,62152.09,-0.08269217810072044,147.0,-0.02274034897769812
left,2021-10-22,-17.0,60671.75,-0.10679843770341563,148.0,-0.0293695703684393
left,2021-10-23,-16.0,61308.09,-0.09636481567737036,149.0,-0.02650032431127685
left,2021-10-24,-15.0,60889.41,-0.1032173558412714,150.0,-0.028384772856349636
left,2021-10-25,-14.0,63102.83,-0.0675110058238192,151.0,-0.018565526601550284
left,2021-10-26,-13.0,60341.21,-0.11226133724793555,152.0,-0.03087186774318228
left,2021-10-27,-12.0,58517.61,-0.14294888923089652,153.0,-0.039310944538496546
left,2021-10-28,-11.0,60577.62,-0.10835110587662841,154.0,-0.029796554116072814
left,2021-10-29,-10.0,62316.4,-0.08005199028379067,155.0,-0.02201429732804244
left,2021-10-30,-9.0,62062.88,-0.08412855916393842,156.0,-0.023135353770083068
left,2021-10-31,-8.0,61333.45,-0.09595125269762546,157.0,-0.026386594491847003
left,2021-11-01,-7.0,60950.0,-0.10222276788332474,158.0,-0.028111261167914306
left,2021-11-02,-6.0,63357.2,-0.0634880692001185,159.0,-0.01745921903003259
left,2021-11-03,-5.0,62944.4,-0.07002482676903934,160.0,-0.01925682736148582
left,2021-11-04,-4.0,61499.24,-0.09325180679806763,161.0,-0.0256442468694686
left,2021-11-05,-3.0,61000.01,-0.10140259570288127,162.0,-0.02788571381829235
left,2021-11-06,-2.0,61539.3,-0.09260062869703414,163.0,-0.02546517289168439
left,2021-11-07,-1.0,63433.66,-0.06228198842633989,164.0,-0.01712754681724347
left,2021-11-08,0.0,67510.06,0.0,165.0,0.0
right,2024-10-05,-365.0,62810.86,-0.6859439579058807,-365.0,-0.6859439579058807
right,2024-10-06,-364.0,62200.28,-0.6957124450229629,-364.0,-0.6957124450229629
right,2024-10-07,-363.0,62122.02,-0.6969714309062218,-363.0,-0.6969714309062218
right,2024-10-08,-362.0,60578.28,-0.7221355333783064,-362.0,-0.7221355333783064
right,2024-10-09,-361.0,60279.53,-0.727079369585361,-361.0,-0.727079369585361
right,2024-10-10,-360.0,62518.75,-0.6906054346143278,-360.0,-0.6906054346143278
right,2024-10-11,-359.0,63187.47,-0.6799659243625521,-359.0,-0.6799659243625521
right,2024-10-12,-358.0,62845.3,-0.6853957953508195,-358.0,-0.6853957953508195
right,2024-10-13,-357.0,66065.65,-0.6354230017527759,-357.0,-0.6354230017527759
right,2024-10-14,-356.0,67056.6,-0.6205349074778284,-356.0,-0.6205349074778284
right,2024-10-15,-355.0,67608.44,-0.6123391190391282,-355.0,-0.6123391190391282
right,2024-10-16,-354.0,67402.33,-0.6153923593120019,-354.0,-0.6153923593120019
right,2024-10-17,-353.0,68426.11,-0.6003174694294859,-353.0,-0.6003174694294859
right,2024-10-18,-352.0,68363.73,-0.6012295255342991,-352.0,-0.6012295255342991
right,2024-10-19,-351.0,69014.86,-0.5917501026367167,-351.0,-0.5917501026367167
right,2024-10-20,-350.0,67346.15,-0.6162262092115361,-350.0,-0.6162262092115361
right,2024-10-21,-349.0,67380.08,-0.6157225210920461,-349.0,-0.6157225210920461
right,2024-10-22,-348.0,66601.11,-0.6273507022915586,-348.0,-0.6273507022915586
right,2024-10-23,-347.0,68156.84,-0.6042604264216964,-347.0,-0.6042604264216964
right,2024-10-24,-346.0,66564.51,-0.6279003937347645,-346.0,-0.6279003937347645
right,2024-10-25,-345.0,67012.56,-0.621191881857082,-345.0,-0.621191881857082
right,2024-10-26,-344.0,67943.19,-0.6074000315415157,-344.0,-0.6074000315415157
right,2024-10-27,-343.0,69924.5,-0.5786558578216358,-343.0,-0.5786558578216358
right,2024-10-28,-342.0,72724.35,-0.5393956798036639,-342.0,-0.5393956798036639
right,2024-10-29,-341.0,72322.91,-0.5449309932594217,-341.0,-0.5449309932594217
right,2024-10-30,-340.0,70197.83,-0.5747545474926036,-340.0,-0.5747545474926036
right,2024-10-31,-339.0,69467.29,-0.5852159520662389,-339.0,-0.5852159520662389
right,2024-11-01,-338.0,69358.94,-0.5867768965937965,-338.0,-0.5867768965937965
right,2024-11-02,-337.0,68738.18,-0.595767151872916,-337.0,-0.595767151872916
right,2024-11-03,-336.0,67807.48,-0.6093994330208542,-336.0,-0.6093994330208542
right,2024-11-04,-335.0,69380.73,-0.586462783115234,-335.0,-0.586462783115234
right,2024-11-05,-334.0,75646.55,-0.5000001119300026,-334.0,-0.5000001119300026
right,2024-11-06,-333.0,75920.0,-0.49639179206400896,-333.0,-0.49639179206400896
right,2024-11-07,-332.0,76566.73,-0.48790929817321227,-332.0,-0.48790929817321227
right,2024-11-08,-331.0,76716.06,-0.48596087268796945,-331.0,-0.48596087268796945
right,2024-11-09,-330.0,80428.92,-0.4386981333652961,-330.0,-0.4386981333652961
right,2024-11-10,-329.0,88770.73,-0.3400149678203366,-329.0,-0.3400149678203366
right,2024-11-11,-328.0,88035.43,-0.34833259927823385,-328.0,-0.34833259927823385
right,2024-11-12,-327.0,90493.82,-0.32079038528430187,-327.0,-0.32079038528430187
right,2024-11-13,-326.0,87340.4,-0.35625881851568547,-326.0,-0.35625881851568547
right,2024-11-14,-325.0,91058.36,-0.31457132672445787,-325.0,-0.31457132672445787
right,2024-11-15,-324.0,90636.24,-0.31921781329542087,-324.0,-0.31921781329542087
right,2024-11-16,-323.0,89886.69,-0.3275220692417508,-323.0,-0.3275220692417508
right,2024-11-17,-322.0,90520.3,-0.3204978114211262,-322.0,-0.3204978114211262
right,2024-11-18,-321.0,92435.89,-0.2995566232201096,-321.0,-0.2995566232201096
right,2024-11-19,-320.0,94393.15,-0.278603439406411,-320.0,-0.278603439406411
right,2024-11-20,-319.0,98439.09,-0.2366339650952252,-319.0,-0.2366339650952252
right,2024-11-21,-318.0,99024.03,-0.23070939841186267,-318.0,-0.23070939841186267
right,2024-11-22,-317.0,97778.77,-0.2433644685538637,-317.0,-0.2433644685538637
right,2024-11-23,-316.0,98028.18,-0.24081695800957242,-316.0,-0.24081695800957242
right,2024-11-24,-315.0,93000.01,-0.29347234568554964,-315.0,-0.29347234568554964
right,2024-11-25,-314.0,91929.54,-0.30504953230978205,-314.0,-0.30504953230978205
right,2024-11-26,-313.0,95951.19,-0.26223232169601945,-313.0,-0.26223232169601945
right,2024-11-27,-312.0,95665.53,-0.2652139008778571,-312.0,-0.2652139008778571
right,2024-11-28,-311.0,97490.56,-0.2463163935621089,-311.0,-0.2463163935621089
right,2024-11-29,-310.0,96465.42,-0.25688734420947873,-310.0,-0.25688734420947873
right,2024-11-30,-309.0,97263.18,-0.2486514460577911,-309.0,-0.2486514460577911
right,2024-12-01,-308.0,95862.89,-0.2631530049559486,-308.0,-0.2631530049559486
right,2024-12-02,-307.0,95924.52,-0.26251031415448906,-307.0,-0.26251031415448906
right,2024-12-03,-306.0,98746.24,-0.2335186192587246,-306.0,-0.2335186192587246
right,2024-12-04,-305.0,97044.23,-0.2509050924078624,-305.0,-0.2509050924078624
right,2024-12-05,-304.0,99891.35,-0.22198885104659508,-304.0,-0.22198885104659508
right,2024-12-06,-303.0,99929.32,-0.22160881027847032,-303.0,-0.22160881027847032
right,2024-12-07,-302.0,101174.99,-0.209220354442403,-302.0,-0.209220354442403
right,2024-12-08,-301.0,97324.81,-0.2480180050930044,-301.0,-0.2480180050930044
right,2024-12-09,-300.0,96660.76,-0.25486441736843907,-300.0,-0.25486441736843907
right,2024-12-10,-299.0,101202.11,-0.20895233992729892,-299.0,-0.20895233992729892
right,2024-12-11,-298.0,100030.47,-0.22059710678920758,-298.0,-0.22059710678920758
right,2024-12-12,-297.0,101428.75,-0.20671536482380323,-297.0,-0.20671536482380323
right,2024-12-13,-296.0,101399.99,-0.20699895382793282,-296.0,-0.20699895382793282
right,2024-12-14,-295.0,104447.76,-0.17738490426085196,-295.0,-0.17738490426085196
right,2024-12-15,-294.0,106099.81,-0.16169169151077822,-294.0,-0.16169169151077822
right,2024-12-16,-293.0,106136.99,-0.1613413281394841,-293.0,-0.1613413281394841
right,2024-12-17,-292.0,100150.73,-0.219395595214019,-292.0,-0.219395595214019
right,2024-12-18,-291.0,97372.21,-0.24753109470334902,-291.0,-0.24753109470334902
right,2024-12-19,-290.0,97765.0,-0.24350530658744332,-290.0,-0.24350530658744332
right,2024-12-20,-289.0,97230.08,-0.24899181775313464,-289.0,-0.24899181775313464
right,2024-12-21,-288.0,95087.75,-0.27127179688836306,-288.0,-0.27127179688836306
right,2024-12-22,-287.0,94764.56,-0.2746764466626196,-287.0,-0.2746764466626196
right,2024-12-23,-286.0,98594.47,-0.23505677152262267,-286.0,-0.23505677152262267
right,2024-12-24,-285.0,99346.28,-0.22746042145085937,-285.0,-0.22746042145085937
right,2024-12-25,-284.0,95669.49,-0.2651725075145243,-284.0,-0.2651725075145243
right,2024-12-26,-283.0,94171.89,-0.2809502169590965,-283.0,-0.2809502169590965
right,2024-12-27,-282.0,95130.82,-0.2708189494010116,-282.0,-0.2708189494010116
right,2024-12-28,-281.0,93563.35,-0.28743319939076184,-281.0,-0.28743319939076184
right,2024-12-29,-280.0,92620.71,-0.29755917961151346,-280.0,-0.29755917961151346
right,2024-12-30,-279.0,93354.22,-0.2896708711865436,-279.0,-0.2896708711865436
right,2024-12-31,-278.0,94383.59,-0.27870472307099986,-278.0,-0.27870472307099986
right,2025-01-01,-277.0,96903.19,-0.2523595074741942,-277.0,-0.2523595074741942
right,2025-01-02,-276.0,98136.51,-0.2397124777790841,-276.0,-0.2397124777790841
right,2025-01-03,-275.0,98209.85,-0.23896543053653965,-275.0,-0.23896543053653965
right,2025-01-04,-274.0,98345.33,-0.23758688613536605,-274.0,-0.23758688613536605
right,2025-01-05,-273.0,102279.41,-0.1983635644380192,-273.0,-0.1983635644380192
right,2025-01-06,-272.0,96941.98,-0.25195929115188137,-272.0,-0.25195929115188137
right,2025-01-07,-271.0,95036.63,-0.2718095501342319,-271.0,-0.2718095501342319
right,2025-01-08,-270.0,92547.44,-0.29835056845267277,-270.0,-0.29835056845267277
right,2025-01-09,-269.0,94701.18,-0.275345485850012,-269.0,-0.275345485850012
right,2025-01-10,-268.0,94565.02,-0.27678430613054694,-268.0,-0.27678430613054694
right,2025-01-11,-267.0,94509.62,-0.2773703181053462,-267.0,-0.2773703181053462
right,2025-01-12,-266.0,94506.45,-0.2774038602269265,-266.0,-0.2774038602269265
right,2025-01-13,-265.0,96534.96,-0.2561667238354741,-265.0,-0.2561667238354741
right,2025-01-14,-264.0,100510.23,-0.2158124330021318,-264.0,-0.2158124330021318
right,2025-01-15,-263.0,99981.78,-0.22108397697802656,-263.0,-0.22108397697802656
right,2025-01-16,-262.0,104107.0,-0.18065272996992707,-262.0,-0.18065272996992707
right,2025-01-17,-261.0,104435.0,-0.17750707805840107,-261.0,-0.17750707805840107
right,2025-01-18,-260.0,101211.13,-0.208863215322545,-260.0,-0.208863215322545
right,2025-01-19,-259.0,102145.43,-0.19967436423303117,-259.0,-0.19967436423303117
right,2025-01-20,-258.0,106159.26,-0.1611315269764237,-258.0,-0.1611315269764237
right,2025-01-21,-257.0,103667.11,-0.18488704633637013,-257.0,-0.18488704633637013
right,2025-01-22,-256.0,103926.36,-0.18238937495225,-256.0,-0.18238937495225
right,2025-01-23,-255.0,104850.27,-0.17353861391377187,-255.0,-0.17353861391377187
right,2025-01-24,-254.0,104733.56,-0.17465234498800505,-254.0,-0.17465234498800505
right,2025-01-25,-253.0,102563.0,-0.1955947024510819,-253.0,-0.1955947024510819
right,2025-01-26,-252.0,102062.42,-0.20048735946874016,-252.0,-0.20048735946874016
right,2025-01-27,-251.0,101290.0,-0.2080842566669757,-251.0,-0.2080842566669757
right,2025-01-28,-250.0,103747.25,-0.18411429363026097,-250.0,-0.18411429363026097
right,2025-01-29,-249.0,104742.64,-0.1745656525617944,-249.0,-0.1745656525617944
right,2025-01-30,-248.0,102411.26,-0.1970752788680348,-248.0,-0.1970752788680348
right,2025-01-31,-247.0,100623.85,-0.2146826392636892,-247.0,-0.2146826392636892
right,2025-02-01,-246.0,97676.52,-0.24441074373349875,-246.0,-0.24441074373349875
right,2025-02-02,-245.0,101460.2,-0.20640534300889518,-245.0,-0.20640534300889518
right,2025-02-03,-244.0,97795.05,-0.24319798410274857,-244.0,-0.24319798410274857
right,2025-02-04,-243.0,96638.33,-0.25509649295762743,-243.0,-0.25509649295762743
right,2025-02-05,-242.0,96564.62,-0.25585952482206104,-242.0,-0.25585952482206104
right,2025-02-06,-241.0,96537.08,-0.25614476312070594,-241.0,-0.25614476312070594
right,2025-02-07,-240.0,96476.25,-0.25677508230139656,-240.0,-0.25677508230139656
right,2025-02-08,-239.0,96475.82,-0.25677953936682224,-239.0,-0.25677953936682224
right,2025-02-09,-238.0,97444.41,-0.24678988480754543,-238.0,-0.24678988480754543
right,2025-02-10,-237.0,95774.08,-0.26407986167214254,-237.0,-0.26407986167214254
right,2025-02-11,-236.0,97862.53,-0.24250820757913497,-236.0,-0.24250820757913497
right,2025-02-12,-235.0,96625.29,-0.25523143816893834,-235.0,-0.25523143816893834
right,2025-02-13,-234.0,97509.03,-0.2461269572658045,-234.0,-0.2461269572658045
right,2025-02-14,-233.0,97596.94,-0.24522580589714962,-233.0,-0.24522580589714962
right,2025-02-15,-232.0,96119.88,-0.26047578393764326,-232.0,-0.26047578393764326
right,2025-02-16,-231.0,95781.8,-0.2639992585603594,-231.0,-0.2639992585603594
right,2025-02-17,-230.0,95607.4,-0.2658217234462642,-230.0,-0.2658217234462642
right,2025-02-18,-229.0,96632.03,-0.2551616866065888,-229.0,-0.2551616866065888
right,2025-02-19,-228.0,98347.2,-0.2375678716867741,-228.0,-0.2375678716867741
right,2025-02-20,-227.0,96157.03,-0.2600893620790616,-227.0,-0.2600893620790616
right,2025-02-21,-226.0,96582.12,-0.25567831544676545,-226.0,-0.25567831544676545
right,2025-02-22,-225.0,96265.98,-0.2589569610045487,-225.0,-0.2589569610045487
right,2025-02-23,-224.0,91510.82,-0.3096147297092272,-224.0,-0.3096147297092272
right,2025-02-24,-223.0,88583.74,-0.3421236270414624,-223.0,-0.3421236270414624
right,2025-02-25,-222.0,84111.78,-0.39392531785221524,-222.0,-0.39392531785221524
right,2025-02-26,-221.0,84625.19,-0.3878399699363538,-221.0,-0.3878399699363538
right,2025-02-27,-220.0,84297.73,-0.39171700935981024,-220.0,-0.39171700935981024
right,2025-02-28,-219.0,86018.76,-0.37150653436625897,-219.0,-0.37150653436625897
right,2025-03-01,-218.0,94265.48,-0.27995688949230546,-218.0,-0.27995688949230546
right,2025-03-02,-217.0,86161.1,-0.3698531466538268,-217.0,-0.3698531466538268
right,2025-03-03,-216.0,87249.96,-0.357294843735972,-216.0,-0.357294843735972
right,2025-03-04,-215.0,90603.73,-0.31957656418628316,-215.0,-0.31957656418628316
right,2025-03-05,-214.0,89921.85,-0.32713098658852274,-214.0,-0.32713098658852274
right,2025-03-06,-213.0,86756.98,-0.3629610696804323,-213.0,-0.3629610696804323
right,2025-03-07,-212.0,86206.69,-0.3693241614987338,-212.0,-0.3693241614987338
right,2025-03-08,-211.0,80699.17,-0.4353436561488652,-211.0,-0.4353436561488652
right,2025-03-09,-210.0,78544.71,-0.46240392957159054,-210.0,-0.46240392957159054
right,2025-03-10,-209.0,82914.51,-0.4082618693836076,-209.0,-0.4082618693836076
right,2025-03-11,-208.0,83659.43,-0.3993177936667355,-208.0,-0.3993177936667355
right,2025-03-12,-207.0,81073.43,-0.43071665914549206,-207.0,-0.43071665914549206
right,2025-03-13,-206.0,83980.49,-0.39548743640410317,-206.0,-0.39548743640410317
right,2025-03-14,-205.0,84351.46,-0.39107982869125363,-205.0,-0.39107982869125363
right,2025-03-15,-204.0,82562.57,-0.41251551624095323,-204.0,-0.41251551624095323
right,2025-03-16,-203.0,84011.4,-0.39511944244500413,-203.0,-0.39511944244500413
right,2025-03-17,-202.0,82698.76,-0.4108673384024971,-202.0,-0.4108673384024971
right,2025-03-18,-201.0,86877.96,-0.3615675711187146,-201.0,-0.3615675711187146
right,2025-03-19,-200.0,84183.42,-0.3930739566211504,-200.0,-0.3930739566211504
right,2025-03-20,-199.0,84061.96,-0.39451780038197726,-199.0,-0.39451780038197726
right,2025-03-21,-198.0,83852.03,-0.39701824849089,-198.0,-0.39701824849089
right,2025-03-22,-197.0,86092.94,-0.37064453597110936,-197.0,-0.37064453597110936
right,2025-03-23,-196.0,87523.62,-0.3541632465729874,-196.0,-0.3541632465729874
right,2025-03-24,-195.0,87427.88,-0.355257721436673,-195.0,-0.355257721436673
right,2025-03-25,-194.0,86926.01,-0.3610146493272946,-194.0,-0.3610146493272946
right,2025-03-26,-193.0,87217.48,-0.3576671768243149,-193.0,-0.3576671768243149
right,2025-03-27,-192.0,84381.8,-0.3907202078278035,-192.0,-0.3907202078278035
right,2025-03-28,-191.0,82616.83,-0.41185853356694346,-191.0,-0.41185853356694346
right,2025-03-29,-190.0,82379.98,-0.4147295001351495,-190.0,-0.4147295001351495
right,2025-03-30,-189.0,82534.32,-0.4128577395290564,-189.0,-0.4128577395290564
right,2025-03-31,-188.0,85170.37,-0.3814183429694572,-188.0,-0.3814183429694572
right,2025-04-01,-187.0,82490.08,-0.4133939026789884,-187.0,-0.4133939026789884
right,2025-04-02,-186.0,83174.33,-0.40513317979866487,-186.0,-0.40513317979866487
right,2025-04-03,-185.0,83860.16,-0.39692129668307724,-185.0,-0.39692129668307724
right,2025-04-04,-184.0,83498.25,-0.4012462728123277,-184.0,-0.4012462728123277
right,2025-04-05,-183.0,78370.75,-0.46462117535818426,-183.0,-0.46462117535818426
right,2025-04-06,-182.0,79140.01,-0.45485338405005893,-182.0,-0.45485338405005893
right,2025-04-07,-181.0,76251.64,-0.49203302291273704,-181.0,-0.49203302291273704
right,2025-04-08,-180.0,82594.75,-0.4121258271807623,-180.0,-0.4121258271807623
right,2025-04-09,-179.0,79552.34,-0.44965677655253833,-179.0,-0.44965677655253833
right,2025-04-10,-178.0,83380.47,-0.40265783708554986,-178.0,-0.40265783708554986
right,2025-04-11,-177.0,85271.01,-0.38023740895336217,-177.0,-0.38023740895336217
right,2025-04-12,-176.0,83733.07,-0.3984379453491512,-176.0,-0.3984379453491512
right,2025-04-13,-175.0,84590.36,-0.3882516342366131,-175.0,-0.3882516342366131
right,2025-04-14,-174.0,83629.78,-0.39967226961064684,-174.0,-0.39967226961064684
right,2025-04-15,-173.0,84028.72,-0.3949133011965768,-173.0,-0.3949133011965768
right,2025-04-16,-172.0,84961.97,-0.3838682017585784,-172.0,-0.3838682017585784
right,2025-04-17,-171.0,84466.47,-0.38971729548411177,-171.0,-0.38971729548411177
right,2025-04-18,-170.0,85074.99,-0.38253884352206297,-170.0,-0.38253884352206297
right,2025-04-19,-169.0,85177.34,-0.3813365103460084,-169.0,-0.3813365103460084
right,2025-04-20,-168.0,87522.07,-0.35418095623496226,-168.0,-0.35418095623496226
right,2025-04-21,-167.0,93489.1,-0.28822709440683664,-167.0,-0.28822709440683664
right,2025-04-22,-166.0,93740.92,-0.2855371395390815,-166.0,-0.2855371395390815
right,2025-04-23,-165.0,94021.96,-0.28254357435860794,-165.0,-0.28254357435860794
right,2025-04-24,-164.0,94708.79,-0.2752651310513275,-164.0,-0.2752651310513275
right,2025-04-25,-163.0,94666.64,-0.27571027856276564,-163.0,-0.27571027856276564
right,2025-04-26,-162.0,93780.57,-0.2851142546676901,-162.0,-0.2851142546676901
right,2025-04-27,-161.0,95042.57,-0.27174704987116327,-161.0,-0.27174704987116327
right,2025-04-28,-160.0,94271.09,-0.27989737849131857,-160.0,-0.27989737849131857
right,2025-04-29,-159.0,94182.54,-0.28083713228132867,-159.0,-0.28083713228132867
right,2025-04-30,-158.0,96524.98,-0.2562701114156101,-158.0,-0.2562701114156101
right,2025-05-01,-157.0,96929.81,-0.2520848380405338,-157.0,-0.2520848380405338
right,2025-05-02,-156.0,95861.33,-0.26316927833027787,-156.0,-0.26316927833027787
right,2025-05-03,-155.0,94272.55,-0.27988189136059344,-155.0,-0.27988189136059344
right,2025-05-04,-154.0,94733.99,-0.2749990876566027,-154.0,-0.2749990876566027
right,2025-05-05,-153.0,96839.17,-0.25302038517105,-153.0,-0.25302038517105
right,2025-05-06,-152.0,97058.32,-0.2507599114195161,-152.0,-0.2507599114195161
right,2025-05-07,-151.0,103253.49,-0.18888491364301102,-151.0,-0.18888491364301102
right,2025-05-08,-150.0,102986.96,-0.19146956809249555,-150.0,-0.19146956809249555
right,2025-05-09,-149.0,104821.19,-0.1738160002608356,-149.0,-0.1738160002608356
right,2025-05-10,-148.0,104137.62,-0.18035865274266746,-148.0,-0.18035865274266746
right,2025-05-11,-147.0,102800.21,-0.19328455054514676,-147.0,-0.19328455054514676
right,2025-05-12,-146.0,104131.06,-0.18042164829247526,-146.0,-0.18042164829247526
right,2025-05-13,-145.0,103545.38,-0.1860619756468919,-145.0,-0.1860619756468919
right,2025-05-14,-144.0,103786.43,-0.18373671635735322,-144.0,-0.18373671635735322
right,2025-05-15,-143.0,103500.03,-0.18650004380522725,-143.0,-0.18650004380522725
right,2025-05-16,-142.0,103161.07,-0.1897803931690274,-142.0,-0.1897803931690274
right,2025-05-17,-141.0,106473.46,-0.1581761941500835,-141.0,-0.1581761941500835
right,2025-05-18,-140.0,105616.18,-0.16626036713348957,-140.0,-0.16626036713348957
right,2025-05-19,-139.0,106883.24,-0.15433492266555968,-139.0,-0.15433492266555968
right,2025-05-20,-138.0,109699.54,-0.12832677234761866,-138.0,-0.12832677234761866
right,2025-05-21,-137.0,111722.53,-0.11005355964465455,-137.0,-0.11005355964465455
right,2025-05-22,-136.0,107329.61,-0.15016737953206918,-136.0,-0.15016737953206918
right,2025-05-23,-135.0,107794.01,-0.1458498552973332,-135.0,-0.1458498552973332
right,2025-05-24,-134.0,109048.68,-0.13427755833050622,-134.0,-0.13427755833050622
right,2025-05-25,-133.0,109464.32,-0.13047329495691953,-133.0,-0.13047329495691953
right,2025-05-26,-132.0,108978.46,-0.13492169834379017,-132.0,-0.13492169834379017
right,2025-05-27,-131.0,107819.29,-0.14561536141299636,-131.0,-0.14561536141299636
right,2025-05-28,-130.0,105572.58,-0.16667326790168796,-130.0,-0.16667326790168796
right,2025-05-29,-129.0,104033.26,-0.18136129065958084,-129.0,-0.18136129065958084
right,2025-05-30,-128.0,104645.87,-0.17548996313537493,-128.0,-0.17548996313537493
right,2025-05-31,-127.0,105697.94,-0.1654865427995562,-127.0,-0.1654865427995562
right,2025-06-01,-126.0,105904.94,-0.16353004706536922,-126.0,-0.16353004706536922
right,2025-06-02,-125.0,105447.82,-0.1678557129594774,-125.0,-0.1678557129594774
right,2025-06-03,-124.0,104753.38,-0.17446312078090997,-124.0,-0.17446312078090997
right,2025-06-04,-123.0,101570.2,-0.2053217613308506,-123.0,-0.2053217613308506
right,2025-06-05,-122.0,104397.99,-0.17786152397604527,-122.0,-0.17786152397604527
right,2025-06-06,-121.0,105619.02,-0.1662334776756702,-121.0,-0.1662334776756702
right,2025-06-07,-120.0,105784.4,-0.16466888582813258,-120.0,-0.16466888582813258
right,2025-06-08,-119.0,110301.15,-0.12285759404996881,-119.0,-0.12285759404996881
right,2025-06-09,-118.0,110300.24,-0.12286584422463902,-118.0,-0.12286584422463902
right,2025-06-10,-117.0,108669.37,-0.13776197667590495,-117.0,-0.13776197667590495
right,2025-06-11,-116.0,105721.05,-0.1652679247833407,-116.0,-0.1652679247833407
right,2025-06-12,-115.0,106118.7,-0.1615136674538767,-115.0,-0.1615136674538767
right,2025-06-13,-114.0,105465.42,-0.16768881969055932,-114.0,-0.16768881969055932
right,2025-06-14,-113.0,105599.25,-0.16642067739146893,-113.0,-0.16642067739146893
right,2025-06-15,-112.0,106853.38,-0.15461433197028487,-112.0,-0.15461433197028487
right,2025-06-16,-111.0,104590.44,-0.17601979470520798,-111.0,-0.17601979470520798
right,2025-06-17,-110.0,104915.6,-0.1729157289600636,-110.0,-0.1729157289600636
right,2025-06-18,-109.0,104671.9,-0.17524125037549612,-109.0,-0.17524125037549612
right,2025-06-19,-108.0,103317.8,-0.18826227143481586,-108.0,-0.18826227143481586
right,2025-06-20,-107.0,102160.03,-0.19953144098443215,-107.0,-0.19953144098443215
right,2025-06-21,-106.0,100996.87,-0.21098242010363497,-106.0,-0.21098242010363497
right,2025-06-22,-105.0,105419.39,-0.16812536133365816,-105.0,-0.16812536133365816
right,2025-06-23,-104.0,106141.0,-0.16130354749156603,-104.0,-0.16130354749156603
right,2025-06-24,-103.0,107400.22,-0.14950971587588296,-103.0,-0.14950971587588296
right,2025-06-25,-102.0,107029.64,-0.15296614091798588,-102.0,-0.15296614091798588
right,2025-06-26,-101.0,107113.38,-0.1521840467430886,-101.0,-0.1521840467430886
right,2025-06-27,-100.0,107352.2,-0.14995692853872816,-100.0,-0.14995692853872816
right,2025-06-28,-99.0,108386.44,-0.14036895743574626,-99.0,-0.14036895743574626
right,2025-06-29,-98.0,107173.21,-0.15162563567728463,-98.0,-0.15162563567728463
right,2025-06-30,-97.0,105711.78,-0.16535561220639552,-97.0,-0.16535561220639552
right,2025-07-01,-96.0,108888.32,-0.13574917654072677,-96.0,-0.13574917654072677
right,2025-07-02,-95.0,109628.83,-0.12897155899742413,-95.0,-0.12897155899742413
right,2025-07-03,-94.0,108028.6,-0.14367593948390103,-94.0,-0.14367593948390103
right,2025-07-04,-93.0,108246.65,-0.14165952684416402,-93.0,-0.14165952684416402
right,2025-07-05,-92.0,109217.98,-0.1327262445938801,-92.0,-0.1327262445938801
right,2025-07-06,-91.0,108269.84,-0.14144531683098052,-91.0,-0.14144531683098052
right,2025-07-07,-90.0,108958.04,-0.13510909237883953,-90.0,-0.13510909237883953
right,2025-07-08,-89.0,111282.85,-0.11399678800728,-89.0,-0.11399678800728
right,2025-07-09,-88.0,116031.3,-0.07221196407002599,-88.0,-0.07221196407002599
right,2025-07-10,-87.0,117582.16,-0.05893462308913899,-87.0,-0.05893462308913899
right,2025-07-11,-86.0,117472.65,-0.059866405833114616,-86.0,-0.059866405833114616
right,2025-07-12,-85.0,119130.81,-0.0458498132826389,-85.0,-0.0458498132826389
right,2025-07-13,-84.0,119863.71,-0.03971659903642826,-84.0,-0.03971659903642826
right,2025-07-14,-83.0,117781.64,-0.05723954468061858,-83.0,-0.05723954468061858
right,2025-07-15,-82.0,118681.68,-0.04962699533041041,-82.0,-0.04962699533041041
right,2025-07-16,-81.0,119273.69,-0.04465117804625168,-81.0,-0.04465117804625168
right,2025-07-17,-80.0,118023.05,-0.05519200199314085,-80.0,-0.05519200199314085
right,2025-07-18,-79.0,117914.17,-0.05611495944537432,-79.0,-0.05611495944537432
right,2025-07-19,-78.0,117312.7,-0.06122892717224523,-78.0,-0.06122892717224523
right,2025-07-20,-77.0,117428.79,-0.060239839052678545,-77.0,-0.060239839052678545
right,2025-07-21,-76.0,120026.42,-0.03836006115009256,-76.0,-0.03836006115009256
right,2025-07-22,-75.0,118810.44,-0.0485426645103726,-75.0,-0.0485426645103726
right,2025-07-23,-74.0,118397.04,-0.05202822422828139,-74.0,-0.05202822422828139
right,2025-07-24,-73.0,117633.27,-0.05850004274885785,-73.0,-0.05850004274885785
right,2025-07-25,-72.0,117969.63,-0.05564472790745663,-72.0,-0.05564472790745663
right,2025-07-26,-71.0,119465.52,-0.04304415219336464,-71.0,-0.04304415219336464
right,2025-07-27,-70.0,118070.59,-0.054789280423491495,-70.0,-0.054789280423491495
right,2025-07-28,-69.0,117933.39,-0.05595197281076552,-69.0,-0.05595197281076552
right,2025-07-29,-68.0,117830.15,-0.05682776562078926,-68.0,-0.05682776562078926
right,2025-07-30,-67.0,115761.13,-0.0745431025144231,-67.0,-0.0745431025144231
right,2025-07-31,-66.0,113248.73,-0.09648539619345223,-66.0,-0.09648539619345223
right,2025-08-01,-65.0,112542.74,-0.10273888575804903,-65.0,-0.10273888575804903
right,2025-08-02,-64.0,114215.73,-0.08798291782356127,-64.0,-0.08798291782356127
right,2025-08-03,-63.0,115051.85,-0.08068905004835523,-63.0,-0.08068905004835523
right,2025-08-04,-62.0,114112.95,-0.08888319900542571,-62.0,-0.08888319900542571
right,2025-08-05,-61.0,115028.83,-0.0808891537691616,-61.0,-0.0808891537691616
right,2025-08-06,-60.0,117515.49,-0.05950179168301646,-60.0,-0.05950179168301646
right,2025-08-07,-59.0,116683.79,-0.06660431989163279,-59.0,-0.06660431989163279
right,2025-08-08,-58.0,116492.51,-0.06824496727222905,-58.0,-0.06824496727222905
right,2025-08-09,-57.0,119309.37,-0.044352078853995676,-57.0,-0.044352078853995676
right,2025-08-10,-56.0,118701.84,-0.049457143606512544,-56.0,-0.049457143606512544
right,2025-08-11,-55.0,120113.18,-0.03763748141917831,-55.0,-0.03763748141917831
right,2025-08-12,-54.0,123365.63,-0.010919398811275346,-54.0,-0.010919398811275346
right,2025-08-13,-53.0,118389.79,-0.0520894607421725,-53.0,-0.0520894607421725
right,2025-08-14,-52.0,117436.96,-0.0601702673930959,-52.0,-0.0601702673930959
right,2025-08-15,-51.0,117455.68,-0.06001087542543256,-51.0,-0.06001087542543256
right,2025-08-16,-50.0,117488.6,-0.05973063876493198,-50.0,-0.05973063876493198
right,2025-08-17,-49.0,116286.76,-0.0700127368298954,-49.0,-0.0700127368298954
right,2025-08-18,-48.0,112856.19,-0.09995759303354487,-48.0,-0.09995759303354487
right,2025-08-19,-47.0,114276.0,-0.08745537136577225,-47.0,-0.08745537136577225
right,2025-08-20,-46.0,112480.3,-0.10329385116605848,-46.0,-0.10329385116605848
right,2025-08-21,-45.0,116908.68,-0.06467882914715879,-45.0,-0.06467882914715879
right,2025-08-22,-44.0,115383.87,-0.07780737675778265,-44.0,-0.07780737675778265
right,2025-08-23,-43.0,113478.0,-0.09446296083130917,-43.0,-0.09446296083130917
right,2025-08-24,-42.0,110127.74,-0.12443098160160718,-42.0,-0.12443098160160718
right,2025-08-25,-41.0,111788.01,-0.10946763647634843,-41.0,-0.10946763647634843
right,2025-08-26,-40.0,111253.21,-0.11426317180301426,-40.0,-0.11426317180301426
right,2025-08-27,-39.0,112574.85,-0.10245361262397047,-39.0,-0.10245361262397047
right,2025-08-28,-38.0,108378.32,-0.14044387736280267,-38.0,-0.14044387736280267
right,2025-08-29,-37.0,108827.93,-0.1363039353292766,-37.0,-0.1363039353292766
right,2025-08-30,-36.0,108247.95,-0.14164751730674346,-36.0,-0.14164751730674346
right,2025-08-31,-35.0,109240.55,-0.13251961498705891,-35.0,-0.13251961498705891
right,2025-09-01,-34.0,111247.94,-0.11431054234470352,-34.0,-0.11431054234470352
right,2025-09-02,-33.0,111756.41,-0.10975035433806446,-33.0,-0.10975035433806446
right,2025-09-03,-32.0,110720.79,-0.11906031940616997,-32.0,-0.11906031940616997
right,2025-09-04,-31.0,110670.02,-0.1195189653715556,-31.0,-0.1195189653715556
right,2025-09-05,-30.0,110212.6,-0.12366071861485073,-30.0,-0.12366071861485073
right,2025-09-06,-29.0,111129.61,-0.11537476857768572,-29.0,-0.11537476857768572
right,2025-09-07,-28.0,112072.57,-0.10692533846866986,-28.0,-0.10692533846866986
right,2025-09-08,-27.0,111549.32,-0.11160512142683164,-27.0,-0.11160512142683164
right,2025-09-09,-26.0,113983.97,-0.09001412189335405,-26.0,-0.09001412189335405
right,2025-09-10,-25.0,115540.0,-0.07645515601256198,-25.0,-0.07645515601256198
right,2025-09-11,-24.0,116106.03,-0.07156812102606996,-24.0,-0.07156812102606996
right,2025-09-12,-23.0,115968.35,-0.07275463731582495,-23.0,-0.07275463731582495
right,2025-09-13,-22.0,115314.13,-0.07841197672938541,-22.0,-0.07841197672938541
right,2025-09-14,-21.0,115381.08,-0.07783155720633114,-21.0,-0.07783155720633114
right,2025-09-15,-20.0,116832.56,-0.06533014769660207,-20.0,-0.06533014769660207
right,2025-09-16,-19.0,116484.4,-0.0683145879054779,-19.0,-0.0683145879054779
right,2025-09-17,-18.0,117117.99,-0.06289005818519271,-18.0,-0.06289005818519271
right,2025-09-18,-17.0,115690.55,-0.07515299225199401,-17.0,-0.07515299225199401
right,2025-09-19,-16.0,115752.4,-0.07461851927303881,-16.0,-0.07461851927303881
right,2025-09-20,-15.0,115282.27,-0.0786883036816078,-15.0,-0.0786883036816078
right,2025-09-21,-14.0,112736.59,-0.10101791075475268,-14.0,-0.10101791075475268
right,2025-09-22,-13.0,112017.21,-0.1074194261608995,-13.0,-0.1074194261608995
right,2025-09-23,-12.0,113348.17,-0.09560771422707552,-12.0,-0.09560771422707552
right,2025-09-24,-11.0,109035.72,-0.1343964113985409,-11.0,-0.1343964113985409
right,2025-09-25,-10.0,109697.29,-0.1283472831271051,-10.0,-0.1283472831271051
right,2025-09-26,-9.0,109681.16,-0.1284943349458144,-9.0,-0.1284943349458144
right,2025-09-27,-8.0,112197.67,-0.1058097199811256,-8.0,-0.1058097199811256
right,2025-09-28,-7.0,114365.07,-0.08667624621117304,-7.0,-0.08667624621117304
right,2025-09-29,-6.0,114067.71,-0.08927972691969127,-6.0,-0.08927972691969127
right,2025-09-30,-5.0,118659.97,-0.04980993835840859,-5.0,-0.04980993835840859
right,2025-10-01,-4.0,120621.32,-0.033415894943923725,-4.0,-0.033415894943923725
right,2025-10-02,-3.0,122318.4,-0.019444465275159487,-3.0,-0.019444465275159487
right,2025-10-03,-2.0,122458.56,-0.018299259326705165,-2.0,-0.018299259326705165
right,2025-10-04,-1.0,123520.79,-0.009662464384279437,-1.0,-0.009662464384279437
right,2025-10-05,0.0,124720.09,0.0,0.0,0.0
