case_id,name,pair,anchor_type,left_anchor,right_anchor,pre_days,post_days,default_amp,default_time,default_shift,left_coverage,right_coverage
case01_peak_pre_1y_2021_to_2025,Peak pre 1y: 2021 -> 2025,2021->2025,peak,2021-11-08,2025-10-05,365,0,0.5,1.0,0,1.0,1.0
case02_peak_pre_6m_2021_to_2025,Peak pre 6m: 2021 -> 2025,2021->2025,peak,2021-11-08,2025-10-05,183,0,0.5,1.0,0,1.0,1.0
case03_peak_post_6m_2021_to_2025,Peak post 6m: 2021 -> 2025,2021->2025,peak,2021-11-08,2025-10-05,0,183,0.5,1.0,0,1.0,1.0
case04_peak_pm_6m_2021_to_2025,Peak +/- 6m: 2021 -> 2025,2021->2025,peak,2021-11-08,2025-10-05,183,183,0.5,1.0,0,1.0,1.0
case05_peak_post_1y_2021_to_2025,Peak post 1y: 2021 -> 2025,2021->2025,peak,2021-11-08,2025-10-05,0,365,0.5,1.0,0,1.0,0.6667
case06_peak_pm_1y_2021_to_2025,Peak +/- 1y: 2021 -> 2025,2021->2025,peak,2021-11-08,2025-10-05,365,365,0.5,1.0,0,1.0,0.8331
case07_peak_pre_2y_2021_to_2025,Peak pre 2y: 2021 -> 2025,2021->2025,peak,2021-11-08,2025-10-05,730,0,0.5,1.0,0,1.0,1.0
case08_peak_pre_3y_2021_to_2025,Peak pre 3y: 2021 -> 2025,2021->2025,peak,2021-11-08,2025-10-05,1095,0,0.5,1.0,0,1.0,1.0
case09_bottom_pre_6m_2021_to_2025,Bottom pre 6m: 2021 -> 2025,2021->2025,bottom,2022-11-21,2026-02-05,183,0,0.5,1.0,0,1.0,1.0
case10_bottom_post_6m_2021_to_2025,Bottom post 6m: 2021 -> 2025,2021->2025,bottom,2022-11-21,2026-02-05,0,183,0.5,1.0,0,1.0,0.6576
case11_bottom_pm_6m_2021_to_2025,Bottom +/- 6m: 2021 -> 2025,2021->2025,bottom,2022-11-21,2026-02-05,183,183,0.5,1.0,0,1.0,0.8283
case12_bottom_pre_1y_2021_to_2025,Bottom pre 1y: 2021 -> 2025,2021->2025,bottom,2022-11-21,2026-02-05,365,0,0.5,1.0,0,1.0,1.0
case13_bottom_post_1y_2021_to_2025,Bottom post 1y: 2021 -> 2025,2021->2025,bottom,2022-11-21,2026-02-05,0,365,0.5,1.0,0,1.0,0.3306
case14_bottom_pm_1y_2021_to_2025,Bottom +/- 1y: 2021 -> 2025,2021->2025,bottom,2022-11-21,2026-02-05,365,365,0.5,1.0,0,1.0,0.6648
case15_bottom_pre_2y_2021_to_2025,Bottom pre 2y: 2021 -> 2025,2021->2025,bottom,2022-11-21,2026-02-05,730,0,0.5,1.0,0,1.0,1.0
case16_bottom_pre_3y_2021_to_2025,Bottom pre 3y: 2021 -> 2025,2021->2025,bottom,2022-11-21,2026-02-05,1095,0,0.5,1.0,0,1.0,1.0
case17_peak_pre_6m_2017_to_2021,Peak pre 6m: 2017 -> 2021,2017->2021,peak,2017-12-16,2021-11-08,183,0,0.6,1.0,0,1.0,1.0
case18_peak_post_6m_2017_to_2021,Peak post 6m: 2017 -> 2021,2017->2021,peak,2017-12-16,2021-11-08,0,183,0.6,1.0,0,1.0,1.0
case19_peak_pm_6m_2017_to_2021,Peak +/- 6m: 2017 -> 2021,2017->2021,peak,2017-12-16,2021-11-08,183,183,0.6,1.0,0,1.0,1.0
case20_peak_pre_1y_2017_to_2021,Peak pre 1y: 2017 -> 2021,2017->2021,peak,2017-12-16,2021-11-08,365,0,0.6,1.0,0,1.0,1.0
case21_peak_post_1y_2017_to_2021,Peak post 1y: 2017 -> 2021,2017->2021,peak,2017-12-16,2021-11-08,0,365,0.6,1.0,0,1.0,1.0
case22_peak_pm_1y_2017_to_2021,Peak +/- 1y: 2017 -> 2021,2017->2021,peak,2017-12-16,2021-11-08,365,365,0.6,1.0,0,1.0,1.0
case23_peak_pre_2y_2017_to_2021,Peak pre 2y: 2017 -> 2021,2017->2021,peak,2017-12-16,2021-11-08,730,0,0.6,1.0,0,1.0,1.0
case24_peak_pre_3y_2017_to_2021,Peak pre 3y: 2017 -> 2021,2017->2021,peak,2017-12-16,2021-11-08,1095,0,0.6,1.0,0,1.0,1.0
case25_bottom_pre_6m_2017_to_2021,Bottom pre 6m: 2017 -> 2021,2017->2021,bottom,2018-12-15,2022-11-21,183,0,0.6,1.0,0,1.0,1.0
case26_bottom_post_6m_2017_to_2021,Bottom post 6m: 2017 -> 2021,2017->2021,bottom,2018-12-15,2022-11-21,0,183,0.6,1.0,0,1.0,1.0
case27_bottom_pm_6m_2017_to_2021,Bottom +/- 6m: 2017 -> 2021,2017->2021,bottom,2018-12-15,2022-11-21,183,183,0.6,1.0,0,1.0,1.0
case28_bottom_pre_1y_2017_to_2021,Bottom pre 1y: 2017 -> 2021,2017->2021,bottom,2018-12-15,2022-11-21,365,0,0.6,1.0,0,1.0,1.0
case29_bottom_post_1y_2017_to_2021,Bottom post 1y: 2017 -> 2021,2017->2021,bottom,2018-12-15,2022-11-21,0,365,0.6,1.0,0,1.0,1.0
case30_bottom_pm_1y_2017_to_2021,Bottom +/- 1y: 2017 -> 2021,2017->2021,bottom,2018-12-15,2022-11-21,365,365,0.6,1.0,0,1.0,1.0
case31_bottom_pre_2y_2017_to_2021,Bottom pre 2y: 2017 -> 2021,2017->2021,bottom,2018-12-15,2022-11-21,730,0,0.6,1.0,0,1.0,1.0
case32_bottom_pre_3y_2017_to_2021,Bottom pre 3y: 2017 -> 2021,2017->2021,bottom,2018-12-15,2022-11-21,1095,0,0.6,1.0,0,1.0,1.0
case33_peak_pre_6m_2013_to_2017,Peak pre 6m: 2013 -> 2017,2013->2017,peak,2013-11-30,2017-12-16,183,0,0.6,1.0,0,0.0,1.0
case34_peak_post_6m_2013_to_2017,Peak post 6m: 2013 -> 2017,2013->2017,peak,2013-11-30,2017-12-16,0,183,0.6,1.0,0,0.0,1.0
case35_peak_pm_6m_2013_to_2017,Peak +/- 6m: 2013 -> 2017,2013->2017,peak,2013-11-30,2017-12-16,183,183,0.6,1.0,0,0.0,1.0
case36_peak_pre_1y_2013_to_2017,Peak pre 1y: 2013 -> 2017,2013->2017,peak,2013-11-30,2017-12-16,365,0,0.6,1.0,0,0.0,1.0
case37_peak_post_1y_2013_to_2017,Peak post 1y: 2013 -> 2017,2013->2017,peak,2013-11-30,2017-12-16,0,365,0.6,1.0,0,0.0,1.0
case38_peak_pm_1y_2013_to_2017,Peak +/- 1y: 2013 -> 2017,2013->2017,peak,2013-11-30,2017-12-16,365,365,0.6,1.0,0,0.0,1.0
case39_peak_pre_2y_2013_to_2017,Peak pre 2y: 2013 -> 2017,2013->2017,peak,2013-11-30,2017-12-16,730,0,0.6,1.0,0,0.0,1.0
case40_peak_pre_3y_2013_to_2017,Peak pre 3y: 2013 -> 2017,2013->2017,peak,2013-11-30,2017-12-16,1095,0,0.6,1.0,0,0.0,1.0
case41_bottom_pre_6m_2013_to_2017,Bottom pre 6m: 2013 -> 2017,2013->2017,bottom,2015-01-14,2018-12-15,183,0,0.6,1.0,0,0.2446,1.0
case42_bottom_post_6m_2013_to_2017,Bottom post 6m: 2013 -> 2017,2013->2017,bottom,2015-01-14,2018-12-15,0,183,0.6,1.0,0,1.0,1.0
case43_bottom_pm_6m_2013_to_2017,Bottom +/- 6m: 2013 -> 2017,2013->2017,bottom,2015-01-14,2018-12-15,183,183,0.6,1.0,0,0.6213,1.0
case44_bottom_pre_1y_2013_to_2017,Bottom pre 1y: 2013 -> 2017,2013->2017,bottom,2015-01-14,2018-12-15,365,0,0.6,1.0,0,0.123,1.0
case45_bottom_post_1y_2013_to_2017,Bottom post 1y: 2013 -> 2017,2013->2017,bottom,2015-01-14,2018-12-15,0,365,0.6,1.0,0,1.0,1.0
case46_bottom_pm_1y_2013_to_2017,Bottom +/- 1y: 2013 -> 2017,2013->2017,bottom,2015-01-14,2018-12-15,365,365,0.6,1.0,0,0.5609,1.0
case47_bottom_pre_2y_2013_to_2017,Bottom pre 2y: 2013 -> 2017,2013->2017,bottom,2015-01-14,2018-12-15,730,0,0.6,1.0,0,0.0616,1.0
case48_bottom_pre_3y_2013_to_2017,Bottom pre 3y: 2013 -> 2017,2013->2017,bottom,2015-01-14,2018-12-15,1095,0,0.6,1.0,0,0.0411,1.0
