scaled_day,dd_pct_2025,dd_pct_2021,dd_pct_2017
-351.0,-37.96456970164149,-16.43148136935558,-54.61798381655272
-350.0,-39.10183916640856,-16.43148136935558,-54.61798381655272
-349.0,-39.07871498489137,-16.43148136935558,-54.61798381655272
-348.0,-39.609603392685166,-16.43148136935558,-54.61798381655272
-347.0,-38.54933274984007,-16.43148136935558,-54.61798381655272
-346.0,-39.634547248963656,-16.43148136935558,-54.61798381655272
-345.0,-39.329189467390535,-16.43148136935558,-54.61798381655272
-344.0,-38.69494080705041,-16.43148136935558,-54.61798381655272
-343.0,-37.34462627472446,-16.43148136935558,-54.61798381655272
-342.0,-35.43645534572657,-16.43148136935558,-54.61798381655272
-341.0,-35.71004719448165,-16.43148136935558,-54.61798381655272
-340.0,-37.15834473820537,-16.43148136935558,-54.61798381655272
-339.0,-37.656226835628495,-16.43148136935558,-54.61798381655272
-338.0,-37.73007019157859,-16.43148136935558,-54.61798381655272
-337.0,-38.153134350688816,-16.43148136935558,-54.61798381655272
-336.0,-38.78743071785789,-16.43148136935558,-54.61798381655272
-335.0,-37.715219737253236,-16.43148136935558,-54.61798381655272
-334.0,-33.444899694989,-16.43148136935558,-54.61798381655272
-333.0,-33.25853637533456,-16.43148136935558,-54.61798381655272
-332.0,-32.817772982684666,-16.43148136935558,-54.61798381655272
-331.0,-32.71600068601618,-16.43148136935558,-54.61798381655272
-330.0,-30.185589587050487,-16.43148136935558,-54.61798381655272
-329.0,-24.500428118677597,-16.43148136935558,-54.61798381655272
-328.0,-25.001554280469172,-16.43148136935558,-54.61798381655272
-327.0,-23.326097263079255,-16.43148136935558,-54.61798381655272
-326.0,-25.475235385093136,-16.43148136935558,-54.61798381655272
-325.0,-22.941348502875513,-16.43148136935558,-54.61798381655272
-324.0,-23.22903431195407,-16.43148136935558,-54.61798381655272
-323.0,-23.739872221067188,-16.43148136935558,-54.61798381655272
-322.0,-23.308050451214395,-16.43148136935558,-54.61798381655272
-321.0,-22.002525816009268,-16.43148136935558,-54.61798381655272
-320.0,-20.66860198705758,-16.43148136935558,-54.61798381655272
-319.0,-17.911188165435092,-16.43148136935558,-54.61798381655272
-318.0,-17.51253627222366,-16.43148136935558,-54.61798381655272
-317.0,-18.361213498162154,-16.43148136935558,-54.61798381655272
-316.0,-18.19123406662071,-16.43148136935558,-54.61798381655272
-315.0,-21.618063296779212,-16.43148136935558,-54.61798381655272
-314.0,-22.347616570834745,-16.43148136935558,-54.61798381655272
-313.0,-19.606757018857184,-16.43148136935558,-54.61798381655272
-312.0,-19.801441772532396,-16.43148136935558,-54.61798381655272
-311.0,-18.557636143463334,-16.43148136935558,-54.61798381655272
-310.0,-19.256295838144435,-16.43148136935558,-54.61798381655272
-309.0,-18.71260155440876,-16.43148136935558,-54.61798381655272
-308.0,-19.666935775944356,-16.43148136935558,-54.61798381655272
-307.0,-19.62493332068634,-16.43148136935558,-54.61798381655272
-306.0,-17.701857415272865,-16.43148136935558,-54.61798381655272
-305.0,-18.861821700096595,-16.43148136935558,-54.61798381655272
-304.0,-16.921435031036296,-16.43148136935558,-54.61798381655272
-303.0,-16.895557483962683,-16.43148136935558,-54.61798381655272
-302.0,-16.04660083231178,-16.43148136935558,-54.61798381655272
-301.0,-18.670599099150742,-16.43148136935558,-54.61798381655272
-300.0,-19.12316652433461,-16.43148136935558,-54.61798381655272
-299.0,-16.0281178437251,-16.43148136935558,-54.61798381655272
-298.0,-16.82662111613293,-16.43148136935558,-54.61798381655272
-297.0,-15.873656762114269,-16.43148136935558,-54.61798381655272
-296.0,-15.893257453550577,-16.43148136935558,-54.61798381655272
-295.0,-13.816122566941702,-16.43148136935558,-54.61798381655272
-294.0,-12.690207327464247,-16.43148136935558,-54.61798381655272
-293.0,-12.664868186031617,-16.43148136935558,-54.61798381655272
-292.0,-16.7446607840004,-16.43148136935558,-54.61798381655272
-291.0,-18.63829476069172,-16.43148136935558,-54.61798381655272
-290.0,-18.37059811294235,-16.43148136935558,-54.61798381655272
-289.0,-18.73516006923984,-16.43148136935558,-54.61798381655272
-288.0,-20.19521393866858,-16.43148136935558,-54.61798381655272
-287.0,-20.41547636792116,-16.43148136935558,-54.61798381655272
-286.0,-17.80529263569325,-16.43148136935558,-54.61798381655272
-285.0,-17.29291447753124,-16.43148136935558,-54.61798381655272
-284.0,-19.798742929066194,-16.43148136935558,-54.61798381655272
-283.0,-20.819396458100695,-16.43148136935558,-54.61798381655272
-282.0,-20.16586060834304,-16.43148136935558,-54.61798381655272
-281.0,-21.23413236792885,-16.43148136935558,-54.61798381655272
-280.0,-21.876566157064186,-16.43148136935558,-54.61798381655272
-279.0,-21.376659927041416,-16.43148136935558,-54.61798381655272
-278.0,-20.675117376839612,-16.43148136935558,-54.61798381655272
-277.0,-18.957944145165385,-16.43148136935558,-54.61798381655272
-276.0,-18.11740434119315,-16.43148136935558,-54.61798381655272
-275.0,-18.067421214978268,-16.43148136935558,-54.61798381655272
-274.0,-17.975088055180198,-16.43148136935558,-54.61798381655272
-273.86,-17.599723091925316,-16.43148136935558,-54.61795396754729
-273.0,-15.293909746216498,-16.43148136935558,-54.610894677761216
-272.95,-15.475789646239063,-16.43148136935558,-54.61035089514612
-272.04,-18.786003826648866,-16.43148136935558,-54.44269060260159
-272.0,-18.93150774666696,-16.43148136935558,-54.442589313365175
-271.12,-20.074228057404376,-16.43148136935558,-54.44971174527813
-271.0,-20.23005355432312,-16.43148136935558,-54.46013617810034
-270.21,-21.57024749180347,-16.43148136935558,-54.5284418908841
-270.0,-21.926501576450104,-16.43148136935558,-54.51482612203819
-269.3,-20.899020518667058,-16.43148136935558,-54.469440225885116
-269.0,-20.45867149390287,-16.43148136935558,-54.452544898271846
-268.39,-20.51527741841751,-16.43148136935558,-54.41820422174639
-268.0,-20.551468091467854,-16.43148136935558,-54.418872621945084
-267.47,-20.571479061633127,-16.43148136935558,-54.41954547331126
-267.0,-20.589224638949506,-16.43148136935558,-54.349820613531776
-266.56,-20.590175231592596,-16.43148136935558,-54.284583759172484
-266.0,-20.591385076774714,-16.43148136935558,-54.23614111942408
-265.65,-20.107516178828888,-16.43148136935558,-54.20586446958133
-265.0,-19.208902511215307,-16.43148136935558,-54.14815113055742
-264.73,-18.47740491126975,-16.43148136935558,-54.12497911802823
-264.35,-17.447889770605578,-16.429580470194303,-54.15420129435196
-264.0,-16.4996521410464,-15.767894753043617,-54.1811164567554
-263.82,-16.564479587851483,-15.427599241366131,-54.19472079556718
-263.47,-16.69053295663913,-14.765913524215552,-54.179390551812766
-263.0,-16.859804623296856,-14.288505076186098,-54.158804224485394
-262.91,-16.60677455412363,-14.197114007709615,-54.15486216180569
-262.59,-15.707112085951756,-13.872167986459754,-54.14873550238183
-262.0,-14.0483594102602,-14.632886904241852,-54.137480916754534
-261.71,-13.983532644981244,-15.00831489812375,-54.18494764306875
-261.08,-13.84270208592697,-15.240468478384471,-54.28984244597348
-261.0,-13.82481884033278,-15.269652590906631,-54.30921843842649
-260.83,-14.198334618745097,-15.331668830016238,-54.350392422389156
-260.17,-15.648454699639773,-15.468155395605013,-54.510075341643834
-260.0,-16.02197047805209,-15.503160640844676,-54.488036413071065
-259.95,-15.99013298499062,-15.513456301209285,-54.48155437525554
-259.26,-15.550775580742442,-15.191579547639908,-54.39210225340136
-259.06,-15.4234256084966,-15.100517437341292,-54.43974585823497
-259.0,-15.385220616822844,-15.120214052128478,-54.45430975596516
-258.34,-13.579770805168534,-15.33687681478753,-54.61243128723987
-258.18,-13.142086002343351,-15.389258442656384,-54.58036837986016
-258.0,-12.649690599164902,-15.439226145098925,-54.54429760905798
-257.43,-13.617815842660141,-15.597457202833626,-54.43016498207286
-257.3,-13.83861633679063,-15.637404522877569,-54.410654729518455
-257.0,-14.348155938630253,-16.42440589887876,-54.365631069777535
-256.52,-14.263346827283394,-17.68360810048067,-54.29359321419206
-256.42,-14.245678262419473,-17.94412361806217,-54.29002107172718
-256.0,-14.171470289990971,-17.439270294530136,-54.27553294454925
-255.61,-13.925899456134138,-16.970477922679,-54.262079683598316
-255.54,-13.881822639800845,-16.886335702090303,-54.2601874943177
-255.0,-13.541801485229836,-17.160989537523406,-54.245830968625285
-254.69,-13.56645916868725,-17.319344284002483,-54.23755573972347
-254.66,-13.568845396118615,-17.334668936887553,-54.236442112001356
-254.0,-13.621342399608594,-17.254830540268205,-54.21194230211487
-253.78,-13.9467869370524,-17.227823926232784,-54.20385861943705
-253.0,-15.1006357516259,-17.196087982434708,-54.388341968546435
-252.9,-15.134751586532687,-17.19205132735732,-54.411993679970706
-252.87,-15.144986337004726,-17.18894385823176,-54.419089193397994
-252.01,-15.438382517203122,-17.096971895261913,-54.64899381637844
-252.0,-15.441794100693798,-17.108741952071064,-54.65166805161564
-251.95,-15.468115321276631,-17.16759223611689,-54.66568107205317
-251.13,-15.899783338834988,-18.121242099915133,-55.0007570644823
-251.04,-15.947161535884078,-17.927760581648812,-55.036517497269614
-251.0,-15.968218512350335,-17.841768795752692,-55.028473854958065
-250.25,-14.712208454147198,-16.23436431366874,-54.87765556161643
-250.13,-14.511246844834687,-16.235877186127905,-54.85352463468177
-250.0,-14.293538434746152,-16.237516131292,-54.845525584609106
-249.37,-13.866156330547865,-16.245460139889698,-54.807588465466914
-249.22,-13.764398686691125,-16.247543333331986,-54.7985558180521
-249.0,-13.615154142367913,-16.250598683714006,-54.75146232011679
-248.49,-14.425491298154112,-16.25768154141778,-54.64080441343777
-248.3,-14.72738161109407,-16.379449233287254,-54.600947401029124
-248.0,-15.20405052626245,-16.571768321296634,-54.67133425615998
-247.61,-15.679135506557104,-16.82178313570881,-54.762837167830085
-247.39,-15.947132162107978,-16.771793512505187,-54.81442448690782
-247.0,-16.422217142402634,-16.681279630632638,-54.829458959646814
-246.73,-16.964561391031722,-16.618616173951636,-54.83986744077381
-246.48,-17.466731991614193,-16.346583332523153,-54.84950492329881
-246.0,-18.43089954473252,-15.820305965294455,-55.01125012786189
-245.85,-18.04409802783174,-15.655844288035478,-55.06205129221306
-245.56,-17.296281761823618,-15.340001880280631,-55.15823146952053
-245.0,-15.852222765394094,-14.73015017404485,-55.08848002358236
-244.97,-15.927159630016307,-14.697479546925074,-55.084743338978534
-244.65,-16.72648618598654,-14.787329765536994,-55.045084010772584
-244.08,-18.150286613808532,-14.955127989642133,-55.04881571047166
-244.0,-18.350118252801128,-14.901601311289161,-55.04933945779785
-243.74,-18.55508532747209,-14.72763960664204,-55.051041636607955
-243.2,-18.980786174865656,-14.36648865155465,-54.92121939955294
-243.0,-19.138453155381775,-14.24321017016354,-54.87301204730893
-242.83,-19.146993154831744,-14.138423460981098,-54.832035797901526
-242.32,-19.172613153181658,-13.825498669656,-54.828492064358485
-242.0,-19.188688446263953,-13.889962737291585,-54.82689689483711
-241.91,-19.190377676924385,-13.908093256314094,-54.826499628139736
-241.44,-19.199199214817757,-14.00028995973893,-54.83254432364481
-241.0,-19.20745767582432,-12.219975712708251,-54.8382031875219
-240.56,-19.225698858940845,-10.439661465677574,-54.86097024451578
-240.09,-19.245183759088047,-10.363183568925727,-54.88528960085015
-240.0,-19.248914910180062,-10.348974443259612,-54.87238956362181
-239.68,-19.249008688175252,-10.298453107557869,-54.824460036736106
-239.17,-19.249158146855088,-10.740859906508733,-54.74858230398312
-239.0,-19.24920796641503,-10.888930746103156,-54.74355419672094
-238.8,-19.117184087984548,-11.063131733861306,-54.737638776412496
-238.26,-18.760719616222207,-10.178853648037371,-54.72160623510706
-238.0,-18.589088574262576,-9.749537944380178,-54.70230335459044
-237.92,-18.68015845723012,-9.617440804793322,-54.696364006739174
-237.35,-19.329031373373773,-9.731733589190405,-54.654046153298886
-237.03,-19.69331090524389,-9.800161837009055,-54.608877105537886
-237.0,-19.727462111356715,-9.806427051681913,-54.604632957630066
-236.44,-18.93039549602634,-9.923377725575252,-54.52540886335077
-236.15,-18.517628855944547,-9.98007022601484,-54.53558852727903
-236.0,-18.304128869695333,-9.848506372861035,-54.541261348889435
-235.52,-18.70887033516412,-9.427502042768882,-54.55938673448001
-235.27,-18.91967318176245,-9.211328056384637,-54.5663074439139
-235.0,-19.147340256088658,-9.323907322785299,-54.57378181010251
-234.61,-18.91244641500821,-9.486521818697355,-54.584578116819394
-234.39,-18.779942196962804,-9.576884803498512,-54.54576469170345
-234.0,-18.545048355882354,-9.303838268917525,-54.47690421440838
-233.7,-18.52707446731316,-9.093802473085981,-54.423934616489085
-233.51,-18.515691004552668,-8.960728997305562,-54.427307866289524
-233.0,-18.485135393985036,-8.131231639341548,-54.43796858359708
-232.78,-18.706599490106196,-7.773409249631577,-54.44242851745768
-232.63,-18.857597737461543,-7.529439438465678,-54.440474434793984
-232.0,-19.491790376353958,-7.689748911484752,-54.43226728760649
-231.87,-19.521743722282427,-7.72326224094179,-54.43054631721604
-231.75,-19.549392964677942,-7.754197621979057,-54.42626727497494
-231.0,-19.722200729649888,-6.00900895886022,-54.399523260968074
-230.96,-19.726955055917614,-5.915616250568944,-54.398096913554376
-230.87,-19.737652290019994,-5.705482656913523,-54.39799051353178
-230.05,-19.83511597850836,-5.615372525686536,-54.39755450052927
-230.0,-19.841058886343017,-5.6103487446147335,-54.39493123216675
-229.99,-19.834075765179463,-5.609343988400374,-54.39435464485017
-229.13,-19.23352734511336,-4.914529086919331,-54.344949092701974
-229.1,-19.21257798162268,-4.901347444504202,-54.34532694848235
-229.0,-19.14274676998709,-5.085844369831665,-54.34658646775027
-228.22,-18.230978898427665,-6.528356073584897,-54.35641071804006
-228.0,-17.97381360132116,-7.1833158618243464,-54.378821681635735
-227.34,-18.9589679337146,-9.1417402521162,-54.44613584147603
-227.31,-19.003747676096122,-9.127203803121189,-54.449195576014226
-227.0,-19.46647168070517,-8.97699383017274,-54.452609601328504
-226.46,-19.31002831219894,-8.716648254386719,-54.458047135434505
-226.39,-19.289748616281464,-8.814780608915733,-54.458642816446876
-226.0,-19.17676173902697,-9.361518012720058,-54.45176065694308
-225.58,-19.26725396044855,-9.950312139893947,-54.44434910055437
-225.48,-19.288799727453696,-9.997089705798206,-54.442565657726256
-225.0,-19.39221940907836,-10.219480626712926,-54.42559305401878
-224.7,-20.364449143678492,-10.358474952284634,-54.414985176701606
-224.57,-20.785748695338516,-10.3699647872551,-54.41038842986417
-224.0,-22.63298519107867,-10.417603803758674,-54.39046004954128
-223.82,-22.992063860762133,-10.432647703707172,-54.38416710577945
-223.66,-23.311244900480748,-10.523035885656855,-54.378573377991145
-223.0,-24.627866689320054,-10.901577332029264,-54.33842570031802
-222.94,-24.810732144276034,-10.935990190790394,-54.334764786266454
-222.74,-25.420283660795914,-10.454400369084668,-54.32271811437947
-222.05,-27.523236392789602,-8.766260127632288,-54.32512582337581
-222.0,-27.675624271919617,-8.7994218506273,-54.325300295042204
-221.83,-27.616140875940676,-8.912171708810307,-54.32589349870797
-221.17,-27.38520533861064,-9.343177961392648,-54.28569660139446
-221.0,-27.3257219426317,-9.144643056590859,-54.27533531069914
-220.92,-27.343575746297173,-9.051214866095878,-54.27045940919546
-220.29,-27.484174450162758,-8.321163381447956,-54.28423037474273
-220.0,-27.54889448845009,-8.641960368828437,-54.290496722275364
-219.41,-26.856867610502842,-9.2928646453804,-54.2724384063124
-219.09,-26.48153099873485,-9.22683226434241,-54.26273923181463
-219.0,-26.375967576675098,-9.208260657175472,-54.269406043433044
-218.53,-23.734400656702547,-9.111307775064228,-54.30422161521808
-218.18,-21.76727635459536,-9.107533632853086,-54.33014810484524
-218.0,-20.75561242779732,-9.105592645430214,-54.306143155013665
-217.65,-22.688783779742266,-9.101818503219071,-54.25866359886379
-217.27,-24.787655533282503,-8.627898816108317,-54.207114366472496
-217.0,-26.278959147640116,-8.29028076934372,-54.19276325871697
-216.77,-26.10827924354448,-8.002680210988716,-54.180885227668405
-216.35,-25.796602896935035,-7.745415847517844,-54.159192266591354
-216.0,-25.536872608093844,-7.532191365835802,-54.140709901397294
-215.89,-25.285447601104163,-7.46517795730715,-54.13490115805059
-215.44,-24.256890754328342,-6.831427175183972,-54.11113811708679
-215.01,-23.274047545186964,-6.223269300646088,-54.05993418250198
-215.0,-23.251190726369742,-6.213419078056782,-54.05874245793872
-214.53,-23.469608673309967,-5.916582779290058,-54.00273140346533
-214.12,-23.66014347808761,-5.655920962383928,-54.00218100955737
-214.0,-23.715909762412775,-5.53230717416808,-54.00214113031934
-213.61,-24.557116984921965,-5.130562362466604,-54.001964030248615
-213.24,-25.355185375507645,-4.753492002096158,-53.99700870259585
-213.0,-25.87285135859026,-4.817073893442889,-53.99379443601027
-212.7,-25.985362462454926,-4.896551257626303,-53.98972020789622
-212.36,-26.11287504683487,-4.98185782569479,-53.95985664049411
-212.0,-26.24788837147247,-4.2079058062680526,-53.92823639265657
-211.79,-27.03612731517435,-3.7564337949357887,-53.90979124808468
-211.48,-28.199718136829475,-3.0925757097648,-53.83519019475659
-211.0,-30.0014071510051,-3.6124875696543173,-53.71917351546669
-210.88,-30.17760564476822,-3.742465534626705,-53.690169345644215
-210.6,-30.58873546354882,-4.045747452895598,-53.659030639605945
-210.0,-31.46972793236438,-5.1853057970182155,-53.59372838732449
-209.96,-31.350602617429175,-5.261296258517404,-53.589345367019575
-209.72,-30.63585072781778,-5.717239027512637,-53.559882585959706
-209.05,-28.640501702652752,-5.355097672982706,-53.47763232216757
-209.0,-28.491595058983684,-5.327791899617546,-53.46933248092793
-208.84,-28.41036586808108,-5.240413424849058,-53.44266656376222
-208.14,-28.05498815788217,-4.439764761801946,-53.32600317616218
-208.0,-27.9839126158424,-4.2793103559204635,-53.31817355242808
-207.96,-28.054409678504864,-4.23346623995433,-53.316054635580514
-207.22,-29.358605337760743,-4.6545405610446435,-53.2767768489633
-207.07,-29.62296932274505,-4.7370607313618445,-53.26548105479004
-207.0,-29.746339182404377,-4.718361942671116,-53.26020968417585
-206.31,-28.37928541424241,-4.534045311291062,-53.2082595244551
-206.19,-28.141536932822927,-4.503048013463774,-53.20130059741808
-206.0,-27.7651018372421,-4.505402313118512,-53.190282296276145
-205.4,-27.61340638865799,-4.512836943607156,-53.155487661091065
-205.31,-27.59065207137037,-4.515067674926737,-53.118338851765564
-205.0,-27.512276089601915,-4.651189716110996,-52.9875326247236
-204.48,-28.146247232502805,-4.879523462613627,-52.769635811514085
-204.43,-28.207205996243253,-4.9032515507263925,-52.76421389677632
-204.0,-28.731451364411296,-5.619924925966301,-52.717585430031484
-203.57,-28.30686269950574,-6.336598301206211,-52.67101443571379
-203.55,-28.28711438951015,-6.3694446754065694,-52.669429236001925
-203.0,-27.74403586463095,-6.308816400311015,-52.625836243925484
-202.67,-28.03925335525336,-6.272439435253681,-52.59968044867962
-202.66,-28.048199339817668,-6.282353531181393,-52.598887848823686
-202.0,-28.63863432106247,-7.008224281700285,-52.455589661948224
-201.79,-28.04050518244492,-7.239183156865397,-52.409954852884425
-201.75,-27.926575822708273,-7.263406117020187,-52.401262508300846
-201.0,-25.79040032764569,-7.69740059275942,-52.704569919246836
-200.91,-25.955676274768567,-7.74947992984813,-52.74125084239095
-200.83,-26.10258822776665,-7.604330518729756,-52.771636384708685
-200.03,-27.571707757747767,-6.072137999663374,-52.56495558705533
-200.0,-27.62679974012206,-6.051817759199832,-52.55720505714333
-199.92,-27.633421993200933,-6.014678093086323,-52.53664295947422
-199.14,-27.697988960719954,-5.654686556302489,-52.516994458894644
-199.01,-27.708750121973125,-5.656635416339304,-52.51371970879804
-199.0,-27.709577903607983,-5.656785328649828,-52.515338906567386
-198.26,-27.81545176081897,-5.66457863325655,-52.67946722793001
-198.09,-27.83977413342149,-5.49471917032268,-52.716364289494905
-198.0,-27.852650683622826,-5.404793572298856,-52.72084173094523
-197.38,-26.905762680254636,-4.78602489658129,-52.75168632760299
-197.18,-26.60031493723266,-4.65516763824911,-52.76099003299026
-197.0,-26.325411968512853,-4.537396105750137,-52.705974630159794
-196.5,-25.837889068232712,-4.21085291302272,-52.553154066741854
-196.27,-25.613628534103857,-4.211327265733092,-52.4828566075696
-196.0,-25.35036616795257,-4.211884114567008,-52.412220487060004
-195.62,-25.37516090631429,-4.212667827740667,-52.31287266461455
-195.36,-25.39212572729862,-4.187853490497383,-52.24489783873083
-195.0,-25.415615479430777,-4.15346059047582,-52.141075908175395
-194.74,-25.5045452340517,-4.128621273793582,-52.06601587100088
-194.44,-25.607156489383545,-4.079068696714596,-51.97945127788428
-194.0,-25.75765299720358,-4.006245243657101,-51.85839253359889
-193.86,-25.72984277833668,-3.9830741449569924,-51.81987384223536
-193.53,-25.664290119578972,-4.308024407591006,-51.729187165919086
-193.0,-25.55900857672569,-4.834747797208109,-51.771177344953514
-192.98,-25.59766037692887,-4.854624151533293,-51.77276188001142
-192.62,-26.2933927805857,-4.63004955294983,-51.801283511053676
-192.1,-27.29833958586785,-4.296771423222171,-51.546359374172205
-192.0,-27.491598586883633,-4.27194370393388,-51.49705201961242
-191.7,-27.85246053783317,-4.203576704775999,-51.349410319061036
-191.21,-28.4418683910507,-4.094925378323991,-51.13802742691645
-191.0,-28.694471756715377,-4.209653868330341,-51.04743475885448
-190.79,-28.72836984402433,-4.324382358336693,-50.95686945238082
-190.33,-28.802622797177264,-4.577355367286769,-50.76598016833517
-190.0,-28.85589122009133,-4.959109505438136,-50.62903785586763
-189.88,-28.84326881098306,-5.097929192038633,-50.579240651333976
-189.45,-28.798038511678424,-5.591650478204023,-50.75735861946961
-189.0,-28.750704477522415,-5.036136384998029,-50.94481596275542
-188.97,-28.69680836904462,-4.999102112117627,-50.957313118974476
-188.57,-27.978193589340723,-4.5058012282394735,-51.12298139826188
-188.05,-27.043994375725696,-4.526783185854762,-51.33851419843813
-188.0,-26.95416752826269,-4.52880068177931,-51.36214098533865
-187.69,-27.52044070446069,-4.541309156511502,-51.508627064121804
-187.14,-28.52511892029586,-4.05645678935494,-51.768397077267515
-187.0,-28.78085519341751,-3.9328550872647394,-51.71938217045331
-186.81,-28.692251685353973,-3.7651099201423097,-51.652861939776884
-186.23,-28.421777818633704,-3.657716568051149,-51.44980018297517
-186.0,-28.314520940451533,-3.615672596098532,-51.37639051181285
-185.93,-28.28180216595418,-3.6028766046346927,-51.35407442253574
-185.31,-27.99200730612045,-3.700093402055197,-51.15881386040525
-185.05,-27.870480429415984,-3.741309197197678,-51.21771615963614
-185.0,-27.847109876203582,-3.6499164599183493,-51.22904352487285
-184.4,-27.995100548756817,-2.441171947815442,-51.36411938829523
-184.16,-28.054296817778113,-1.9679353335658603,-51.28345166559909
-184.0,-28.093760997125642,-2.0077241897112,-51.229673183801665
-183.49,-29.875968859547775,-2.134551168674472,-51.058254273072386
-183.28,-30.609819155839283,-2.1855956902194182,-50.977574767874096
-183.0,-31.588286217561258,-2.1571411805103082,-50.869914118260354
-182.58,-31.368092486142373,-2.1144594159466448,-50.708423143839745
-182.4,-31.273723744105702,-2.0984925641624543,-50.654404903229405
-182.0,-31.06401542846866,-2.481828986833917,-50.535179274585666
-181.66,-31.73330529989195,-2.807664946104659,-50.4341782663839
-181.52,-32.00889524694857,-2.941321554895161,-50.40902177837779
-181.0,-33.03251505030184,-3.180036728901591,-50.31558339435508
-180.75,-31.95176625113083,-3.294803639481603,-50.27066109434416
-180.64,-31.47623677949553,-3.3453010801368146,-50.28359825148953
-180.0,-28.70951985361781,-4.945356340582936,-50.35886898397167
-179.84,-29.041276958668,-5.345444798664143,-50.3776866670922
-179.76,-29.207155511193125,-5.545489027704782,-50.332292034767654
-179.0,-30.78300176018154,-5.7632132296215035,-49.881608789892454
-178.92,-30.574284110923877,-5.785824263912995,-49.83416703845458
-178.88,-30.469925286295084,-5.797129781058737,-49.81043357459234
-178.01,-28.200120850618344,-5.418193283201124,-49.295714560464454
-178.0,-28.174031144461164,-5.413817107787328,-49.30066257692358
-177.12,-27.040193027442502,-6.682247049986985,-49.73608802532682
-177.1,-27.014423979328427,-6.707053175483988,-49.74598405824508
-177.0,-26.88557873875813,-6.82443828460856,-49.7182757421074
-176.23,-27.692651384392043,-7.72492813618152,-49.49577784166863
-176.19,-27.734577236113278,-7.73815811934905,-49.4842195091783
-176.0,-27.933725031789173,-7.8010005393948285,-49.47018169009844
-175.35,-27.55395243460776,-8.016763554938839,-49.425467094452294
-175.27,-27.507211191877747,-8.065125798546987,-49.41911569135289
-175.0,-27.349459497663926,-8.228348370724524,-49.31658317942339
-174.47,-27.696429492634266,-8.548641835046059,-49.11531565600624
-174.36,-27.768442133099796,-8.608104686073736,-49.07354315114608
-174.0,-28.004119865532488,-8.802710380346163,-49.06055821947918
-173.59,-27.892645771823926,-9.022722525899347,-49.04582915523813
-173.45,-27.85458144714295,-8.63832196976329,-49.04079971866802
-173.0,-27.73223183209697,-7.402748753611841,-49.445180378652644
-172.71,-27.547781897046416,-6.606490458758687,-49.707618665290866
-172.53,-27.433295730463307,-6.504584208310087,-49.86632026828024
-172.0,-27.09619757330194,-6.208884282556966,-49.80296511979582
-171.83,-27.153605926679486,-6.114037136560688,-49.78264365707441
-171.62,-27.224522127910582,-6.133612046010842,-49.75856089741134
-171.0,-27.433893769640477,-6.194985724588276,-50.20629174936407
-170.95,-27.413157655675192,-6.199935214796134,-50.242399076134454
-170.71,-27.313624308641852,-6.3696467514620405,-50.41571424463227
-170.07,-27.048202049886257,-6.827164930300409,-50.48057965309377
-170.0,-27.019171490334866,-6.678879963188124,-50.48756084603869
-169.8,-27.00522065049824,-6.219163661832164,-50.5075071115956
-169.18,-26.961973047004697,-4.804430340045159,-50.41706634717669
-169.0,-26.949417291151732,-4.793333280846002,-50.390482847102916
-168.88,-26.7576579202276,-4.785935241379898,-50.37193105578082
-168.3,-25.830820960761024,-4.752713841327891,-50.099498699764176
-168.0,-25.351422533450695,-4.953230981614354,-49.95858541216935
-167.97,-25.22942192793477,-4.973282695643,-49.944494083409865
-167.42,-22.992744160142866,-5.338599369992468,-50.13857620398591
-167.06,-21.52873689395189,-5.220062419831117,-50.26577502162067
-167.0,-21.284735682920044,-5.200306261470891,-50.25892529420932
-166.54,-21.20578960454566,-5.051705319192797,-50.19436811902514
-166.14,-21.13714084074185,-5.930337822954719,-50.137237263604156
-166.0,-21.113113773410518,-6.237859199271358,-50.08225775208793
-165.66,-21.04799149840254,-6.984696827468989,-49.9487360812628
-165.23,-20.965630974127738,-5.986185221386468,-49.78035180431392
-165.0,-20.92157767044587,-5.452009238415154,-49.79441588226075
-164.78,-20.8185973005632,-4.9410582981817015,-49.80786847855771
-164.32,-20.603274708990345,-5.199574679811446,-49.835996634451355
-164.0,-20.453485080070102,-5.381839663645919,-49.81886155306044
-163.9,-20.456357712698896,-5.43879747109419,-49.81344129995759
-163.41,-20.470433612579978,-5.1863477030228164,-49.786882059753616
-163.02,-20.48163687983227,-4.983356344321406,-49.74670254414841
-163.0,-20.48221140635803,-4.967602916046325,-49.74463015307855
-162.49,-20.79019013296093,-4.5365184245359425,-49.69309294488175
-162.14,-21.001548082590386,-4.240676126440557,-49.845778915871335
-162.0,-21.086091262442157,-4.283679811729765,-49.90685330426716
-161.58,-20.72485515364847,-4.429566222719544,-50.090076469454644
-161.25,-20.44102678245341,-4.548243919394665,-50.108542172982226
-161.0,-20.226005289123826,-4.881392705401746,-50.12240020819921
-160.67,-20.399513935565636,-5.321149102931111,-50.14069281468563
-160.37,-20.55724906869454,-5.715590131459402,-50.2514170759857
-160.0,-20.7517890662202,-5.537681641503874,-50.38928093117882
-159.75,-20.766876350874984,-5.417473202344735,-50.480081978330034
-159.49,-20.78256712691596,-5.300170519307694,-50.41564111759013
-159.0,-20.812138204839336,-7.1961171654833125,-50.29419488004183
-158.84,-20.556708754780413,-7.8152017846426745,-50.25472038606186
-158.61,-20.18952892032072,-8.702819167771422,-50.243614350596246
-158.0,-19.21570414197103,-8.720557220356724,-50.214159213056995
-157.93,-19.196390986408044,-8.722592734587826,-50.21077911530659
-157.73,-19.141210541942357,-8.728408489533827,-50.22932162664943
-157.02,-18.94531996408919,-8.660570007063486,-50.29614327789999
-157.0,-18.93980191964262,-8.65865707275789,-50.298948037077636
-156.85,-19.049031475201794,-8.644310065465934,-50.32219763285173
-156.1,-19.59517925299765,-9.946281835895906,-50.43851781731231
-156.0,-19.66799895670376,-10.120303194997952,-50.45719459379179
-155.97,-19.700482809144855,-10.17250960272857,-50.462797626735636
-155.19,-20.54506297261331,-10.307135151769197,-50.60847648327557
-155.09,-20.653342480750283,-10.323808461039553,-50.58805742719663
-155.0,-20.75079403807357,-10.463960662298398,-50.56946572642496
-154.28,-20.524365978247765,-11.632680583365353,-50.42073212025158
-154.2,-20.499207304933783,-11.756253988681939,-50.40413496547148
-154.0,-20.43631062164884,-11.81647172359279,-50.36263397175694
-153.36,-19.518080110429697,-12.009168475307517,-50.23007937245415
-153.32,-19.46069070347847,-12.03243250985333,-50.224513560132465
-153.0,-19.0015754478689,-13.130839122008958,-50.17998706155904
-152.45,-18.919429399866523,-15.01872548665152,-50.10354938805019
-152.44,-18.91793583535739,-15.03962561434676,-50.10337558103776
-152.0,-18.852218996955493,-14.102095313650684,-50.09572807249069
-151.56,-16.994464099568884,-13.16943718331758,-50.08808056394361
-151.54,-16.910020695142176,-13.205206792841723,-50.087732949918745
-151.0,-14.63004877562227,-14.170986249993103,-50.086820198752456
-150.68,-14.688175866454229,-14.743162713981517,-50.08629911004214
-150.62,-14.699074695985221,-14.737826412312666,-50.08767710387972
-150.0,-14.811695934472143,-14.682684628401205,-50.26965404287864
-149.8,-14.56168080058314,-14.6648969561717,-50.328356281265386
-149.71,-14.44917399033308,-14.80434020712902,-50.353780725525446
-149.0,-13.561620265027061,-15.918744137134059,-50.230283365834254
-148.92,-13.598889930242992,-16.044310777134648,-50.216368170376086
-148.8,-13.65479442806687,-15.78055125347266,-50.19549537718885
-148.04,-14.008856247618173,-14.05494125042933,-50.31486081478754
-148.0,-14.027491080226131,-14.055309786143216,-50.32115641716524
-147.89,-14.127753864674101,-14.079895904037675,-50.33846932370395
-147.16,-14.793134161465082,-14.24305832279179,-50.67544308447883
-147.0,-14.938970938843926,-14.164461753029192,-50.74954402597862
-146.97,-14.911760667427348,-14.14908919916916,-50.76243919914839
-146.27,-14.276854334373885,-13.794456237022352,-50.886011664737886
-146.06,-14.086382434457835,-13.888739160539272,-50.92283556904907
-146.0,-14.031961891624679,-13.915677138686963,-50.90889179347032
-145.39,-14.275447187377752,-14.192954015689478,-50.767130075086314
-145.15,-14.371244680788788,-14.568566849676088,-50.7113549727713
-145.0,-14.431118114170692,-14.803324870917747,-50.731500181345226
-144.51,-14.350619996345413,-15.568378156067986,-50.80007219881852
-144.23,-14.304621071873825,-15.735527055845866,-50.840679937883145
-144.0,-14.26683624105788,-15.87282793780626,-50.94040495145501
-143.63,-14.339056201771506,-16.0928621355774,-51.100832147201054
-143.32,-14.399564817504542,-15.912199062356938,-51.235948912018706
-143.0,-14.462025324067675,-15.725708148064857,-51.48919802523284
-142.75,-14.519777848139778,-15.580012121274164,-51.68704889493138
-142.41,-14.598321280877839,-15.271926200677408,-51.95612607772141
-142.0,-14.693035420356088,-14.900232376086604,-52.037546611670074
-141.87,-14.399562977384,-14.782378236582206,-52.06319162034211
-141.5,-13.564295255078788,-14.902188929542502,-52.13618126040868
-141.0,-12.435555089801488,-15.066812494355737,-51.64073031806353
-140.99,-12.441397676990123,-15.070104965652,-51.630730599126395
-140.58,-12.680943751724353,-14.867959602398804,-51.22308325552739
-140.11,-12.955545349590423,-14.633577304429501,-51.083196193658
-140.0,-13.019813808665468,-14.53501004408006,-51.050456668539624
-139.67,-12.73484742514216,-14.234401987062736,-50.95245372807957
-139.22,-12.346256902155858,-13.835280565894395,-51.031997853244086
-139.0,-12.156279313140328,-14.12341291377698,-51.0708860922134
-138.76,-11.695627625028155,-14.437739111467085,-51.11330962563448
-138.34,-10.889487170831908,-14.985720071642335,-50.324793323109894
-138.0,-10.236897279339681,-15.238601182820092,-49.682415898234666
-137.84,-10.016301992726278,-15.357604058668446,-49.39164498397322
-137.46,-9.49238818701944,-15.637944536111316,-49.60605039003384
-137.0,-8.85817673800588,-15.562287829090428,-49.865593776317766
-136.93,-9.067749021027785,-15.550774851935078,-49.90322092501888
-136.58,-10.115610436137395,-15.49511683398817,-49.74099716959939
-136.02,-11.792188700312803,-16.192353224378085,-49.4814391609282
-136.0,-11.852066495461955,-16.21725452403488,-49.4856933038218
-135.7,-11.757116275333022,-16.59056388960336,-49.56086566751679
-135.11,-11.570380842412803,-16.647001993649685,-49.70870464945026
-135.0,-11.535565761698857,-16.657524352031203,-49.70095055457608
-134.82,-11.381649492074608,-16.674742756655505,-49.686115478027254
-134.19,-10.842942548389761,-15.28949082213376,-49.6363554185869
-134.0,-10.680475374897506,-14.871032229273354,-49.74984076324256
-133.94,-10.66347920371129,-14.738887410475323,-49.78567824050225
-133.28,-10.47652132066293,-14.986697282221689,-50.1797488284291
-133.06,-10.414202026313479,-15.071160339548895,-50.208306350785584
-133.0,-10.397205855127263,-15.05223128303237,-50.216094765973715
-132.37,-10.605815414341015,-14.827607145482952,-50.29787312544911
-132.18,-10.668729408389607,-14.75986335796805,-50.210371571649
-132.0,-10.728332139593538,-14.931877802966829,-50.12601501943467
-131.45,-11.16283469247016,-15.475971061865163,-49.868466289918
-131.29,-11.289235435125171,-15.621652433698967,-49.800783247125885
-131.0,-11.518336781187378,-15.065168290309064,-49.678107732065186
-130.54,-12.222684901847018,-14.182469304242279,-49.48468168537789
-130.41,-12.421739805511688,-13.936607152902099,-49.52037991763144
-130.0,-13.049528347838743,-13.616057598451308,-49.632966650123386
-129.63,-13.437690463501111,-13.326781171264004,-49.73456931115271
-129.53,-13.542599143409852,-13.250441851835662,-49.72214775428717
-129.0,-14.098615146926212,-13.326392839383276,-49.65371996672476
-128.72,-13.981712424999055,-13.366517889408431,-49.617569437446505
-128.65,-13.95248674451727,-13.37726466999161,-49.593372483182506
-128.0,-13.681105425757796,-14.035750890307803,-49.35994933315721
-127.8,-13.537702787097091,-14.238362035020478,-49.29066691136859
-127.77,-13.516192391297984,-14.26875370672738,-49.305040385737165
-127.0,-12.964092232454284,-14.372342039448046,-49.673959561197286
-126.89,-12.948573882523652,-14.387096759436599,-49.726598554190964
-126.01,-12.824427083078595,-15.480678622290398,-49.77798162309045
-126.0,-12.823016323993992,-15.485204748428115,-49.77856552160067
-125.98,-12.82924710846504,-15.488435735718326,-49.77973331862111
-125.13,-13.094055448484681,-15.625752695552265,-49.50572630672144
-125.06,-13.115863194133356,-15.623515590551305,-49.48317262882733
-125.0,-13.134555547546507,-15.620920954407616,-49.46508739437869
-124.24,-13.494247590745005,-15.599349691391023,-49.23600775802932
-124.15,-13.536842701123769,-15.799873151944979,-49.20752401226321
-124.0,-13.607834551755053,-16.13407891953496,-49.02807741091757
-123.36,-14.996263569084983,-17.54966798353122,-48.26243857850953
-123.24,-15.256594009834355,-17.49023551414043,-48.11888129743302
-123.0,-15.777254891333067,-17.37137057535886,-48.152802531987824
-122.48,-14.77510425144819,-17.113430320402653,-48.23027326910153
-122.33,-14.486022336096768,-17.0163734647316,-48.252620597115104
-122.0,-13.850042122323671,-16.8028483822553,-48.08281119632006
-121.6,-13.51717658317917,-16.54418479184648,-47.87352495511513
-121.41,-13.359065452085536,-16.441342451984443,-47.77514014577461
-121.0,-13.01787827446243,-16.21941950807162,-47.70676785681846
-120.72,-12.986319252976799,-16.06851765475358,-47.66007458631182
-120.5,-12.961522878952376,-16.44228885148763,-47.62338701662804
-120.0,-12.905167483442321,-17.29176884406501,-47.75392505579423
-119.84,-12.412642181383939,-17.56360244168977,-47.795697228327406
-119.59,-11.6430713969177,-17.469398350227785,-47.8609662479105
-119.0,-9.826884345577366,-17.242762759816628,-47.79931966294247
-118.96,-9.826909153128419,-17.227397635042987,-47.795068536167996
-118.67,-9.82708900787355,-16.84480757193097,-47.760796077308825
-118.08,-9.827454919251577,-16.062511468782695,-47.21804662652627
-118.0,-9.827504534353682,-16.06691056471895,-47.14445348065745
-117.76,-10.094259858215295,-16.093995904893774,-46.92388884712858
-117.2,-10.71668894722574,-16.15719503196837,-46.49694970057908
-117.0,-10.938985050443756,-16.002300672604886,-46.34447143395426
-116.85,-11.240388617423234,-15.883144502548458,-46.230112733985635
-116.31,-12.325441458549292,-15.459859902272106,-45.89599755928923
-116.0,-12.948342163640191,-15.609798325480561,-45.70431600771462
-115.94,-12.932081631756354,-15.638818665456393,-45.667216352571145
-115.43,-12.793867110743744,-15.886605448229002,-45.22613502619842
-115.02,-12.68275347620419,-16.22447131600988,-44.8741742550201
-115.0,-12.677333298909579,-16.240952577852845,-44.882592097515214
-114.55,-12.877685623863803,-16.609693187049746,-45.07199355365521
-114.11,-13.073585674930154,-16.535335350447113,-45.25718608854765
-114.0,-13.122560687696742,-16.516745891296452,-45.190043021716086
-113.67,-13.092461835939982,-16.46071578769231,-44.98814440935705
-113.2,-13.04959377434702,-16.249352458474867,-44.700591840239625
-113.0,-13.031352046009589,-16.15941061625468,-44.73807832399202
-112.79,-12.851860349844204,-16.064971681923485,-44.78002131259478
-112.28,-12.415951944871109,-15.889989852264943,-44.88360251253263
-112.0,-12.176629683317255,-15.793935313406752,-45.057227409779195
-111.91,-12.315432429530802,-15.763060640202333,-45.11303541246559
-111.37,-13.148248906812036,-16.22864260693473,-45.44692411135792
-111.03,-13.672614836952084,-16.522857824227852,-45.388665861821295
-111.0,-13.718882419023267,-16.51745382247791,-45.38352542803865
-110.46,-13.599215699732087,-16.367113618753784,-45.290997619951064
-110.15,-13.530518138657524,-16.28080720550475,-45.391980657319415
-110.0,-13.497277383298862,-16.307013593580564,-45.44124647100626
-109.55,-13.572016946107071,-16.39085776365837,-45.58904391206678
-109.27,-13.618521562965514,-16.443027469484562,-45.67487351874178
-109.0,-13.663365300650439,-16.59501402972213,-45.75754018824439
-108.63,-14.004821476636202,-16.80587689354494,-45.86925947178024
-108.38,-14.235535109059013,-16.944062606979543,-45.79393756094262
-108.0,-14.586219830341681,-16.74401139238009,-45.67944825646944
-107.72,-14.807153971745848,-16.596605234254177,-45.59508771633131
-107.5,-14.98074508284912,-16.48268913812619,-45.559520259781074
-107.0,-15.375270335356559,-16.566449315174985,-45.47878141911044
-106.81,-15.52588788221689,-16.598278182453527,-45.448100659655594
-106.62,-15.67650542907722,-16.629194345855755,-45.32638507108709
-106.0,-16.167994266200417,-16.37313325305557,-44.92414845388409
-105.89,-15.836447343808043,-16.327703059171665,-44.85482593130611
-105.74,-15.384337904182061,-16.266170545636548,-44.835265165050195
-105.0,-13.153931335360646,-16.729172831698428,-44.73876538485437
-104.98,-13.144095413978615,-16.741686406997395,-44.73639061651148
-104.86,-13.085079885686419,-16.816767858791216,-44.74714205908557
-104.07,-12.69656099109614,-16.992980218834234,-44.81792238936503
-104.0,-12.66213526625903,-17.008566552971402,-44.809169108097265
-103.98,-12.644971439645374,-17.013019791296305,-44.806553694736174
-103.16,-11.94125454848533,-16.96626936571021,-44.699321746931304
-103.1,-11.889763068644351,-16.962808852914982,-44.697832695458104
-103.0,-11.803943935576058,-17.015613198211916,-44.69625081901607
-102.24,-11.995889499438304,-17.431204496369777,-44.68280748759259
-102.22,-12.00094069848731,-17.44214110947919,-44.67076728097602
-102.0,-12.05650388802638,-17.497610768696475,-44.53832500819369
-101.33,-12.018266319403711,-17.661159828939994,-44.1349780865384
-101.0,-11.999432890082097,-17.636173649199108,-44.150880083762374
-100.45,-11.909913751665826,-17.594287083611682,-44.177876666276795
-100.42,-11.905030889570394,-17.58986073414425,-44.17934920714122
-100.0,-11.836670820234332,-17.527891841600177,-43.97711184281021
-99.57,-11.533580339783262,-17.465953322381935,-43.76823403146814
-99.5,-11.484240029012163,-17.503276387135674,-43.733557327044934
-99.0,-11.131809237789993,-17.769869706805277,-43.401795299296445
-98.69,-11.38813210044989,-17.935203944440765,-43.19610284209239
-98.59,-11.470816894856304,-17.992973407298088,-43.13130877819198
-98.0,-11.958657181854175,-18.3338132381563,-43.75119331583479
-97.81,-12.147897700362458,-18.443575217585217,-43.950817149990954
-97.68,-12.277378055131281,-18.274978049148892,-44.08740187862411
-97.0,-12.954659910845153,-17.391829104386787,-44.07514049832943
-96.93,-12.80311726041892,-17.300916713014228,-44.073660978598355
-96.77,-12.456734059444619,-17.28452938910949,-44.07027921921303
-96.05,-10.898009655060367,-17.217831273225055,-44.93370564923099
-96.0,-10.789764904755911,-17.183667092838423,-44.99407949234534
-95.85,-10.714063367818275,-17.07657431762185,-45.1713366630998
-95.17,-10.370883067034343,-16.591087069973412,-44.83620483973742
-95.0,-10.28508799183836,-16.52424412177026,-44.752421883896815
-94.94,-10.350523905170368,-16.501073355715807,-44.72285142889425
-94.29,-11.059412966267091,-16.25005672345925,-44.26384618261191
-94.03,-11.342968590705789,-16.093456715469934,-44.080192321653634
-94.0,-11.375686547371794,-16.075265322291745,-44.07631912618839
-93.4,-11.286522484068124,-15.709657476061208,-44.04437585652277
-93.11,-11.243426520138016,-15.40546250089806,-44.03366616630243
-93.0,-11.227079775199009,-15.290078199974111,-44.17087899293464
-92.52,-10.909326123802508,-14.78605316839099,-44.76962587278427
-92.2,-10.697490356204847,-14.390932218824197,-45.16784665071719
-92.0,-10.565093001456304,-14.143981625344944,-45.1681590380818
-91.64,-10.797718587278123,-13.701088275966722,-45.168721335338084
-91.29,-11.023882351271554,-13.60556852044704,-45.169268013226144
-91.0,-11.21127518429469,-13.526423580159301,-45.271513737039285
-90.76,-11.098708876813676,-13.461054929174594,-45.35675162041417
-90.38,-10.920478889968727,-13.454306990208934,-45.49171160242442
-90.0,-10.742248903123786,-13.447559051243276,-45.43565003424952
-89.88,-10.552118652255613,-13.445428123148856,-45.41714207987771
-89.46,-9.886662774217035,-12.941193796025086,-45.352951521779566
-89.0,-9.157830145889081,-12.388083234031411,-45.409360703979324
-88.55,-7.701543412131906,-12.568625296396279,-45.464543599609534
-88.12,-6.309980533208417,-12.7439560596958,-45.83068768866343
-88.0,-5.921637404206492,-12.84595449728396,-45.9330218013837
-87.64,-5.541134824389557,-13.156029483446313,-46.2400241395445
-87.24,-5.118354180148511,-13.500557245848931,-47.17712871057498
-87.0,-4.864685793603893,-13.599443924175796,-47.74267213683709
-86.72,-4.8855832929562455,-13.71258824466997,-48.38880109025475
-86.35,-4.913197845671854,-13.862710876949713,-47.809101531471335
-86.0,-4.939319719862294,-14.049976245777938,-47.260737083973524
-85.81,-4.724604640679785,-14.151634588856117,-46.964066459406496
-85.47,-4.340377656879498,-14.32871707859065,-46.99962478199994
-85.0,-3.8092403557438126,-13.929731174547673,-47.04877893382029
-84.9,-3.759291305835335,-13.844840556666194,-47.05923726399483
-84.59,-3.6044492511190453,-13.582207188464778,-47.07500917031048
-84.0,-3.30974985665901,-13.21541184841405,-47.104792646909544
-83.98,-3.3381295587583213,-13.20297810807335,-47.09777984261913
-83.71,-3.7212555370991174,-13.034582682134637,-46.66466140813618
-83.07,-4.629406004277266,-12.336672573402469,-45.642200489231676
-83.0,-4.728734961624866,-12.260338655259895,-45.678823255153645
-82.83,-4.624456829689586,-12.074956282627912,-45.76776425810702
-82.16,-4.213478309709368,-11.428014297820901,-46.11829644621738
-82.0,-4.11533418553499,-11.273521234802358,-46.126644439622844
-81.95,-4.095160671388232,-11.225242152609063,-46.1291186140159
-81.25,-3.8127314733336015,-11.52726087837903,-46.16375705551869
-81.07,-3.7401068224052656,-11.605350444871233,-46.32407692979005
-81.0,-3.7118639025998053,-11.513036103163738,-46.387689299359785
-80.33,-4.282934273058974,-10.588516017736195,-46.993500343124566
-80.19,-4.402262410169844,-10.395332716303573,-46.99261635334814
-80.0,-4.564207739106024,-10.46088244328747,-46.99141665293727
-79.42,-4.607246386688783,-10.679911314522156,-46.98750617642678
-79.31,-4.615408888816548,-10.72145127285977,-46.92673919049079
-79.0,-4.638412303903885,-10.727088102043533,-46.755486775580295
-78.51,-4.839271888755049,-10.733287397434877,-46.48479747459274
-78.42,-4.8761644655644485,-10.736978633948706,-46.51680246644266
-78.0,-5.048329824008307,-11.001775556175408,-46.67671621699901
-77.59,-5.015891293054714,-11.260267789777664,-46.82718129710963
-77.54,-5.011935374645739,-11.284389038099647,-46.786167162426096
-77.0,-4.969211455828811,-10.27517537190289,-46.34321450784386
-76.68,-4.402698586891668,-9.677122828971497,-46.082429789641495
-76.66,-4.367291532583078,-9.643802091925272,-46.0847873172633
-76.0,-3.198858740400202,-9.905069311059583,-46.16258572878285
-75.78,-3.381177611401657,-9.991938763574872,-46.1885185326227
-75.77,-3.3894648328108183,-9.992364051050476,-46.18969729643361
-75.0,-4.02758088131591,-10.025111186671923,-45.41249729165011
-74.9,-4.055755171440299,-10.029364061427954,-45.311406746502556
-74.86,-4.0670248874900565,-10.05308603796226,-45.27097052844353
-74.02,-4.303688924534934,-10.557676238777661,-45.33786656051534
-74.0,-4.309323782559811,-10.571374905287005,-45.33956209278577
-73.94,-4.340555535198861,-10.612945965993779,-45.34443720878931
-73.14,-4.756978903719514,-11.167226775417396,-45.3590861822273
-73.03,-4.814237116891103,-11.165954243704071,-45.36091869363808
-73.0,-4.829852993210628,-11.165037305943805,-45.343477508883694
-72.26,-4.660216778227145,-11.142419507857241,-44.91326161827572
-72.12,-4.628123440257297,-10.992974852331528,-44.83186942275528
-72.0,-4.600614864854569,-10.861164675066904,-44.80900281872403
-71.37,-3.9583373496603507,-10.16751395606041,-44.694353997298705
-71.2,-3.785024369369844,-9.922092701000468,-44.664053117797685
-71.0,-3.5811267454986595,-9.63336181269465,-44.65564524511209
-70.49,-4.065974178658793,-8.903211716649807,-44.63420516976381
-70.29,-4.256110426956872,-8.953991185383279,-44.626360812866764
-70.0,-4.531807986989108,-9.027621415046818,-44.71222114468197
-69.61,-4.568275087036901,-9.12545441088166,-44.827688487467945
-69.38,-4.589781325526626,-9.071570748295168,-44.895784612700695
-69.0,-4.62531337172704,-8.982545566630527,-45.00879478012236
-68.73,-4.644310776235007,-8.919397063015678,-45.08909262288572
-68.47,-4.662604573168605,-8.880380942737233,-45.16641647147267
-68.0,-4.695674129163955,-8.80985180223389,-45.02119095425571
-67.85,-4.907187807513618,-8.787449216260317,-44.97404372508945
-67.55,-5.330215164212922,-9.092666577857761,-44.88024967063015
-67.0,-6.105765318161651,-9.65223174078641,-44.79819980000913
-66.97,-6.157133305468268,-9.682753476946157,-44.79372435252071
-66.64,-6.722181165841042,-9.451276221157444,-44.74448666074604
-66.09,-7.663927599795665,-9.062380735107201,-44.63423386066006
-66.0,-7.818031561715519,-9.163349743031459,-44.61619249337327
-65.73,-7.947942232081452,-9.47891088773224,-44.56206839151288
-65.21,-8.198140560193629,-10.086658277526357,-44.24375772138805
-65.0,-8.299182192700464,-9.8412014660712,-44.114753371251275
-64.81,-8.082546777347577,-9.611771541238808,-43.99837333772211
-64.33,-7.535257306982378,-9.032159099556964,-43.74045037781033
-64.0,-7.158995796106309,-9.055725696107757,-43.56312834287099
-63.9,-7.102012033506392,-9.06467053789029,-43.51014288389112
-63.44,-6.839886725546777,-9.105617079987063,-43.49020858210561
-63.0,-6.589158170107147,-9.124254107467024,-43.471140989093385
-62.99,-6.595557018921319,-9.124677676273386,-43.47070763470674
-62.56,-6.870707517930743,-9.14584390215102,-43.41319949248946
-62.08,-7.177852261011033,-9.627650536459571,-43.348866305692255
-62.0,-7.229043051524413,-9.707951642177662,-43.18853402454685
-61.68,-7.0293002835389204,-10.02716811945229,-42.51369224129569
-61.16,-6.7047182855624925,-10.005422185639137,-41.42142933253995
-61.0,-6.604846901569748,-9.998731129081245,-41.326054146856706
-60.8,-6.265902149365024,-9.989705402307221,-41.20683516475264
-60.25,-5.333804080802051,-9.468868787484423,-40.878982963966465
-60.0,-4.910123140546152,-9.232124871655879,-40.71910876032117
-59.92,-4.955469162987284,-9.156366818590746,-40.667949015154676
-59.34,-5.284227825685499,-9.001591975305821,-40.297040862697585
-59.04,-5.454275409839751,-8.921690487906611,-40.441722244831446
-59.0,-5.4769484210603165,-8.90591442594247,-40.46144784527123
-58.42,-5.552558565344205,-8.674048980473488,-40.744615470615436
-58.16,-5.586452767954224,-8.570109298021874,-40.69794812161353
-58.0,-5.607310738791158,-8.57522723048462,-40.66922975299697
-57.51,-4.666626531459361,-8.594640098524296,-40.58214879927669
-57.28,-4.225080883119954,-8.60375226107353,-40.68744593938292
-57.0,-3.6875470503589276,-8.323661183548268,-40.81563376212094
-56.6,-3.8531660777345493,-7.917580668321552,-40.99875922317525
-56.39,-3.940116067106752,-7.706931274428226,-41.01336533650288
-56.0,-4.101594618797984,-7.514175755313654,-41.03939052724418
-55.69,-3.803416442371074,-7.360959829863608,-41.060077217320604
-55.51,-3.6302807270264177,-7.285830768995953,-40.9877897992762
-55.0,-3.1397295335498936,-8.935025411151003,-40.776999113816416
-54.77,-2.6299047130257938,-9.678779857613076,-40.68044743018806
-54.63,-2.3195765614024233,-10.124766178563608,-40.546136815103814
-54.0,-0.9230998790972555,-10.492562837490214,-39.941739047224694
-53.86,-1.3978629746017597,-10.574295428362793,-39.80742843214045
-53.75,-1.7708911210695812,-10.637240671594146,-39.79272828538223
-53.0,-4.314264846986558,-10.378641935939921,-39.69335420910508
-52.95,-4.34673377400545,-10.36140202022964,-39.686729270686605
-52.87,-4.398684057235686,-10.334057718145509,-39.694170313542216
-52.03,-4.944162031153112,-11.04510378220547,-39.78030049486812
-52.0,-4.963643387364449,-11.070498284493327,-39.787327216609796
-51.99,-4.96351580567332,-11.078963118589277,-39.78966945719036
-51.12,-4.9524161985450785,-10.917518200153522,-39.99481575010261
-51.11,-4.9522886168539495,-10.915651004626103,-40.00847173051354
-51.0,-4.950885218251528,-10.864387628386718,-40.158687515033876
-50.23,-4.933609621352897,-10.501279055620586,-41.21019800667618
-50.21,-4.933160904550335,-10.50987140956185,-41.23750996749805
-50.0,-4.928449378123435,-10.637609338663518,-41.085150064667246
-49.35,-5.460854863077792,-11.032988643025819,-40.602686058021405
-49.3,-5.501809131151207,-10.98175704275798,-40.56557344212557
-49.0,-5.747534739591678,-10.626167148950454,-40.413160734551155
-48.46,-7.0100672072959505,-9.988703417430543,-40.14076360519476
-48.38,-7.1971090543632465,-9.941649136555332,-40.102665816026494
-48.0,-8.085557827932927,-9.718141302398074,-40.24400315285242
-47.58,-7.679150031081595,-9.473661422290464,-40.40021810408107
-47.47,-7.572709893811009,-9.497318128212424,-40.44113154368858
-47.0,-7.1179202163821405,-9.598396780788073,-40.493348088662984
-46.7,-7.485065156704101,-9.663037218125298,-40.52662731280275
-46.56,-7.656399462187684,-9.701649506573174,-40.54215761740131
-46.0,-8.341736684122019,-9.85609866036468,-39.87558734703209
-45.82,-7.79848648281123,-9.905047041638802,-39.65999420433201
-45.64,-7.255236281500441,-9.80571938037354,-39.44889464611723
-45.0,-5.323680010173185,-9.452554362541493,-39.41237589854113
-44.94,-5.386031881471548,-9.419445142119738,-39.40895226595587
-44.73,-5.604263431015811,-9.536373112896147,-39.39594112073933
-44.06,-6.300525993847499,-9.910594767294024,-38.70803589608905
-44.0,-6.362877865145862,-10.049247669901549,-38.646432443135296
-43.82,-6.596679901369536,-10.473289054864455,-38.461622084274026
-43.18,-7.427976030164828,-11.980991756954799,-37.74545290283995
-43.0,-7.661778066388503,-12.216771814045345,-37.54398299228978
-42.91,-7.867274141639899,-12.333245030535497,-37.44324803701468
-42.3,-9.26008087389931,-13.122674608968733,-36.81488216228186
-42.0,-9.945067791403934,-12.65437731450389,-36.50605734294289
-41.99,-9.933752617561455,-12.638397294228767,-36.49763879551175
-41.41,-9.277472534697493,-11.715840370878361,-36.34931793945203
-41.08,-8.904071797895588,-11.47177825054198,-36.264928486866324
-41.0,-8.813550407155734,-11.412611675914981,-36.20135743158295
-40.53,-8.984856088541946,-11.072183635348589,-35.826430116585954
-40.17,-9.11606895088032,-11.482018389487827,-35.53925174765209
-40.0,-9.178030580317888,-11.675551467831358,-35.53731273047832
-39.65,-8.8627743132642,-12.071159416927571,-35.538824818253794
-39.25,-8.502481436631417,-12.097606964491352,-35.54532155902071
-39.0,-8.277298388735925,-12.114136681718714,-35.861131891555395
-38.77,-8.935108702214682,-12.128825323299099,-36.151677397487305
-38.34,-10.164927983935854,-12.006635424828518,-36.69336542609573
-38.0,-11.137343229947954,-11.910020156270384,-36.55971946497873
-37.89,-11.103636924091376,-11.879028626024224,-36.51648106579382
-37.43,-10.962683281418414,-12.142544308052623,-36.33566594192963
-37.01,-10.833986477238753,-12.383145582948117,-35.91055216176076
-37.0,-10.830922267615428,-12.389394336323141,-35.90040123404607
-36.52,-11.020652598951779,-12.691681422306518,-35.413156703740846
-36.13,-11.174808493162564,-12.937289679668012,-35.75779277671934
-36.0,-11.226193791232827,-12.904066234483745,-35.87577882571418
-35.6,-10.95560065744019,-12.796224729328706,-36.24094288752864
-35.25,-10.71883166537163,-12.701863412318046,-36.886627630544844
-35.0,-10.54971095675123,-12.391019668151138,-37.34783101841356
-34.69,-10.125603449291924,-12.001660307728791,-37.919723219370766
-34.37,-9.687815054495223,-11.599740967937985,-38.263853732372546
-34.0,-9.181622223011543,-10.71840179344053,-38.66121444807187
-33.78,-9.105384393163922,-10.191402030721376,-38.897482981730924
-33.48,-9.00142371609898,-9.484582649777973,-39.25321035701211
-33.0,-8.835086632795079,-9.60631499414398,-39.8230049100487
-32.86,-8.933898925185185,-9.641820261250732,-39.97734686639768
-32.6,-9.117407468195376,-9.705959189950855,-39.43884488679277
-32.0,-9.540888721295826,-9.530029553582441,-38.19614801078144
-31.95,-9.542618775371315,-9.515368750551739,-38.09397450766414
-31.72,-9.550577024118569,-9.44741507021377,-38.03796278853679
-31.04,-9.574105759545233,-9.083215752330316,-37.8723629232907
-31.0,-9.575489802805626,-9.061792263043055,-37.78517949704855
-30.84,-9.625368791828162,-8.975389089536753,-37.419098726355536
-30.12,-9.849824242429579,-8.052616724403945,-35.77436313385995
-30.0,-9.887233484196482,-7.898821330215143,-35.562871570791714
-29.96,-9.862234833217318,-7.847556198818877,-35.4923743831023
-29.21,-9.393510127357986,-6.24606715885513,-34.175392839121805
-29.08,-9.3122645116757,-5.968443253677308,-34.242944280428404
-29.0,-9.262267209717372,-6.032440115720541,-34.284514398155544
-28.3,-8.812410895470004,-6.628731299885171,-34.64825292826801
-28.2,-8.748145707720377,-6.713915754765834,-34.62594910487775
-28.0,-8.61961533222113,-6.702124131024333,-34.58020761885221
-27.39,-8.837146545516436,-6.6589575908529675,-34.4406960864743
-27.32,-8.862109143763439,-6.654004053456253,-34.379647015352305
-27.0,-8.976223878606877,-6.474356843794811,-34.08928362460741
-26.47,-8.096806757435786,-6.173749840155413,-33.609601139426644
-26.44,-8.047028429822332,-6.156734349383372,-33.592984457918625
-26.0,-7.316946291491613,-6.206708706968899,-33.3492731291344
-25.56,-6.850337247190888,-6.260055978429535,-33.10615487309925
-25.55,-6.839732496184055,-6.254706227213546,-33.11040167962294
-25.0,-6.256471190808149,-5.403141655170289,-33.34397603842579
-24.67,-6.1291689935438605,-4.8987551979969135,-33.48412065370749
-24.65,-6.121453708861176,-4.915260742973025,-33.49261426675487
-24.0,-5.87070695667394,-5.45169095469656,-33.16115767771588
-23.79,-5.890411785302591,-5.622509775415234,-33.05338303994676
-23.73,-5.896041736339348,-5.578115883642394,-33.027630216344825
-23.0,-5.96453947395323,-5.037990200406171,-33.41180951456581
-22.91,-6.004667596054489,-4.971716749477648,-33.459174085579356
-22.82,-6.044795718155748,-4.973060471618984,-33.50440438724575
-22.03,-6.397031456600134,-4.984855365970717,-33.06415388336733
-22.0,-6.410407497300554,-4.9157244233525,-33.04743550980233
-21.91,-6.406300961617329,-4.702982721404194,-32.99728038910732
-21.15,-6.371623549181208,-2.9064972382851604,-31.616044127779805
-21.0,-6.3647793230425,-2.961224106738369,-31.343205335862187
-20.27,-5.642647595908565,-3.253382575919123,-29.97593081087632
-20.08,-5.454695502544937,-3.18610747569886,-29.62104115135673
-20.0,-5.375557779023412,-3.1567836519997288,-29.49589744378868
-19.39,-5.520298662388713,-2.9331894962938465,-28.541676673582263
-19.17,-5.572500292454888,-2.872498485159381,-28.197858880272065
-19.0,-5.612837915687841,-2.8259052511681624,-28.05437703742084
-18.5,-5.396933846022717,-2.68443948997224,-27.632371617270177
-18.26,-5.293299892583458,-2.386198705790381,-27.42980901559786
-18.0,-5.181029776357593,-2.063104522926696,-27.573804021664365
-17.62,-5.550708085601918,-1.591877394145542,-27.789257587031326
-17.34,-5.823102629255633,-1.3252401652488892,-27.940794794273163
-17.0,-6.153867432263714,-1.0014663873029555,-27.611075248166017
-16.74,-6.142907810602121,-0.7606532834082788,-27.35893677173114
-16.43,-6.129840569390221,-1.407618820277996,-27.055362144714035
-16.0,-6.111715041257586,-2.305022629484381,-25.941166143459302
-15.86,-6.156571864244164,-2.5958949377030422,-25.57840465467869
-15.52,-6.265509862925852,-2.886798223928819,-24.697412467640063
-15.0,-6.43212091973314,-3.3317091322741237,-24.514618578280764
-14.98,-6.466819868394898,-3.3488210902874043,-24.507679590862764
-14.61,-7.108750418637446,-3.2107567741733205,-24.379308323629783
-14.1,-7.993573609512307,-3.020266073031095,-23.986592290417665
-14.0,-8.167068352821103,-3.0457532405480094,-23.909259801329146
-13.69,-8.319053995230437,-3.1272886279854784,-23.66807409719735
-13.22,-8.549483840173622,-3.250906796035834,-23.089688891634164
-13.0,-8.657344618657666,-2.9935827149661516,-22.818955391157775
-12.78,-8.457786135337136,-2.7327094591745125,-22.548355425705715
-12.34,-8.058669168696078,-2.210962947591237,-22.200781280076573
-12.0,-7.7502606035643495,-2.7066120309986954,-21.93220125845405
-11.87,-8.132336759057825,-2.899823052902939,-21.82950889724544
-11.46,-9.337346172537236,-3.5091808912163156,-18.655503625027176
-11.0,-10.689307953514145,-3.991081091593233,-15.074208472198105
-10.95,-10.666764091494802,-4.043230783238914,-14.666899457609462
-10.57,-10.4954307401478,-4.430529380692142,-10.200477970065537
-10.04,-10.256465802742767,-3.7975633472821384,-3.9976723637492433
-10.0,-10.238430713127293,-3.7497923258927055,-4.167770607045624
-9.69,-10.241838548224267,-3.3804256371242536,-5.486031992592613
-9.13,-10.247994637431706,-2.8791760857847954,-7.867407398742001
-9.0,-10.249423729569147,-2.762814582795277,-8.452454853980464
-8.81,-9.923560939540693,-2.59463613264022,-9.307967531184895
-8.22,-8.911671223136544,-2.72183611826962,-11.96455952881971
-8.0,-8.534356413629911,-2.769266621385668,-11.797140898415353
-7.93,-8.430956632568174,-2.784399638950985,-11.736890016284933
-7.3,-7.500358603012547,-2.969530919551027,-11.182211104335456
-7.05,-7.131073670649203,-3.0429957134399324,-9.942299128446873
-7.0,-7.0572166841765345,-3.052958779329143,-9.694316733269158
-6.39,-7.180838435892719,-3.173760159376244,-6.669390828274438
-6.17,-7.225423329954293,-3.2173278702129036,-6.245195373301717
-6.0,-7.259875293547329,-3.004050867105656,-5.9174079762773415
-5.48,-5.632407802143182,-2.3435458757232315,-4.914764173614546
-5.29,-5.037756218745511,-2.102207513487345,-5.603683448738029
-5.0,-4.130130117770121,-2.1481558962320313,-6.678648249576348
-4.56,-3.5419771586117346,-2.224396950794682,-8.290177674480727
-4.41,-3.3414704679895584,-2.2503882193955858,-8.182154788454842
-4.0,-2.7934188469556074,-2.584504843421969,-7.886892233317416
-3.65,-2.388607320600872,-2.8720226838896643,-7.630094109610561
-3.52,-2.238248753669113,-2.975985477815725,-7.129377043389353
-3.0,-1.6368144859420775,-3.0887656621946924,-5.126508778504521
-2.74,-1.6119785834022378,-3.145155754384176,-4.125074646062105
-2.64,-1.602426313194607,-3.165137135748433,-3.55748961429343
-2.0,-1.5412917838657707,-2.992679433009555,0.09119480427422566
-1.83,-1.418222409076193,-2.946870355719541,1.060376602956259
-1.76,-1.3675467841628373,-2.926317219914648,1.0038379139380287
-1.0,-0.8173542851035481,-2.172456776554785,0.07084984704212527
-0.91,-0.7437923994442288,-2.083183829314801,-0.03598768905627387
-0.88,-0.7192717708911224,-2.05185866469548,-0.034801281724748355
0.0,0.0,0.0,0.0
0.88,-1.9948291570347616,-0.290966932428616,-3.971440385060016
0.91,-2.0628346964791286,-0.3229126385050797,-4.106830398187062
1.0,-2.266851314812229,-0.4214314718493971,-4.4434849337178886
1.76,-1.2571921652718443,-1.2533682867569664,-7.26694827963813
1.83,-1.1641972436036507,-1.260240242450346,-7.5217382420175944
2.0,-0.9383524338380383,-1.2710704643896837,-7.942291393249835
2.64,-1.6487709077182364,-1.3118430646318964,-9.52555031553592
2.74,-1.7597737942620175,-1.3498266156876482,-9.77839480554173
3.0,-2.0483812992758477,-1.4515738305978436,-11.46268777738815
3.52,-5.143736394032431,-1.6550682604182345,-14.83127372108099
3.65,-5.917575167721576,-1.636247240056259,-15.673420207004199
4.0,-8.000987250730816,-1.5785678687317017,-14.919462426378077
4.41,-8.618906476895582,-1.5092320888557715,-14.020866879017065
4.56,-8.844974486468056,-1.420588673526292,-13.692112410470354
5.0,-9.508107314547315,-1.160567988559818,-14.56887004680163
5.29,-8.658424087891532,-0.9939255947055301,-15.15897310180728
5.48,-8.101735077323948,-1.1835431009917077,-15.539673903279173
6.0,-6.578165153665303,-1.7024962760907187,-15.469340220465702
6.17,-6.554292315696697,-1.8739416099757384,-15.44634651646899
6.39,-6.5233980547961465,-2.3107871916620866,-15.4165899583556
7.0,-6.437736695026439,-3.5220408499742346,-11.106000218816654
7.05,-6.512910049215006,-3.619975176143361,-10.752587088085292
7.3,-6.888776820157841,-3.5894105841344914,-8.985521434428478
7.93,-7.835961082933786,-3.51238781227214,-9.58792914776555
8.0,-7.941203778797781,-3.645738412191889,-9.657578236992762
8.22,-8.280640320256339,-4.068243972145132,-9.88828823931224
8.81,-9.190947408713381,-5.201327064747009,-12.179008167599758
9.0,-9.484097149063953,-5.077339708867558,-12.91669763603133
9.13,-9.484097149063953,-4.9894860497745475,-13.416782374637341
9.69,-9.484097149063953,-4.611039518296969,-13.44265070704237
10.04,-9.484097149063953,-4.298207053372662,-13.458818414795513
10.57,-9.484097149063953,-3.8235339497900167,-16.59158346927624
10.95,-9.484097149063953,-4.033282726439427,-18.844747125144785
11.46,-9.484097149063953,-4.3263823377611015,-16.831628083392445
11.87,-9.484097149063953,-4.872444027349209,-15.191388930373083
12.34,-9.484097149063953,-5.491064997042258,-15.952364550546957
12.78,-9.484097149063953,-5.183383285517743,-16.66476725879484
13.22,-9.484097149063953,-4.877958454383361,-14.687919189676029
13.69,-9.484097149063953,-4.982299473823094,-12.574306280769463
14.1,-9.484097149063953,-5.0717628374929165,-12.164547261022937
14.61,-9.484097149063953,-4.564265479936776,-11.669924366745306
14.98,-9.484097149063953,-4.1965079506603296,-11.416009934909962
15.52,-9.484097149063953,-5.760432869764017,-11.039163824332627
15.86,-9.484097149063953,-6.7451263373478225,-8.796402003051403
16.43,-9.484097149063953,-6.408613256454545,-5.036477773256409
16.74,-9.484097149063953,-6.223583044694032,-4.957708423136896
17.34,-9.484097149063953,-5.400725025807063,-4.8277021071445
17.62,-9.484097149063953,-5.015915426391803,-5.78834234705889
18.26,-9.484097149063953,-4.821291627560108,-8.026347461447891
18.5,-9.484097149063953,-4.7496796699943244,-9.105080850280462
19.17,-9.484097149063953,-5.088515942700038,-12.11654489410475
19.39,-9.484097149063953,-5.19808224316775,-12.509074572443168
20.08,-9.484097149063953,-5.07971976565477,-13.736318243716134
20.27,-9.484097149063953,-5.048870272571329,-13.506702453166517
21.0,-9.484097149063953,-5.335496234585104,-12.609397140143122
21.15,-9.484097149063953,-5.396598188687281,-13.364261267088205
21.91,-9.484097149063953,-6.568493766983082,-17.182825197373944
22.03,-9.484097149063953,-6.754255085354232,-16.98402719577208
22.82,-9.484097149063953,-8.736725861362986,-15.675273685226482
22.91,-9.484097149063953,-8.962576962427274,-15.549608314928776
23.73,-9.484097149063953,-8.867321187083771,-14.409434313364418
23.79,-9.484097149063953,-8.860270429686128,-14.51330421985166
24.65,-9.484097149063953,-8.304053695803873,-16.23303669228911
24.67,-9.484097149063953,-8.291098810596703,-16.22846387299449
25.55,-9.484097149063953,-8.247572161025364,-16.02725982403121
25.56,-9.484097149063953,-8.248117265501222,-16.0249734143839
26.44,-9.484097149063953,-8.36130161009953,-23.053359207900215
26.47,-9.484097149063953,-8.408004062748928,-23.293133126582482
27.32,-9.484097149063953,-9.726214983915957,-23.974491610360587
27.39,-9.484097149063953,-9.740865641254045,-24.02293249783945
28.2,-9.484097149063953,-9.906893042407821,-23.40111547878688
28.3,-9.484097149063953,-9.79100871961678,-23.324359526662366
29.08,-9.484097149063953,-8.888135763322333,-22.737496659747016
29.21,-9.484097149063953,-8.833368760187179,-22.63968618192779
29.96,-9.484097149063953,-8.517911826317226,-19.573588286932303
30.12,-9.484097149063953,-8.819946988654515,-18.91797361364552
30.84,-9.484097149063953,-10.17910521917231,-21.882152512605344
31.04,-9.484097149063953,-9.996614898208575,-22.71302384891033
31.72,-9.484097149063953,-9.36705393665056,-24.269138303174273
31.95,-9.484097149063953,-9.29930488072573,-24.79547113329296
32.6,-9.484097149063953,-9.111658632617438,-24.88588245152702
32.86,-9.484097149063953,-9.28814585345115,-24.921394912996725
33.48,-9.484097149063953,-9.716689153887126,-23.860235579288883
33.78,-9.484097149063953,-9.954811611303233,-23.351421819284916
34.37,-9.484097149063953,-10.41902013052817,-23.676314648281952
34.69,-9.484097149063953,-10.306431550049046,-23.852357314968994
35.25,-9.484097149063953,-10.110787560325472,-24.003286937850145
35.6,-9.484097149063953,-10.13927505739581,-24.097617952150863
36.13,-9.484097149063953,-10.182046696897553,-23.571394940994487
36.52,-9.484097149063953,-10.143339050027302,-23.182379419097554
37.01,-9.484097149063953,-10.093814607554663,-22.7261011171261
37.43,-9.484097149063953,-9.616230577247137,-22.339776688507886
37.89,-9.484097149063953,-9.093162353576993,-23.02570622924055
38.34,-9.484097149063953,-9.170285136238641,-23.69672425821816
38.77,-9.484097149063953,-9.244369094581668,-25.407265321577274
39.25,-9.484097149063953,-8.666356844236466,-27.319235509902178
39.65,-9.484097149063953,-8.182976130667418,-27.164335133445057
40.17,-9.484097149063953,-8.16575568638399,-26.95479765304053
40.53,-9.484097149063953,-8.156001850357683,-28.264854550015883
41.08,-9.484097149063953,-8.28496370395915,-30.265114561675528
41.41,-9.484097149063953,-8.362944661643539,-30.583326953647823
41.99,-9.484097149063953,-8.244921890756649,-31.142609339538534
42.3,-9.484097149063953,-8.181714545651781,-30.814197349054215
42.91,-9.484097149063953,-8.223227337927206,-30.177417488833377
43.18,-9.484097149063953,-8.245942392300247,-30.989602038567334
43.82,-9.484097149063953,-9.330274988368444,-32.91667527983607
44.06,-9.484097149063953,-9.735301716809293,-33.88876361031686
44.73,-9.484097149063953,-10.156256039170643,-36.60251019957568
44.94,-9.484097149063953,-10.287990196259852,-36.11815574081299
45.64,-9.484097149063953,-10.287990196259852,-34.48105320064069
46.56,-9.484097149063953,-10.287990196259852,-34.82199547430202
47.47,-9.484097149063953,-10.287990196259852,-32.90491570825137
48.38,-9.484097149063953,-10.287990196259852,-31.549359259294537
49.3,-9.484097149063953,-10.287990196259852,-31.868050599908585
50.21,-9.484097149063953,-10.287990196259852,-33.29664792267527
51.12,-9.484097149063953,-10.287990196259852,-30.92179310427151
52.03,-9.484097149063953,-10.287990196259852,-31.905613946864104
52.95,-9.484097149063953,-10.287990196259852,-29.20836053432153
53.86,-9.484097149063953,-10.287990196259852,-27.250859585490232
54.77,-9.484097149063953,-10.287990196259852,-27.03372378093218
