scaled_day,dd_pct_2025,dd_pct_2021,dd_pct_2017
-351.0,-37.96456970164149,-16.43148136935558,-54.87694369422565
-350.0,-39.10183916640856,-16.43148136935558,-54.87694369422565
-349.0,-39.07871498489137,-16.43148136935558,-54.87694369422565
-348.0,-39.609603392685166,-16.43148136935558,-54.87694369422565
-347.0,-38.54933274984007,-16.43148136935558,-54.87694369422565
-346.0,-39.634547248963656,-16.43148136935558,-54.87694369422565
-345.0,-39.329189467390535,-16.43148136935558,-54.87694369422565
-344.0,-38.69494080705041,-16.43148136935558,-54.87694369422565
-343.0,-37.34462627472446,-16.43148136935558,-54.87694369422565
-342.0,-35.43645534572657,-16.43148136935558,-54.87694369422565
-341.0,-35.71004719448165,-16.43148136935558,-54.87694369422565
-340.0,-37.15834473820537,-16.43148136935558,-54.87694369422565
-339.0,-37.656226835628495,-16.43148136935558,-54.87694369422565
-338.0,-37.73007019157859,-16.43148136935558,-54.87694369422565
-337.0,-38.153134350688816,-16.43148136935558,-54.87694369422565
-336.0,-38.78743071785789,-16.43148136935558,-54.87694369422565
-335.0,-37.715219737253236,-16.43148136935558,-54.87694369422565
-334.0,-33.444899694989,-16.43148136935558,-54.87694369422565
-333.0,-33.25853637533456,-16.43148136935558,-54.87694369422565
-332.0,-32.817772982684666,-16.43148136935558,-54.87694369422565
-331.0,-32.71600068601618,-16.43148136935558,-54.87694369422565
-330.0,-30.185589587050487,-16.43148136935558,-54.87694369422565
-329.0,-24.500428118677597,-16.43148136935558,-54.87694369422565
-328.0,-25.001554280469172,-16.43148136935558,-54.87694369422565
-327.0,-23.326097263079255,-16.43148136935558,-54.87694369422565
-326.0,-25.475235385093136,-16.43148136935558,-54.87694369422565
-325.0,-22.941348502875513,-16.43148136935558,-54.87694369422565
-324.0,-23.22903431195407,-16.43148136935558,-54.87694369422565
-323.0,-23.739872221067188,-16.43148136935558,-54.87694369422565
-322.0,-23.308050451214395,-16.43148136935558,-54.87694369422565
-321.0,-22.002525816009268,-16.43148136935558,-54.87694369422565
-320.0,-20.66860198705758,-16.43148136935558,-54.87694369422565
-319.0,-17.911188165435092,-16.43148136935558,-54.87694369422565
-318.0,-17.51253627222366,-16.43148136935558,-54.87694369422565
-317.0,-18.361213498162154,-16.43148136935558,-54.87694369422565
-316.0,-18.19123406662071,-16.43148136935558,-54.87694369422565
-315.0,-21.618063296779212,-16.43148136935558,-54.87694369422565
-314.0,-22.347616570834745,-16.43148136935558,-54.87694369422565
-313.0,-19.606757018857184,-16.43148136935558,-54.87694369422565
-312.0,-19.801441772532396,-16.43148136935558,-54.87694369422565
-311.0,-18.557636143463334,-16.43148136935558,-54.87694369422565
-310.0,-19.256295838144435,-16.43148136935558,-54.87694369422565
-309.0,-18.71260155440876,-16.43148136935558,-54.87694369422565
-308.0,-19.666935775944356,-16.43148136935558,-54.87694369422565
-307.0,-19.62493332068634,-16.43148136935558,-54.87694369422565
-306.0,-17.701857415272865,-16.43148136935558,-54.87694369422565
-305.0,-18.861821700096595,-16.43148136935558,-54.87694369422565
-304.0,-16.921435031036296,-16.43148136935558,-54.87694369422565
-303.0,-16.895557483962683,-16.43148136935558,-54.87694369422565
-302.0,-16.04660083231178,-16.43148136935558,-54.87694369422565
-301.0,-18.670599099150742,-16.43148136935558,-54.87694369422565
-300.0,-19.12316652433461,-16.43148136935558,-54.87694369422565
-299.0,-16.0281178437251,-16.43148136935558,-54.87694369422565
-298.0,-16.82662111613293,-16.43148136935558,-54.87694369422565
-297.0,-15.873656762114269,-16.43148136935558,-54.87694369422565
-296.0,-15.893257453550577,-16.43148136935558,-54.87694369422565
-295.0,-13.816122566941702,-16.43148136935558,-54.87694369422565
-294.0,-12.690207327464247,-16.43148136935558,-54.87694369422565
-293.0,-12.664868186031617,-16.43148136935558,-54.87694369422565
-292.0,-16.7446607840004,-16.43148136935558,-54.87694369422565
-291.0,-18.63829476069172,-16.43148136935558,-54.87694369422565
-290.0,-18.37059811294235,-16.43148136935558,-54.87694369422565
-289.0,-18.73516006923984,-16.43148136935558,-54.87694369422565
-288.0,-20.19521393866858,-16.43148136935558,-54.87694369422565
-287.0,-20.41547636792116,-16.43148136935558,-54.87694369422565
-286.0,-17.80529263569325,-16.43148136935558,-54.87694369422565
-285.0,-17.29291447753124,-16.43148136935558,-54.87694369422565
-284.0,-19.798742929066194,-16.43148136935558,-54.87694369422565
-283.0,-20.819396458100695,-16.43148136935558,-54.87694369422565
-282.0,-20.16586060834304,-16.43148136935558,-54.87694369422565
-281.0,-21.23413236792885,-16.43148136935558,-54.87694369422565
-280.0,-21.876566157064186,-16.43148136935558,-54.87694369422565
-279.0,-21.376659927041416,-16.43148136935558,-54.87694369422565
-278.0,-20.675117376839612,-16.43148136935558,-54.87694369422565
-277.0,-18.957944145165385,-16.43148136935558,-54.87694369422565
-276.0,-18.11740434119315,-16.43148136935558,-54.87694369422565
-275.0,-18.067421214978268,-16.43148136935558,-54.87694369422565
-274.9,-18.058187898998458,-16.43148136935558,-54.87645229046674
-274.0,-17.975088055180198,-16.43148136935558,-54.78697900605578
-273.99,-17.948276272090585,-16.43148136935558,-54.785984858451215
-273.07,-15.481592227843938,-16.43148136935558,-54.68004648232668
-273.0,-15.293909746216498,-16.43148136935558,-54.679484572811056
-272.16,-18.349492066594795,-16.43148136935558,-54.67274165862356
-272.0,-18.93150774666696,-16.43148136935558,-54.64462057157091
-271.24,-19.91840256048563,-16.43148136935558,-54.50768754499413
-271.0,-20.23005355432312,-16.43148136935558,-54.509395875864925
-270.32,-21.38363820936948,-16.43148136935558,-54.514726193617705
-270.0,-21.926501576450104,-16.43148136935558,-54.54191104449275
-269.41,-21.06048182774727,-16.43148136935558,-54.59203311329362
-269.0,-20.45867149390287,-16.43148136935558,-54.56650495802025
-268.49,-20.50599775866101,-16.43148136935558,-54.53417215261805
-268.0,-20.551468091467854,-16.43148136935558,-54.50719594599345
-267.57,-20.567703406884963,-16.43148136935558,-54.48376027583375
-267.0,-20.589224638949506,-16.43148136935558,-54.48501994112152
-266.66,-20.589959187810077,-16.43148136935558,-54.48577132041598
-266.0,-20.591385076774714,-16.43148136935558,-54.390345972077526
-265.74,-20.23193960972928,-16.43148136935558,-54.352713598265304
-265.0,-19.208902511215307,-16.43148136935558,-54.29011317332683
-264.83,-18.74832994828655,-16.43148136935558,-54.27573199462475
-264.35,-17.447889770605578,-16.429580470194303,-54.23406094227631
-264.0,-16.4996521410464,-15.767894753043617,-54.20366777981176
-263.91,-16.53206586444893,-15.597746997204927,-54.19585239517802
-263.47,-16.69053295663913,-14.765913524215552,-54.22873836252322
-263.0,-16.859804623296856,-14.288505076186098,-54.26408373852107
-262.99,-16.831690171166514,-14.278350513022051,-54.26455301817482
-262.59,-15.707112085951756,-13.872167986459754,-54.24741949031842
-262.08,-14.273275027303088,-14.529320561102045,-54.22557424230151
-262.0,-14.0483594102602,-14.632886904241852,-54.22398626933077
-261.71,-13.983532644981244,-15.00831489812375,-54.21857646840707
-261.16,-13.860585331521174,-15.21128436586229,-54.20831650113797
-261.0,-13.82481884033278,-15.269652590906631,-54.234250302077186
-260.83,-14.198334618745097,-15.331668830016238,-54.261863491148645
-260.24,-15.494654084999436,-15.453741471094565,-54.35794652003278
-260.0,-16.02197047805209,-15.503160640844676,-54.4147913535764
-259.95,-15.99013298499062,-15.513456301209285,-54.426634027231316
-259.33,-15.595348071028486,-15.22456652078181,-54.57348318055232
-259.06,-15.4234256084966,-15.100517437341292,-54.540345128898984
-259.0,-15.385220616822844,-15.120214052128478,-54.532738388515696
-258.41,-13.771257906404728,-15.313897430869131,-54.45817415846941
-258.18,-13.142086002343351,-15.389258442656384,-54.51277005398635
-258.0,-12.649690599164902,-15.439226145098925,-54.55549727656482
-257.49,-13.515907922292216,-15.580801302019445,-54.674695848308666
-257.3,-13.83861633679063,-15.637404522877569,-54.637461624361244
-257.0,-14.348155938630253,-16.42440589887876,-54.57867074444425
-256.58,-14.273947966201751,-17.52620782528043,-54.49636351256047
-256.42,-14.245678262419473,-17.94412361806217,-54.47277993316869
-256.0,-14.171470289990971,-17.439270294530136,-54.41113823181095
-255.66,-13.957382896372183,-17.03057950881374,-54.36141831409543
-255.54,-13.881822639800845,-16.886335702090303,-54.357370225647415
-255.0,-13.541801485229836,-17.160989537523406,-54.33915382763135
-254.75,-13.561686713824525,-17.28869497823234,-54.33072031003132
-254.66,-13.568845396118615,-17.334668936887553,-54.328343612217296
-254.0,-13.621342399608594,-17.254830540268205,-54.311184085077336
-253.83,-13.872822269451516,-17.233961793059017,-54.306764206874625
-253.78,-13.9467869370524,-17.227823926232784,-54.30496049175017
-253.0,-15.1006357516259,-17.196087982434708,-54.276645322023
-252.91,-15.131340003042013,-17.192454992865056,-54.27405989963755
-252.9,-15.134751586532687,-17.19205132735732,-54.27637286089995
-252.01,-15.438382517203122,-17.096971895261913,-54.48222641325404
-252.0,-15.441794100693798,-17.108741952071064,-54.48453937451644
-251.13,-15.899783338834988,-18.121242099915133,-54.711947108953886
-251.08,-15.926104559417805,-18.013752367544996,-54.72502312362199
-251.0,-15.968218512350335,-17.841768795752692,-54.75697084058653
-250.25,-14.712208454147198,-16.23436431366874,-55.05667758165585
-250.16,-14.561487247162816,-16.235498968013115,-55.09055661041882
-250.0,-14.293538434746152,-16.237516131292,-55.05909227747221
-249.37,-13.866156330547865,-16.245460139889698,-54.935201466494924
-249.25,-13.784750215462473,-16.247126694643526,-54.91160321678496
-249.0,-13.615154142367913,-16.250598683714006,-54.89648826020452
-248.49,-14.425491298154112,-16.25768154141778,-54.86645518781709
-248.33,-14.679714719577232,-16.360217324486314,-54.85691064199303
-248.0,-15.20405052626245,-16.571768321296634,-54.786889046557576
-247.61,-15.679135506557104,-16.82178313570881,-54.70413625195204
-247.41,-15.922768829785163,-16.776435250037114,-54.66366358863316
-247.0,-16.422217142402634,-16.681279630632638,-54.757735496321224
-246.73,-16.964561391031722,-16.618616173951636,-54.819685289188975
-246.5,-17.426558343567578,-16.368511556157692,-54.8724573349652
-246.0,-18.43089954473252,-15.820305965294455,-54.89167134921649
-245.85,-18.04409802783174,-15.655844288035478,-54.897326193387606
-245.58,-17.347855297410412,-15.361782298360492,-54.90801825787499
-245.0,-15.852222765394094,-14.73015017404485,-55.10011331436792
-244.97,-15.927159630016307,-14.697479546925074,-55.11004926556583
-244.67,-16.676528276238447,-14.781302669715362,-55.20940877754492
-244.08,-18.150286613808532,-14.955127989642133,-55.13962702550018
-244.0,-18.350118252801128,-14.901601311289161,-55.12988249402738
-243.75,-18.54720197844629,-14.734330441436153,-55.09943083317486
-243.2,-18.980786174865656,-14.36648865155465,-55.10283023949841
-243.0,-19.138453155381775,-14.24321017016354,-55.10411070421302
-242.83,-19.146993154831744,-14.138423460981098,-55.104545471795
-242.32,-19.172613153181658,-13.825498669656,-54.98433030952893
-242.0,-19.188688446263953,-13.889962737291585,-54.90890118810709
-241.92,-19.190189984628784,-13.906078754200484,-54.890043907751625
-241.44,-19.199199214817757,-14.00028995973893,-54.886861358189854
-241.0,-19.20745767582432,-12.219975712708251,-54.88471641729736
-240.56,-19.225698858940845,-10.439661465677574,-54.890250364799996
-240.08,-19.2455983314316,-10.36160477718505,-54.89642619309359
-240.0,-19.248914910180062,-10.348974443259612,-54.900474281541605
-239.68,-19.249008688175252,-10.298453107557869,-54.91666663533366
-239.17,-19.249158146855088,-10.740859906508733,-54.94247319918976
-239.0,-19.24920796641503,-10.888930746103156,-54.91810473676897
-238.8,-19.117184087984548,-11.063131733861306,-54.88881004403422
-238.25,-18.75411842230069,-10.162341505589032,-54.80836137785465
-238.0,-18.589088574262576,-9.749537944380178,-54.80113032711859
-237.92,-18.68015845723012,-9.617440804793322,-54.798816390883054
-237.33,-19.351798844115635,-9.736011855898438,-54.78155015546691
-237.03,-19.69331090524389,-9.800161837009055,-54.75976925567677
-237.0,-19.727462111356715,-9.806427051681913,-54.757591165697754
-236.42,-18.901928831193096,-9.927554535357158,-54.71548142610349
-236.15,-18.517628855944547,-9.98007022601484,-54.67824227291928
-236.0,-18.304128869695333,-9.848506372861035,-54.6574899697844
-235.5,-18.725734562891994,-9.409960195681698,-54.5886489580707
-235.27,-18.91967318176245,-9.211328056384637,-54.597155273664654
-235.0,-19.147340256088658,-9.323907322785299,-54.607140948492344
-234.59,-18.900400577004074,-9.494861023615927,-54.62230438063809
-234.39,-18.779942196962804,-9.576884803498512,-54.627762827654735
-234.0,-18.545048355882354,-9.303838268917525,-54.638320811711466
-233.67,-18.525277078456238,-9.072798893502826,-54.647254490528695
-233.51,-18.515691004552668,-8.960728997305562,-54.61978713964375
-233.0,-18.485135393985036,-8.131231639341548,-54.53172659130243
-232.75,-18.736799139577265,-7.7246152873983975,-54.48911034884062
-232.63,-18.857597737461543,-7.529439438465678,-54.491563381243125
-232.0,-19.491790376353958,-7.689748911484752,-54.504441801356286
-231.84,-19.528656032881305,-7.730996086201107,-54.507712511226295
-231.75,-19.549392964677942,-7.754197621979057,-54.50668201528877
-231.0,-19.722200729649888,-6.00900895886022,-54.497127278585836
-230.92,-19.73170938218534,-5.822223542277602,-54.49610474060392
-230.87,-19.737652290019994,-5.705482656913523,-54.494361163651156
-230.0,-19.841058886343017,-5.6103487446147335,-54.46415353894453
-229.99,-19.834075765179463,-5.609343988400374,-54.46414833908782
-229.1,-19.21257798162268,-4.901347444504202,-54.463685551840705
-229.09,-19.205594860459126,-4.919797137036932,-54.463680351983996
-229.0,-19.14274676998709,-5.085844369831665,-54.458747936954545
-228.22,-18.230978898427665,-6.528356073584897,-54.4147668989271
-228.17,-18.172532239994354,-6.677210570912079,-54.41202335789507
-228.0,-17.97381360132116,-7.1833158618243464,-54.414117275193604
-227.34,-18.9589679337146,-9.1417402521162,-54.422246601176155
-227.25,-19.09330716085917,-9.098130905131166,-54.42377065223916
-227.0,-19.46647168070517,-8.97699383017274,-54.4487055901144
-226.46,-19.31002831219894,-8.716648254386719,-54.50256505592491
-226.34,-19.275263119197557,-8.884875147864983,-54.51453382610502
-226.0,-19.17676173902697,-9.361518012720058,-54.51802543844283
-225.58,-19.26725396044855,-9.950312139893947,-54.52216127447281
-225.42,-19.30172718765678,-10.024888570912548,-54.523681179737515
-225.0,-19.39221940907836,-10.219480626712926,-54.516433229467154
-224.7,-20.364449143678492,-10.358474952284634,-54.51125612213118
-224.51,-20.980194642258542,-10.374979420571265,-54.50797728748506
-224.0,-22.63298519107867,-10.417603803758674,-54.490416398876796
-223.82,-22.992063860762133,-10.432647703707172,-54.484192170396035
-223.59,-23.45088660535763,-10.563184220878167,-54.476238989559505
-223.0,-24.627866689320054,-10.901577332029264,-54.45606719333652
-222.94,-24.810732144276034,-10.935990190790394,-54.45401584986479
-222.67,-25.63362669157795,-10.281600540284998,-54.444708269468926
-222.05,-27.523236392789602,-8.766260127632288,-54.40771388891221
-222.0,-27.675624271919617,-8.7994218506273,-54.404730471125376
-221.76,-27.591647712890513,-8.958598121003327,-54.39041006574858
-221.17,-27.38520533861064,-9.343177961392648,-54.392212316559764
-221.0,-27.3257219426317,-9.144643056590859,-54.39279242557387
-220.84,-27.36142954996264,-8.95778667560093,-54.39331924223524
-220.29,-27.484174450162758,-8.321163381447956,-54.360537395594974
-220.0,-27.54889448845009,-8.641960368828437,-54.34325242191192
-219.92,-27.455060335508076,-8.73045608948514,-54.33880607979968
-219.41,-26.856867610502842,-9.2928646453804,-54.349927598327255
-219.01,-26.38769684579284,-9.210324169082908,-54.358650357956726
-219.0,-26.375967576675098,-9.208260657175472,-54.358474977713584
-218.53,-23.734400656702547,-9.111307775064228,-54.344407090378226
-218.09,-21.26144439119634,-9.106563139141649,-54.3313656050818
-218.0,-20.75561242779732,-9.105592645430214,-54.33788525042185
-217.65,-22.688783779742266,-9.101818503219071,-54.36323942674426
-217.17,-25.339990205266908,-8.502855095084369,-54.39700485569089
-217.0,-26.278959147640116,-8.29028076934372,-54.37445242716154
-216.77,-26.10827924354448,-8.002680210988716,-54.343940317974784
-216.26,-25.729815108375867,-7.690586695085316,-54.276283032386736
-216.0,-25.536872608093844,-7.532191365835802,-54.26303338723716
-215.89,-25.285447601104163,-7.46517795730715,-54.2574779903256
-215.34,-24.028322566155946,-6.6899951113379625,-54.2296984972818
-215.01,-23.274047545186964,-6.223269300646088,-54.21265694189094
-215.0,-23.251190726369742,-6.213419078056782,-54.21214053112152
-214.43,-23.516080576914266,-5.853426119977993,-54.18270511726458
-214.12,-23.66014347808761,-5.655920962383928,-54.14684614296734
-214.0,-23.715909762412775,-5.53230717416808,-54.13286112834828
-213.51,-24.772811144539762,-5.027550872286711,-54.07575565198713
-213.24,-25.355185375507645,-4.753492002096158,-54.07561045883988
-213.0,-25.87285135859026,-4.817073893442889,-54.07553246098925
-212.59,-26.026616533871966,-4.925692957826883,-54.07535890712163
-212.36,-26.11287504683487,-4.98185782569479,-54.07234656513186
-212.0,-26.24788837147247,-4.2079058062680526,-54.0676315950609
-211.68,-27.449014380922886,-3.5199484556665483,-54.06344051055339
-211.48,-28.199718136829475,-3.0925757097648,-54.04649399465382
-211.0,-30.0014071510051,-3.6124875696543173,-54.00526433080756
-210.76,-30.35380413853134,-3.8724434995990915,-53.984580842981686
-210.6,-30.58873546354882,-4.045747452895598,-53.94676228513658
-210.0,-31.46972793236438,-5.1853057970182155,-53.80494269321744
-209.84,-30.99322667262348,-5.489267643015021,-53.76765769405325
-209.72,-30.63585072781778,-5.717239027512637,-53.75488554601158
-209.0,-28.491595058983684,-5.327791899617546,-53.67825265776159
-208.93,-28.456057287963798,-5.289563816906336,-53.670802238070614
-208.84,-28.41036586808108,-5.240413424849058,-53.660028133733704
-208.01,-27.98898944027381,-4.290771384911989,-53.56032483189372
-208.0,-27.9839126158424,-4.2793103559204635,-53.55869500180648
-207.96,-28.054409678504864,-4.23346623995433,-53.55217568145747
-207.1,-29.570096525748188,-4.723906495117845,-53.412010293953905
-207.07,-29.62296932274505,-4.7370607313618445,-53.40990663063116
-207.0,-29.746339182404377,-4.718361942671116,-53.40628038055867
-206.19,-28.141536932822927,-4.503048013463774,-53.36431948686271
-206.18,-28.121724559371323,-4.503171923971918,-53.363801451138066
-206.0,-27.7651018372421,-4.505402313118512,-53.350573949864966
-205.31,-27.59065207137037,-4.515067674926737,-53.29976030012179
-205.26,-27.57801078398836,-4.537022842859686,-53.29611806740988
-205.0,-27.512276089601915,-4.651189716110996,-53.281373223729204
-204.43,-28.207205996243253,-4.9032515507263925,-53.249047989506195
-204.35,-28.30474001822802,-5.036586132166394,-53.244511114527526
-204.0,-28.731451364411296,-5.619924925966301,-53.101507733461666
-203.55,-28.28711438951015,-6.3694446754065694,-52.91581922542538
-203.43,-28.168624529536505,-6.356216688112993,-52.86630228994903
-203.0,-27.74403586463095,-6.308816400311015,-52.820598202540026
-202.67,-28.03925335525336,-6.272439435253681,-52.785603491878994
-202.51,-28.1823891082824,-6.44732415629933,-52.76873075018219
-202.0,-28.63863432106247,-7.008224281700285,-52.72920046450667
-201.79,-28.04050518244492,-7.239183156865397,-52.71292328805204
-201.6,-27.49934072369574,-7.350205012168037,-52.69819631887881
-201.0,-25.79040032764569,-7.69740059275942,-52.57109998283219
-200.91,-25.955676274768567,-7.74947992984813,-52.55197393488307
-200.68,-26.378048139638114,-7.317044421404803,-52.50346801688861
-200.03,-27.571707757747767,-6.072137999663374,-52.762537877776516
-200.0,-27.62679974012206,-6.051817759199832,-52.774494948279035
-199.76,-27.64666649935868,-5.940398760859318,-52.86737826856856
-199.14,-27.697988960719954,-5.654686556302489,-52.7107364851002
-199.0,-27.709577903607983,-5.656785328649828,-52.6753657598009
-198.85,-27.73103882061021,-5.659034013307691,-52.63746855412307
-198.26,-27.81545176081897,-5.66457863325655,-52.62245746987036
-198.0,-27.852650683622826,-5.404793572298856,-52.61605254636896
-197.93,-27.745743973565137,-5.334851440502558,-52.6147046787589
-197.38,-26.905762680254636,-4.78602489658129,-52.73399914139641
-197.02,-26.355956742815067,-4.550481831583362,-52.81208278966823
-197.0,-26.325411968512853,-4.537396105750137,-52.81386186725869
-196.5,-25.837889068232712,-4.21085291302272,-52.83818744692583
-196.1,-25.44787074800859,-4.21167787425815,-52.85764791065954
-196.0,-25.35036616795257,-4.211884114567008,-52.82815492395946
-195.62,-25.37516090631429,-4.212667827740667,-52.71457510384522
-195.18,-25.403870603364698,-4.170657040486601,-52.58317009831842
-195.0,-25.415615479430777,-4.15346059047582,-52.53714941649683
-194.74,-25.5045452340517,-4.128621273793582,-52.47067509831011
-194.27,-25.665302867404918,-4.050932362578748,-52.35050998466487
-194.0,-25.75765299720358,-4.006245243657101,-52.27438600149759
-193.86,-25.72984277833668,-3.9830741449569924,-52.23486124066982
-193.35,-25.62853412389295,-4.486911596517576,-52.090878183368666
-193.0,-25.55900857672569,-4.834747797208109,-51.99670463256901
-192.98,-25.59766037692887,-4.854624151533293,-51.99132343085721
-192.43,-26.660584882515707,-4.508274851703189,-51.844539431444204
-192.1,-27.29833958586785,-4.296771423222171,-51.87010712688273
-192.0,-27.491598586883633,-4.27194370393388,-51.877854913379245
-191.52,-28.06897770840286,-4.162556505281277,-51.915044288562555
-191.21,-28.4418683910507,-4.094925378323991,-51.76718292159493
-191.0,-28.694471756715377,-4.209653868330341,-51.665923186979704
-190.6,-28.759039542065757,-4.42818432548529,-51.473093371456756
-190.33,-28.802622797177264,-4.577355367286769,-51.35918823530716
-190.0,-28.85589122009133,-4.959109505438136,-51.21997084667987
-189.68,-28.82223146246928,-5.329295336372772,-51.0850429777753
-189.45,-28.798038511678424,-5.591650478204023,-50.99170522485635
-189.0,-28.750704477522415,-5.036136384998029,-50.809087882188855
-188.77,-28.337500979192697,-4.752206959581637,-50.715750129269914
-188.57,-27.978193589340723,-4.5058012282394735,-50.79564847069066
-188.0,-26.95416752826269,-4.52880068177931,-51.02785294690007
-187.85,-27.228170678035923,-4.534853169552951,-51.08895532870903
-187.69,-27.52044070446069,-4.541309156511502,-51.15375594301752
-187.0,-28.78085519341751,-3.9328550872647394,-51.433208592222904
-186.94,-28.75287513823955,-3.879882929226075,-51.457508822588586
-186.81,-28.692251685353973,-3.7651099201423097,-51.517317563335006
-186.02,-28.323847625510858,-3.619328593659631,-51.88238032840755
-186.0,-28.314520940451533,-3.615672596098532,-51.87632807332466
-185.93,-28.28180216595418,-3.6028766046346927,-51.852361608761484
-185.1,-27.893850982628376,-3.733383082747203,-51.56826929720079
-185.05,-27.870480429415984,-3.741309197197678,-51.55268110176012
-185.0,-27.847109876203582,-3.6499164599183493,-51.537092906319444
-184.19,-28.04689728415045,-2.0181113685794037,-51.28456414018052
-184.16,-28.054296817778113,-1.9679353335658603,-51.28924357007115
-184.0,-28.093760997125642,-2.0077241897112,-51.32469099325691
-183.28,-30.609819155839283,-2.1855956902194182,-51.484204397592855
-183.27,-30.644764408043606,-2.184579457729808,-51.48641986154196
-183.0,-31.588286217561258,-2.1571411805103082,-51.39769287890378
-182.4,-31.273723744105702,-2.0984925641624543,-51.20047531357034
-182.35,-31.247510204651068,-2.1464096169963973,-51.18386959341264
-182.0,-31.06401542846866,-2.481828986833917,-51.05226447001639
-181.52,-32.00889524694857,-2.941321554895161,-50.8717774436444
-181.44,-32.16637521669524,-2.9780469662807705,-50.84169627258239
-181.0,-33.03251505030184,-3.180036728901591,-50.71321169342236
-180.64,-31.47623677949553,-3.3453010801368146,-50.60827728506904
-180.52,-30.95747735589355,-3.6450688518189582,-50.57340478710488
-180.0,-28.70951985361781,-4.945356340582936,-50.482029005120474
-179.76,-29.207155511193125,-5.545489027704782,-50.43985556728152
-179.6,-29.538912616243316,-5.593630472435346,-50.413066498655915
-179.0,-30.78300176018154,-5.7632132296215035,-50.48207509700622
-178.88,-30.469925286295084,-5.797129781058737,-50.49587681667629
-178.69,-29.97422086930822,-5.715773211339558,-50.51772953948722
-178.0,-28.174031144461164,-5.413817107787328,-50.11883075321181
-177.77,-27.87768709114948,-5.740242776053218,-49.98544992323488
-177.12,-27.040193027442502,-6.682247049986985,-49.60829456639433
-177.0,-26.88557873875813,-6.82443828460856,-49.53866588513145
-176.86,-27.03231921978246,-6.988777437382954,-49.45743242365811
-176.23,-27.692651384392043,-7.72492813618152,-49.75750192763961
-176.0,-27.933725031789173,-7.8010005393948285,-49.868794135792896
-175.94,-27.898669099741657,-7.820845514146128,-49.89782688574593
-175.35,-27.55395243460776,-8.016763554938839,-49.73174599936536
-175.02,-27.361144808346438,-8.216257809822478,-49.63910049961354
-175.0,-27.349459497663926,-8.228348370724524,-49.637755036690066
-174.47,-27.696429492634266,-8.548641835046059,-49.60210026921803
-174.11,-27.932107225066936,-8.743247529318472,-49.57788193659551
-174.0,-28.004119865532488,-8.802710380346163,-49.538106851106924
-173.59,-27.892645771823926,-9.022722525899347,-49.38584627190701
-173.19,-27.78389055844972,-7.924435222653571,-49.23733771925656
-173.0,-27.73223183209697,-7.402748753611841,-49.23066272819733
-172.71,-27.547781897046416,-6.606490458758687,-49.220474583949034
-172.27,-27.267926823176605,-6.359523867374599,-49.20848025934003
-172.0,-27.09619757330194,-6.208884282556966,-49.447425699790685
-171.83,-27.153605926679486,-6.114037136560688,-49.5978728289633
-171.36,-27.3123231389586,-6.1593493950916995,-50.01381489196997
-171.0,-27.433893769640477,-6.194985724588276,-49.9743215700097
-170.95,-27.413157655675192,-6.199935214796134,-49.96847660607765
-170.44,-27.201649293229334,-6.56266223315948,-49.90973428328268
-170.07,-27.048202049886257,-6.827164930300409,-50.171030332824145
-170.0,-27.019171490334866,-6.678879963188124,-50.22046472057523
-169.52,-26.985689474726964,-5.5755608399337815,-50.556573577533534
-169.18,-26.961973047004697,-4.804430340045159,-50.589733713749396
-169.0,-26.949417291151732,-4.793333280846002,-50.60728907998133
-168.61,-26.32619933564835,-4.769289652581164,-50.64532570681717
-168.3,-25.830820960761024,-4.752713841327891,-50.60094923377407
-168.0,-25.351422533450695,-4.953230981614354,-50.557621427745694
-167.69,-24.090749609786183,-5.160432026577026,-50.51221473927065
-167.42,-22.992744160142866,-5.338599369992468,-50.3881923069204
-167.0,-21.284735682920044,-5.200306261470891,-50.195268523264474
-166.78,-21.246978862827948,-5.127867014150062,-50.094213208016136
-166.54,-21.20578960454566,-5.051705319192797,-50.17365172047327
-166.0,-21.113113773410518,-6.237859199271358,-50.360238178765016
-165.86,-21.08629871899547,-6.545380575587997,-50.40861244572953
-165.66,-21.04799149840254,-6.984696827468989,-50.38149411792629
-165.0,-20.92157767044587,-5.452009238415154,-50.290913264036284
-164.94,-20.893492115023324,-5.312658981987843,-50.281946691923956
-164.78,-20.8185973005632,-4.9410582981817015,-50.220499985192816
-164.03,-20.467527857781377,-5.364752321411436,-49.932468547390584
-164.0,-20.453485080070102,-5.381839663645919,-49.932760528983316
-163.9,-20.456357712698896,-5.43879747109419,-49.93874036419875
-163.11,-20.479051510466356,-5.030200504021734,-49.98595103841818
-163.02,-20.48163687983227,-4.983356344321406,-49.98118049487865
-163.0,-20.48221140635803,-4.967602916046325,-49.98012037409209
-162.19,-20.971354089786175,-4.282939311882762,-49.9369962200563
-162.14,-21.001548082590386,-4.240676126440557,-49.93192960967539
-162.0,-21.086091262442157,-4.283679811729765,-49.91774310060886
-161.28,-20.46682936165296,-4.533770801997963,-49.84478391112383
-161.25,-20.44102678245341,-4.548243919394665,-49.856297643177896
-161.0,-20.226005289123826,-4.881392705401746,-49.96295157914669
-160.37,-20.55724906869454,-5.715590131459402,-50.231719497788056
-160.36,-20.5625069064655,-5.710781793893041,-50.23553253615434
-160.0,-20.7517890662202,-5.537681641503874,-50.255047598383506
-159.49,-20.78256712691596,-5.300170519307694,-50.282693936541484
-159.44,-20.785584583846916,-5.493634462795042,-50.286913941544825
-159.0,-20.812138204839336,-7.1961171654833125,-50.44724112345573
-158.61,-20.18952892032072,-8.702819167771422,-50.58934930742222
-158.53,-20.061814195291234,-8.705145469749821,-50.6184997041333
-158.0,-19.21570414197103,-8.720557220356724,-50.490938949705814
-157.73,-19.141210541942357,-8.728408489533827,-50.42549680307583
-157.61,-19.108102275262954,-8.717001569078512,-50.396834368678576
-157.0,-18.93980191964262,-8.65865707275789,-50.36802943744761
-156.85,-19.049031475201794,-8.644310065465934,-50.36094625763672
-156.7,-19.15826103076097,-8.902153681283579,-50.35386307782582
-156.0,-19.66799895670376,-10.120303194997952,-50.41770685177165
-155.97,-19.700482809144855,-10.17250960272857,-50.42046797568417
-155.78,-19.906213874605115,-10.208762627074098,-50.43795509379679
-155.09,-20.653342480750283,-10.323808461039553,-50.54251071829156
-155.0,-20.75079403807357,-10.463960662298398,-50.55615254236782
-154.86,-20.70676635977411,-10.691211758061396,-50.577470027171486
-154.2,-20.499207304933783,-11.756253988681939,-50.69801570532963
-154.0,-20.43631062164884,-11.81647172359279,-50.734544698710884
-153.95,-20.364573862959826,-11.831526157320507,-50.7436769470562
-153.32,-19.46069070347847,-12.03243250985333,-50.617651049952876
-153.03,-19.0446175030823,-13.027863502119361,-50.5590664837422
-153.0,-19.0015754478689,-13.130839122008958,-50.552978751500056
-152.44,-18.91793583535739,-15.03962561434676,-50.43934108297992
-152.11,-18.86864820655597,-14.336477888824733,-50.372648006277736
-152.0,-18.852218996955493,-14.102095313650684,-50.35767989374962
-151.56,-16.994464099568884,-13.16943718331758,-50.297807443637154
-151.2,-15.474482819888866,-13.813290154751867,-50.24882089354513
-151.0,-14.63004877562227,-14.170986249993103,-50.24514982930833
-150.68,-14.688175866454229,-14.743162713981517,-50.23971077919064
-150.28,-14.760834729994178,-14.70758736952251,-50.23293305265447
-150.0,-14.811695934472143,-14.682684628401205,-50.232487164941666
-149.8,-14.56168080058314,-14.6648969561717,-50.232168673718235
-149.37,-14.024148262721747,-15.337998427131433,-50.23148391758786
-149.0,-13.561620265027061,-15.918744137134059,-50.336248155440394
-148.92,-13.598889930242992,-16.044310777134648,-50.359210722667676
-148.45,-13.817849213386555,-14.985862436281622,-50.49411580512792
-148.04,-14.008856247618173,-14.05494125042933,-50.42498302807028
-148.0,-14.027491080226131,-14.055309786143216,-50.41817901556646
-147.53,-14.455886613776494,-14.160359562601345,-50.33898338881161
-147.16,-14.793134161465082,-14.24305832279179,-50.39593221948941
-147.0,-14.938970938843926,-14.164461753029192,-50.42055874086359
-146.62,-14.594307500900616,-13.969742737468788,-50.47904672912727
-146.27,-14.276854334373885,-13.794456237022352,-50.636359299053915
-146.0,-14.031961891624679,-13.915677138686963,-50.75864432928124
-145.7,-14.151708758388487,-14.050367029425418,-50.89451658508938
-145.39,-14.275447187377752,-14.192954015689478,-50.94814007774474
-145.0,-14.431118114170692,-14.803324870917747,-51.01546782241385
-144.78,-14.394976102085874,-15.147636635405497,-51.05213991318261
-144.51,-14.350619996345413,-15.568378156067986,-50.99077802911403
-144.0,-14.26683624105788,-15.87282793780626,-50.87487224809561
-143.87,-14.292210821849153,-15.950432784131701,-50.845327637247784
-143.63,-14.339056201771506,-16.0928621355774,-50.87705109803467
-143.0,-14.462025324067675,-15.725708148064857,-50.96326894715471
-142.95,-14.473575828882097,-15.696568942706712,-50.97027541425066
-142.75,-14.519777848139778,-15.580012121274164,-51.055078577354784
-142.03,-14.686105117467434,-14.927429485203005,-51.361846804156
-142.0,-14.693035420356088,-14.900232376086604,-51.38506481434411
-141.87,-14.399562977384,-14.782378236582206,-51.48567619182592
-141.12,-12.706452729468051,-15.02730283880056,-52.06612644652865
-141.0,-12.435555089801488,-15.066812494355737,-52.09051335929654
-140.99,-12.441397676990123,-15.070104965652,-52.0924425061356
-140.2,-12.902962064892678,-14.678459021061908,-52.2430644026405
-140.11,-12.955545349590423,-14.633577304429501,-52.15505357792898
-140.0,-13.019813808665468,-14.53501004408006,-52.04748479217042
-139.29,-12.406704316842612,-13.888247254739774,-51.35317717500159
-139.22,-12.346256902155858,-13.835280565894395,-51.329486175566146
-139.0,-12.156279313140328,-14.12341291377698,-51.26545254012224
-138.37,-10.947068631845928,-14.94851918271347,-51.08208349316924
-138.34,-10.889487170831908,-14.985720071642335,-51.0867225438494
-138.0,-10.236897279339681,-15.238601182820092,-51.14549587424998
-137.46,-9.49238818701944,-15.637944536111316,-51.23884175194503
-137.45,-9.478600981606075,-15.63629982508912,-51.23557674362891
-137.0,-8.85817673800588,-15.562287829090428,-50.404139155310475
-136.58,-10.115610436137395,-15.49511683398817,-49.6281307395466
-136.54,-10.235366026435699,-15.54491943330176,-49.55422517614048
-136.0,-11.852066495461955,-16.21725452403488,-49.842875173228066
-135.7,-11.757116275333022,-16.59056388960336,-50.0084061117406
-135.62,-11.73179621663198,-16.59821651388083,-50.052547695343925
-135.0,-11.535565761698857,-16.657524352031203,-49.77175267495497
-134.82,-11.381649492074608,-16.674742756655505,-49.69016497324331
-134.7,-11.279038645658442,-16.41272178191695,-49.6381628201297
-134.0,-10.680475374897506,-14.871032229273354,-49.80969309332031
-133.94,-10.66347920371129,-14.738887410475323,-49.824395688165225
-133.79,-10.620988775745753,-14.790896558417717,-49.8611521752775
-133.06,-10.414202026313479,-15.071160339548895,-49.8032691942962
-133.0,-10.397205855127263,-15.05223128303237,-49.79843332755676
-132.87,-10.440252272107877,-15.005880270522175,-49.78843582083076
-132.18,-10.668729408389607,-14.75986335796805,-50.19146923955716
-132.0,-10.728332139593538,-14.931877802966829,-50.296608392268396
-131.95,-10.76783237167324,-14.981340826503052,-50.32381470243803
-131.29,-11.289235435125171,-15.621652433698967,-50.40759609369883
-131.04,-11.486736595523631,-15.141924723880072,-50.43933146917641
-131.0,-11.518336781187378,-15.065168290309064,-50.42215651052254
-130.41,-12.421739805511688,-13.936607152902099,-50.15175811181184
-130.12,-12.865785359840572,-13.709876980241788,-50.018925075864985
-130.0,-13.049528347838743,-13.616057598451308,-49.96928334382762
-129.53,-13.542599143409852,-13.250441851835662,-49.77485322668128
-129.21,-13.878306919117835,-13.296299051864409,-49.64247527458164
-129.0,-14.098615146926212,-13.326392839383276,-49.695678079305054
-128.65,-13.95248674451727,-13.37726466999161,-49.78966711427681
-128.29,-13.802183244896634,-13.741964730474434,-49.886341550247764
-128.0,-13.681105425757796,-14.035750890307803,-49.85013174132178
-127.77,-13.516192391297984,-14.26875370672738,-49.82109216655682
-127.37,-13.229387113976587,-14.322712526759284,-49.76999844744019
-127.0,-12.964092232454284,-14.372342039448046,-49.64005987811919
-126.89,-12.948573882523652,-14.387096759436599,-49.60142949264538
-126.46,-12.887911241885725,-14.920598967408482,-49.45041980397504
-126.01,-12.824427083078595,-15.480678622290398,-49.65820813057966
-126.0,-12.823016323993992,-15.485204748428115,-49.66289352646558
-125.54,-12.966324366828147,-15.559517456102952,-49.87842173721795
-125.13,-13.094055448484681,-15.625752695552265,-49.901864405188626
-125.0,-13.134555547546507,-15.620920954407616,-49.909287525631875
-124.62,-13.314401569145751,-15.604488258830926,-49.929650774944065
-124.24,-13.494247590745005,-15.599349691391023,-49.80940213860043
-124.0,-13.607834551755053,-16.13407891953496,-49.73345563143604
-123.71,-14.236966450232691,-16.780210070208916,-49.641686935279054
-123.36,-14.996263569084983,-17.54966798353122,-49.538458360431896
-123.0,-15.777254891333067,-17.37137057535886,-49.43234228464144
-122.79,-15.372540209841105,-17.267363753924986,-49.369675912470846
-122.48,-14.77510425144819,-17.113430320402653,-49.0070060564576
-122.0,-13.850042122323671,-16.8028483822553,-48.44545273101773
-121.87,-13.741860822101714,-16.718732440673726,-48.299318069889814
-121.6,-13.51717658317917,-16.54418479184648,-48.33865531088502
-121.0,-13.01787827446243,-16.21941950807162,-48.42607140198545
-120.96,-13.013369842821625,-16.197768489153294,-48.43189914139215
-120.72,-12.986319252976799,-16.06851765475358,-48.31029906871551
-120.04,-12.909675915083126,-17.22381044465881,-47.96300245807767
-120.0,-12.905167483442321,-17.29176884406501,-47.956479237836135
-119.84,-12.412642181383939,-17.56360244168977,-47.930386356869995
-119.13,-10.227061153499797,-17.292699415330947,-47.814599197582744
-119.0,-9.826884345577366,-17.242762759816628,-47.8458967718167
-118.96,-9.826909153128419,-17.227397635042987,-47.85610929039332
-118.21,-9.827374294710657,-16.23488179659502,-48.047594013705016
-118.08,-9.827454919251577,-16.062511468782695,-48.03439700474755
-118.0,-9.827504534353682,-16.06691056471895,-48.02608243386973
-117.29,-10.616655700777628,-16.14703802940281,-47.95008208816995
-117.2,-10.71668894722574,-16.15719503196837,-47.86911739429025
-117.0,-10.938985050443756,-16.002300672604886,-47.68919585233536
-116.38,-12.184786460625556,-15.50978850303834,-47.1314390722752
-116.31,-12.325441458549292,-15.459859902272106,-47.078699153655485
-116.0,-12.948342163640191,-15.609798325480561,-46.84757494767738
-115.46,-12.801997376685659,-15.870981385263033,-46.444982205685704
-115.43,-12.793867110743744,-15.886605448229002,-46.42684185557402
-115.0,-12.677333298909579,-16.240952577852845,-46.166830170639685
-114.55,-12.877685623863803,-16.609693187049746,-45.89472491896422
-114.54,-12.88213789775167,-16.608003236217872,-45.88777194934844
-114.0,-13.122560687696742,-16.516745891296452,-45.429922616168106
-113.67,-13.092461835939982,-16.46071578769231,-45.1501258014468
-113.63,-13.088813490272495,-16.442727419248268,-45.11621103602603
-113.0,-13.031352046009589,-16.15941061625468,-45.37221545163464
-112.79,-12.851860349844204,-16.064971681923485,-45.45865169473646
-112.71,-12.783482560828807,-16.037502179797162,-45.49054299795141
-112.0,-12.176629683317255,-15.793935313406752,-45.06574395401396
-111.91,-12.315432429530802,-15.763060640202333,-45.01189618788104
-111.79,-12.500502757815507,-15.86520027969029,-44.943810811238066
-111.03,-13.672614836952084,-16.522857824227852,-45.09225372064039
-111.0,-13.718882419023267,-16.51745382247791,-45.09811330916943
-110.88,-13.692289814736338,-16.484044888316994,-45.12155166328559
-110.15,-13.530518138657524,-16.28080720550475,-45.56353649932361
-110.0,-13.497277383298862,-16.307013593580564,-45.654496617762334
-109.96,-13.503920899992925,-16.314466408698593,-45.67722237402484
-109.27,-13.618521562965514,-16.443027469484562,-45.56160226013438
-109.05,-13.65506090478286,-16.566519048124455,-45.52473787599539
-109.0,-13.663365300650439,-16.59501402972213,-45.53866017105002
-108.38,-14.235535109059013,-16.944062606979543,-45.737797133491206
-108.13,-14.466248741481824,-16.81244996579569,-45.818094295765874
-108.0,-14.586219830341681,-16.74401139238009,-45.85703387870782
-107.5,-14.98074508284912,-16.48268913812619,-46.00674100327253
-107.21,-15.209569729303439,-16.53127004081449,-46.09183189837167
-107.0,-15.375270335356559,-16.566449315174985,-46.0299581534083
-106.62,-15.67650542907722,-16.629194345855755,-45.917996138712674
-106.3,-15.930177086947262,-16.497033781829852,-45.823712336863714
-106.0,-16.167994266200417,-16.37313325305557,-45.77587051644345
-105.74,-15.384337904182061,-16.266170545636548,-45.73481309785068
-105.38,-14.299275249079745,-16.491414901018004,-45.67785564934953
-105.0,-13.153931335360646,-16.729172831698428,-45.436765592997446
-104.86,-13.085079885686419,-16.816767858791216,-45.3479429406572
-104.46,-12.88836145804577,-16.90614207149857,-45.09612993948996
-104.0,-12.66213526625903,-17.008566552971402,-45.03746775602653
-103.98,-12.644971439645374,-17.013019791296305,-45.03491722631073
-103.55,-12.27594916745169,-16.988762698879196,-44.980080837421
-103.1,-11.889763068644351,-16.962808852914982,-45.01897702602643
-103.0,-11.803943935576058,-17.015613198211916,-45.02773878458122
-102.63,-11.897391117982679,-17.217940540736137,-45.059903277986564
-102.22,-12.00094069848731,-17.44214110947919,-45.00747084785165
-102.0,-12.05650388802638,-17.497610768696475,-44.97933637314512
-101.71,-12.039953298622539,-17.569035114110335,-44.94279285773058
-101.33,-12.018266319403711,-17.661159828939994,-44.93691441972097
-101.0,-11.999432890082097,-17.636173649199108,-44.93180946039683
-100.8,-11.966880476112545,-17.62103050996221,-44.92871554565493
-100.45,-11.909913751665826,-17.594287083611682,-44.723534964489815
-100.0,-11.836670820234332,-17.527891841600177,-44.45861038993854
-99.88,-11.752087430341009,-17.51018644373044,-44.389319595562334
-99.57,-11.533580339783262,-17.465953322381935,-44.404199960508485
-99.0,-11.131809237789993,-17.769869706805277,-44.43156063153851
-98.97,-11.15661467611192,-17.785865305985453,-44.43300066685588
-98.69,-11.38813210044989,-17.935203944440765,-44.30219714190254
-98.05,-11.917314784650967,-18.30492850672764,-43.99817191983634
-98.0,-11.958657181854175,-18.3338132381563,-43.965827210864816
-97.81,-12.147897700362458,-18.443575217585217,-43.84254055823891
-97.13,-12.82517955607633,-17.56066640265012,-43.406466978127426
-97.0,-12.954659910845153,-17.391829104386787,-43.54003667238656
-96.93,-12.80311726041892,-17.300916713014228,-43.61195881544918
-96.22,-11.266041806095542,-17.233579439475548,-44.341454837941434
-96.05,-10.898009655060367,-17.217831273225055,-44.341368375495165
-96.0,-10.789764904755911,-17.183667092838423,-44.34033490397424
-95.3,-10.436491065713623,-16.683900808494435,-44.326323143704364
-95.17,-10.370883067034343,-16.591087069973412,-44.479830063559234
-95.0,-10.28508799183836,-16.52424412177026,-44.68056988183099
-94.38,-10.961259096269094,-16.284812872540922,-45.40597809158969
-94.29,-11.059412966267091,-16.25005672345925,-45.36260153690468
-94.0,-11.375686547371794,-16.075265322291745,-45.22283263847518
-93.47,-11.296924958120218,-15.753884042810444,-44.967392927552304
-93.4,-11.286522484068124,-15.709657476061208,-44.91952343964352
-93.0,-11.227079775199009,-15.290078199974111,-44.64321605376503
-92.55,-10.92918572701479,-14.818051514376133,-44.33322023216044
-92.52,-10.909326123802508,-14.78605316839099,-44.33165832520145
-92.0,-10.565093001456304,-14.143981625344944,-44.30458527124566
-91.64,-10.797718587278123,-13.701088275966722,-44.285842387737794
-91.63,-10.804180409106511,-13.69835914009473,-44.29165715839541
-91.0,-11.21127518429469,-13.526423580159301,-45.06016510584748
-90.76,-11.098708876813676,-13.461054929174594,-45.352930038210175
-90.72,-11.079947825566837,-13.460344619809788,-45.40172419360397
-90.0,-10.742248903123786,-13.447559051243276,-45.40449163445269
-89.88,-10.552118652255613,-13.445428123148856,-45.404674929401686
-89.8,-10.42536515167684,-13.350014646194333,-45.405586001633935
-89.0,-9.157830145889081,-12.388083234031411,-45.683440344883365
-88.89,-8.801848944303998,-12.429991669601305,-45.72164531708017
-88.12,-6.309980533208417,-12.7439560596958,-45.60753417120828
-88.0,-5.921637404206492,-12.84595449728396,-45.589434769968165
-87.97,-5.889928855888413,-12.871794079464157,-45.58490991965814
-87.24,-5.118354180148511,-13.500557245848931,-45.67233951580467
-87.05,-4.91753337413402,-13.579239581230409,-45.697432364727646
-87.0,-4.864685793603893,-13.599443924175796,-45.73913034066876
-86.35,-4.913197845671854,-13.862710876949713,-46.28120402790329
-86.14,-4.928870970186117,-13.975070098246647,-46.45633552685599
-86.0,-4.939319719862294,-14.049976245777938,-46.77436879959847
-85.47,-4.340377656879498,-14.32871707859065,-47.99570821850665
-85.22,-4.057857815849877,-14.116490533886937,-48.56976942978367
-85.0,-3.8092403557438126,-13.929731174547673,-48.23269196852832
-84.59,-3.6044492511190453,-13.582207188464778,-47.60450215437063
-84.3,-3.4595970063844494,-13.401917953524586,-47.16700885520701
-84.0,-3.30974985665901,-13.21541184841405,-47.197691259700996
-83.71,-3.7212555370991174,-13.034582682134637,-47.227350917378516
-83.39,-4.1753307706881815,-12.685627627768561,-47.26007881550543
-83.0,-4.728734961624866,-12.260338655259895,-47.27944627866505
-82.83,-4.624456829689586,-12.074956282627912,-47.28783852240245
-82.47,-4.403632550297231,-11.727344607419342,-47.30321087188999
-82.0,-4.11533418553499,-11.273521234802358,-46.56590693955801
-81.95,-4.095160671388232,-11.225242152609063,-46.487470351012064
-81.56,-3.9378072610435098,-11.392773291642463,-45.87566496035362
-81.07,-3.7401068224052656,-11.605350444871233,-46.11624035569795
-81.0,-3.7118639025998053,-11.513036103163738,-46.15205469377275
-80.64,-4.0187076837420435,-11.016279042337,-46.33624271815743
-80.19,-4.402262410169844,-10.395332716303573,-46.35858238382358
-80.0,-4.564207739106024,-10.46088244328747,-46.36777670545836
-79.72,-4.5849850172494255,-10.56662051905594,-46.38337106090039
-79.31,-4.615408888816548,-10.72145127285977,-46.74773314528139
-79.0,-4.638412303903885,-10.727088102043533,-47.02322642859385
-78.81,-4.716296632723724,-10.729491910460585,-47.192077150624065
-78.42,-4.8761644655644485,-10.736978633948706,-47.19317356290106
-78.0,-5.048329824008307,-11.001775556175408,-47.190580134367416
-77.89,-5.039626803508562,-11.071127131044307,-47.18990090308479
-77.54,-5.011935374645739,-11.284389038099647,-47.000961633202934
-77.0,-4.969211455828811,-10.27517537190289,-46.70923602219995
-76.97,-4.9161008743659504,-10.219107946003067,-46.69611722487049
-76.66,-4.367291532583078,-9.643802091925272,-46.81154331910749
-76.06,-3.3050799033259226,-9.881317745683736,-47.034948662792026
-76.0,-3.198858740400202,-9.905069311059583,-46.99030149939457
-75.78,-3.381177611401657,-9.991938763574872,-46.813822912563175
-75.14,-3.9115597815877106,-10.019157162013478,-46.301058572317366
-75.0,-4.02758088131591,-10.025111186671923,-46.31719697759607
-74.9,-4.055755171440299,-10.029364061427954,-46.328724409938
-74.22,-4.247340344286153,-10.437535714773993,-46.40232613761033
-74.02,-4.303688924534934,-10.557676238777661,-46.20460808606863
-74.0,-4.309323782559811,-10.571374905287005,-46.18483628091447
-73.31,-4.668488937908873,-11.049442103414874,-45.502709003095624
-73.14,-4.756978903719514,-11.167226775417396,-45.51464360225919
-73.0,-4.829852993210628,-11.165037305943805,-45.526250332415934
-72.39,-4.690017734913432,-11.146392904818395,-45.5767162429774
-72.26,-4.660216778227145,-11.142419507857241,-45.57904415382784
-72.0,-4.600614864854569,-10.861164675066904,-45.583699975528724
-71.48,-4.0704810427895,-10.289987240253557,-45.593011618930504
-71.37,-3.9583373496603507,-10.16751395606041,-45.53323728645645
-71.0,-3.5811267454986595,-9.63336181269465,-45.3228777332729
-70.56,-3.9994264917544546,-8.998153858421865,-45.07272042678436
-70.49,-4.065974178658793,-8.903211716649807,-45.05984704959307
-70.0,-4.531807986989108,-9.027621415046818,-44.97264415261769
-69.64,-4.565469925494764,-9.119024458767072,-44.9089305604457
-69.61,-4.568275087036901,-9.12545441088166,-44.907697219432514
-69.0,-4.62531337172704,-8.982545566630527,-44.88261928549778
-68.73,-4.644310776235007,-8.919397063015678,-44.871519216379134
-68.0,-4.695674129163955,-8.80985180223389,-45.081634780373676
-67.85,-4.907187807513618,-8.787449216260317,-45.12506495858101
-67.81,-4.963591455073514,-8.828144864473302,-45.13664633943629
-67.0,-6.105765318161651,-9.65223174078641,-45.37222212445456
-66.97,-6.157133305468268,-9.682753476946157,-45.380947159021346
-66.89,-6.294114604952576,-9.62804689663483,-45.402098570929965
-66.09,-7.663927599795665,-9.062380735107201,-45.1561973471578
-66.0,-7.818031561715519,-9.163349743031459,-45.12853345948343
-65.98,-7.827654574335216,-9.18672464263892,-45.12238592888913
-65.21,-8.198140560193629,-10.086658277526357,-45.00959742242516
-65.06,-8.270313154841366,-9.913653021281432,-44.9876722031329
-65.0,-8.299182192700464,-9.8412014660712,-44.975910127256974
-64.33,-7.535257306982378,-9.032159099556964,-44.844566946642445
-64.14,-7.318621891629491,-9.043202917612208,-44.805504557864104
-64.0,-7.158995796106309,-9.055725696107757,-44.721400125505255
-63.44,-6.839886725546777,-9.105617079987063,-44.384982396069866
-63.23,-6.720220824086953,-9.11451202492068,-44.258825747531596
-63.0,-6.589158170107147,-9.124254107467024,-44.137825570015835
-62.56,-6.870707517930743,-9.14584390215102,-43.90661524141098
-62.31,-7.030678738285059,-9.396784857520055,-43.776109069670404
-62.0,-7.229043051524413,-9.707951642177662,-43.76297163169493
-61.68,-7.0293002835389204,-10.02716811945229,-43.74941040539766
-61.4,-6.854525361551613,-10.015458770475977,-43.73754433238756
-61.0,-6.604846901569748,-9.998731129081245,-43.685521446575315
-60.8,-6.265902149365024,-9.989705402307221,-43.65930766894069
-60.48,-5.723590545837473,-9.686673190046681,-43.617365624725295
-60.0,-4.910123140546152,-9.232124871655879,-42.629210469475495
-59.92,-4.955469162987284,-9.156366818590746,-42.46422421595326
-59.56,-5.159526263972383,-9.060186399398573,-41.72583612091167
-59.04,-5.454275409839751,-8.921690487906611,-41.42270917409195
-59.0,-5.4769484210603165,-8.90591442594247,-41.39939171664428
-58.65,-5.522575232266111,-8.76599562264222,-41.195363963977165
-58.16,-5.586452767954224,-8.570109298021874,-40.8890809475694
-58.0,-5.607310738791158,-8.57522723048462,-40.789020104916666
-57.73,-5.08897454291445,-8.585924116955463,-40.620209548319544
-57.28,-4.225080883119954,-8.60375226107353,-40.83722394311757
-57.0,-3.6875470503589276,-8.323661183548268,-40.972255122103014
-56.81,-3.7662160883623472,-8.130772938815578,-41.06145738251863
-56.39,-3.940116067106752,-7.706931274428226,-40.987735764043634
-56.0,-4.101594618797984,-7.514175755313654,-40.9192799754597
-55.9,-4.005408110273174,-7.464751263232993,-40.90172720915613
-55.51,-3.6302807270264177,-7.285830768995953,-41.074674396343084
-55.0,-3.1397295335498936,-8.935025411151003,-41.30300530429528
-54.98,-3.0953969404608337,-8.999699710843366,-41.31158137062874
-54.63,-2.3195765614024233,-10.124766178563608,-41.33442174122335
-54.06,-1.0560976583644188,-10.457534584259108,-41.3694412414104
-54.0,-0.9230998790972555,-10.492562837490214,-41.34518975970136
-53.75,-1.7708911210695812,-10.637240671594146,-41.244141919247035
-53.15,-3.8055901018031673,-10.430361683070766,-41.001627102156654
-53.0,-4.314264846986558,-10.378641935939921,-40.86181315601415
-52.87,-4.398684057235686,-10.334057718145509,-40.739849216938616
-52.23,-4.814286323077536,-10.875807100286435,-40.14097939044599
-52.0,-4.963643387364449,-11.070498284493327,-40.11117738669106
-51.99,-4.96351580567332,-11.078963118589277,-40.109881647397366
-51.32,-4.954967832367663,-10.954862110701926,-40.02306711471996
-51.11,-4.9522886168539495,-10.915651004626103,-40.04298099656732
-51.0,-4.950885218251528,-10.864387628386718,-40.05394164452797
-50.4,-4.937423714174672,-10.581445883374148,-40.11372699704056
-50.23,-4.933609621352897,-10.501279055620586,-40.1525677122697
-50.0,-4.928449378123435,-10.637609338663518,-40.20525006051769
-49.48,-5.3543737660869235,-10.953912782153362,-40.327555178404396
-49.35,-5.460854863077792,-11.032988643025819,-40.50116409431446
-49.0,-5.747534739591678,-10.626167148950454,-40.96857271407234
-48.57,-6.752884667578414,-10.116488301159663,-41.54281758977488
-48.46,-7.0100672072959505,-9.988703417430543,-41.47010449141713
-48.0,-8.085557827932927,-9.718141302398074,-41.1362054425752
-47.65,-7.7468846638901505,-9.51227882356902,-40.882196032066865
-47.58,-7.679150031081595,-9.473661422290464,-40.84766475863503
-47.0,-7.1179202163821405,-9.598396780788073,-40.56154849305696
-46.73,-7.448350662671912,-9.65646324077834,-40.431647709196625
-46.7,-7.485065156704101,-9.663037218125298,-40.442559608500616
-46.0,-8.341736684122019,-9.85609866036468,-40.697170592260484
-45.82,-7.79848648281123,-9.905047041638802,-40.76264198808445
-45.0,-5.323680010173185,-9.452554362541493,-40.85223778299776
-44.94,-5.386031881471548,-9.419445142119738,-40.858746703633344
-44.9,-5.427599795670455,-9.441421349839969,-40.861626156414395
-44.06,-6.300525993847499,-9.910594767294024,-39.87773396924256
-44.0,-6.362877865145862,-10.049247669901549,-39.80745595587314
-43.98,-6.388855869170719,-10.096363379341879,-39.789374168406205
-43.18,-7.427976030164828,-11.980991756954799,-39.744733398558786
-43.07,-7.570855052301518,-12.126181534553005,-39.73859529270477
-43.0,-7.661778066388503,-12.216771814045345,-39.66978937878815
-42.3,-9.26008087389931,-13.122674608968733,-38.96694749679557
-42.15,-9.602574332651622,-12.89407761863077,-38.816149242602975
-42.0,-9.945067791403934,-12.65437731450389,-38.65196376701393
-41.41,-9.277472534697493,-11.715840370878361,-38.006167563030345
-41.24,-9.085114579375304,-11.590111399795987,-37.8200906906961
-41.0,-8.813550407155734,-11.412611675914981,-37.57811031705312
-40.53,-8.984856088541946,-11.072183635348589,-37.10496495538096
-40.32,-9.061396924906,-11.311253908596479,-36.893559581016795
-40.0,-9.178030580317888,-11.675551467831358,-36.813073490203124
-39.65,-8.8627743132642,-12.071159416927571,-36.72554527719239
-39.4,-8.637591265368709,-12.087689134154934,-36.661412872892285
-39.0,-8.277298388735925,-12.114136681718714,-36.34936947178068
-38.77,-8.935108702214682,-12.128825323299099,-36.16994451614151
-38.49,-9.735921257754054,-12.049259808015929,-35.95151413536339
-38.0,-11.137343229947954,-11.910020156270384,-35.95098976540265
-37.89,-11.103636924091376,-11.879028626024224,-35.95145450259603
-37.57,-11.005582216144967,-12.062343883087458,-35.953227764947485
-37.01,-10.833986477238753,-12.383145582948117,-36.64502710123626
-37.0,-10.830922267615428,-12.389394336323141,-36.65738066081284
-36.65,-10.969267300881517,-12.609812003186022,-37.08328854206512
-36.13,-11.174808493162564,-12.937289679668012,-36.88340085031156
-36.0,-11.226193791232827,-12.904066234483745,-36.83342892737317
-35.74,-11.050308254267613,-12.83396925613297,-36.73348508149639
-35.25,-10.71883166537163,-12.701863412318046,-36.24850334209847
-35.0,-10.54971095675123,-12.391019668151138,-36.00033205588175
-34.82,-10.303454984678087,-12.164940039518811,-35.82407945274695
-34.37,-9.687815054495223,-11.599740967937985,-36.22347719666057
-34.0,-9.181622223011543,-10.71840179344053,-36.551870897211764
-33.9,-9.146968663989895,-10.478856446750001,-36.64515637600087
-33.48,-9.00142371609898,-9.484582649777973,-37.402874295790596
-33.0,-8.835086632795079,-9.60631499414398,-38.26883763269313
-32.99,-8.842144653680085,-9.608851084651604,-38.28687853554526
-32.6,-9.117407468195376,-9.705959189950855,-38.697533096824614
-32.07,-9.491482575100774,-9.550554677825422,-39.25440903252675
-32.0,-9.540888721295826,-9.530029553582441,-39.335669793247824
-31.72,-9.550577024118569,-9.44741507021377,-39.66071283613211
-31.16,-9.569953629764058,-9.147486220192103,-40.31079892190069
-31.0,-9.575489802805626,-9.061792263043055,-39.99981271789197
-30.84,-9.625368791828162,-8.975389089536753,-39.67574204821228
-30.24,-9.812415000662677,-8.206412118592745,-38.46047703691343
-30.0,-9.887233484196482,-7.898821330215143,-38.40250471923045
-29.96,-9.862234833217318,-7.847556198818877,-38.39297858173942
-29.32,-9.462256417550687,-6.480979694005588,-38.23417464150318
-29.08,-9.3122645116757,-5.968443253677308,-37.697175039443565
-29.0,-9.262267209717372,-6.032440115720541,-37.518175172090366
-28.41,-8.88310260199459,-6.5350283995164435,-36.1980511503605
-28.2,-8.748145707720377,-6.713915754765834,-35.834488854111065
-28.0,-8.61961533222113,-6.702124131024333,-35.48978385304559
-27.49,-8.801485690877861,-6.666034072848273,-34.61188921261109
-27.32,-8.862109143763439,-6.654004053456253,-34.698275732083125
-27.0,-8.976223878606877,-6.474356843794811,-34.86088565108932
-26.57,-8.262734516147313,-6.230468142728885,-35.076359732915044
-26.44,-8.047028429822332,-6.156734349383372,-35.04728408414417
-26.0,-7.316946291491613,-6.206708706968899,-34.94887419599657
-25.66,-6.956384757259236,-6.2479315985521175,-34.87283019151888
-25.55,-6.839732496184055,-6.254706227213546,-34.77668474705432
-25.0,-6.256471190808149,-5.403141655170289,-34.2886391959823
-24.74,-6.156172489933255,-5.000583857477111,-34.058426233999775
-24.67,-6.1291689935438605,-4.8987551979969135,-34.020509853850335
-24.0,-5.87070695667394,-5.45169095469656,-33.6575959295628
-23.83,-5.88665848461142,-5.591988086993486,-33.56551329205701
-23.79,-5.890411785302591,-5.622509775415234,-33.577431657732575
-23.0,-5.96453947395323,-5.037990200406171,-33.9055234416036
-22.91,-6.004667596054489,-4.971716749477648,-33.942900986601565
-22.03,-6.397031456600134,-4.984855365970717,-33.50239420365455
-22.0,-6.410407497300554,-4.9157244233525,-33.48733769356238
-21.99,-6.409951215557973,-4.892086456469351,-33.48475391343205
-21.15,-6.371623549181208,-2.9064972382851604,-33.91706480036785
-21.08,-6.368429576983144,-2.9292067402528073,-33.953090707612496
-21.0,-6.3647793230425,-2.961224106738369,-33.91368269394779
-20.27,-5.642647595908565,-3.253382575919123,-33.51584913193047
-20.16,-5.533833226066466,-3.215431299397993,-33.45590160888677
-20.0,-5.375557779023412,-3.1567836519997288,-33.17167315079265
-19.39,-5.520298662388713,-2.9331894962938465,-32.08662132624725
-19.24,-5.5558906828883785,-2.8916839344498815,-31.819627510238366
-19.0,-5.612837915687841,-2.8259052511681624,-31.379969225772648
-18.5,-5.396933846022717,-2.68443948997224,-30.46401446646906
-18.33,-5.323526462336574,-2.473185601176753,-30.152589848305837
-18.0,-5.181029776357593,-2.063104522926696,-29.646859703194163
-17.62,-5.550708085601918,-1.591877394145542,-29.06554887220608
-17.41,-5.755003993342204,-1.3918994724730525,-28.74475345609248
-17.0,-6.153867432263714,-1.0014663873029555,-28.406347756439
-16.74,-6.142907810602121,-0.7606532834082788,-28.19174902007338
-16.49,-6.132369712850588,-1.2823996841096656,-27.99133270134712
-16.0,-6.111715041257586,-2.305022629484381,-28.263021639494806
-15.86,-6.156571864244164,-2.5958949377030422,-28.340647050394146
-15.58,-6.2462855102173185,-2.8354623498889753,-28.495897872192824
-15.0,-6.43212091973314,-3.3317091322741237,-27.948936825056087
-14.98,-6.466819868394898,-3.3488210902874043,-27.929969697727646
-14.66,-7.022003046983047,-3.229432333108833,-27.623963525497054
-14.1,-7.993573609512307,-3.020266073031095,-26.20494862887399
-14.0,-8.167068352821103,-3.0457532405480094,-25.951553111619873
-13.75,-8.289637419280243,-3.1115075852556457,-25.318064318484577
-13.22,-8.549483840173622,-3.250906796035834,-25.127809358813163
-13.0,-8.657344618657666,-2.9935827149661516,-25.05316541575439
-12.83,-8.503140336091802,-2.7919988354907948,-24.99548600520897
-12.34,-8.058669168696078,-2.210962947591237,-24.625381236396827
-12.0,-7.7502606035643495,-2.7066120309986954,-24.368254821953947
-11.91,-8.014774865059831,-2.8403735077016323,-24.29905272418299
-11.46,-9.337346172537236,-3.5091808912163156,-23.757503897485034
-11.0,-10.689307953514145,-3.991081091593233,-23.203920652416006
-10.57,-10.4954307401478,-4.430529380692142,-22.87010550810605
-10.08,-10.274500892358242,-3.8453343686715735,-22.491578689058482
-10.0,-10.238430713127293,-3.7497923258927055,-21.883533939065735
-9.69,-10.241838548224267,-3.3804256371242536,-19.523328728547853
-9.16,-10.24766484693845,-2.906028740320837,-15.47456403966213
-9.0,-10.249423729569147,-2.762814582795277,-13.635478718796428
-8.81,-9.923560939540693,-2.59463613264022,-11.451564900268416
-8.25,-8.96312324261472,-2.7153683223901592,-5.014766277238456
-8.0,-8.534356413629911,-2.769266621385668,-6.009775169857561
-7.93,-8.430956632568174,-2.784399638950985,-6.300876148073363
-7.33,-7.544672794896149,-2.9607151442843582,-8.79622279233311
-7.05,-7.131073670649203,-3.0429957134399324,-10.029147816980146
-7.0,-7.0572166841765345,-3.052958779329143,-10.24931299995283
-6.41,-7.176785263705303,-3.169799458391093,-12.823928753543228
-6.17,-7.225423329954293,-3.2173278702129036,-12.621914320395659
-6.0,-7.259875293547329,-3.004050867105656,-12.478820763582798
-5.5,-5.695002705658725,-2.3689499138533243,-12.05795736119203
-5.29,-5.037756218745511,-2.102207513487345,-11.047043036151814
-5.0,-4.130130117770121,-2.1481558962320313,-9.640494795988758
-4.58,-3.5687113840280253,-2.2209314483145617,-7.6086101074302706
-4.41,-3.3414704679895584,-2.2503882193955858,-7.288058440778445
-4.0,-2.7934188469556074,-2.584504843421969,-6.514963244735809
-3.67,-2.4117394078211425,-2.8555930930057962,-5.8927158918234435
-3.52,-2.238248753669113,-2.975985477815725,-6.4111056960614
-3.0,-1.6368144859420775,-3.0887656621946924,-8.296079752384692
-2.75,-1.6129338104230007,-3.14298690468458,-9.202317279463198
-2.64,-1.602426313194607,-3.165137135748433,-9.128964378774317
-2.0,-1.5412917838657707,-2.992679433009555,-8.678240799231682
-1.83,-1.418222409076193,-2.946870355719541,-8.550250058174125
-1.76,-1.3675467841628373,-2.926317219914648,-8.286584823919583
-1.0,-0.8173542851035481,-2.172456776554785,-5.423933709155982
-0.92,-0.7519659422952643,-2.093103045674799,-5.122602012865077
-0.88,-0.7192717708911224,-2.05185866469548,-4.90619480143013
0.0,0.0,0.0,0.0
0.88,-1.9948291570347616,-0.290966932428616,-1.056454887582794
0.92,-2.0855032096272508,-0.33385917554333716,-1.099952282093756
1.0,-2.266851314812229,-0.4214314718493971,-1.0968583673518564
1.76,-1.2571921652718443,-1.2533682867569664,-1.0674661773038105
1.83,-1.1641972436036507,-1.260240242450346,-1.0647590019046484
2.0,-0.9383524338380383,-1.2710704643896837,-1.803014478357414
2.64,-1.6487709077182364,-1.3118430646318964,-4.627576642727037
2.75,-1.7708740829163951,-1.353739970107271,-5.112306531365513
3.0,-2.0483812992758477,-1.4515738305978436,-6.020575252470998
3.52,-5.143736394032431,-1.6550682604182345,-7.909774192370406
3.67,-6.036627286750676,-1.63295127598057,-8.449150830827861
4.0,-8.000987250730816,-1.5785678687317017,-9.247497831013943
4.41,-8.618906476895582,-1.5092320888557715,-10.239383497911803
4.58,-8.875116887744385,-1.408769551482361,-10.65065316467433
5.0,-9.508107314547315,-1.160567988559818,-13.304525386308763
5.29,-8.658424087891532,-0.9939255947055301,-15.141690010102547
5.5,-8.04313623410631,-1.2035028384955155,-16.4559320325141
6.0,-6.578165153665303,-1.7024962760907187,-15.384274063878143
6.17,-6.554292315696697,-1.8739416099757384,-15.019910354541919
6.41,-6.520589485623368,-2.3505004263608464,-14.50551452959666
7.0,-6.437736695026439,-3.5220408499742346,-15.661180026417716
7.05,-6.512910049215006,-3.619975176143361,-15.760676034635425
7.33,-6.933880832670982,-3.585742833093427,-16.3178536806546
7.93,-7.835961082933786,-3.51238781227214,-16.24018539318014
8.0,-7.941203778797781,-3.645738412191889,-16.230926398327544
8.25,-8.326927121364324,-4.12585836668421,-16.178524063846176
8.81,-9.190947408713381,-5.201327064747009,-12.307672731759997
9.0,-9.484097149063953,-5.077339708867558,-10.994348172659336
9.16,-9.484097149063953,-4.969212128445392,-9.88839064920614
9.69,-9.484097149063953,-4.611039518296969,-10.37650952715486
10.08,-9.484097149063953,-4.262382668196613,-10.756418052423733
10.57,-9.484097149063953,-3.8235339497900167,-12.616884534095064
11.0,-9.484097149063953,-4.061659064418568,-14.235273787377965
11.46,-9.484097149063953,-4.3263823377611015,-14.256053714751605
11.91,-9.484097149063953,-4.9257183385285375,-14.276381904573645
12.34,-9.484097149063953,-5.491064997042258,-16.755075958294277
12.83,-9.484097149063953,-5.148419454662683,-19.585590166820065
13.22,-9.484097149063953,-4.877958454383361,-18.046253835859446
13.75,-9.484097149063953,-4.995619603964337,-15.98062027312627
14.1,-9.484097149063953,-5.0717628374929165,-16.534795001895954
14.66,-9.484097149063953,-4.514510837039115,-17.421474567927447
14.98,-9.484097149063953,-4.1965079506603296,-16.023736970903638
15.58,-9.484097149063953,-5.934202305219984,-13.392147543974026
15.86,-9.484097149063953,-6.7451263373478225,-13.125979878678244
16.49,-9.484097149063953,-6.372800957404123,-12.52710263176273
16.74,-9.484097149063953,-6.223583044694032,-12.358125144689616
17.41,-9.484097149063953,-5.304522625953248,-11.908483785324558
17.62,-9.484097149063953,-5.015915426391803,-10.557562754654246
18.33,-9.484097149063953,-4.800404806603423,-5.996272496319407
18.5,-9.484097149063953,-4.7496796699943244,-5.960250488967288
19.24,-9.484097149063953,-5.124303348766944,-5.803448809905125
19.39,-9.484097149063953,-5.19808224316775,-6.303707042496708
20.16,-9.484097149063953,-5.065996579856163,-8.934310263713165
20.27,-9.484097149063953,-5.048870272571329,-9.417815689896074
21.08,-9.484097149063953,-5.366907298915381,-12.96767041416949
21.15,-9.484097149063953,-5.396598188687281,-13.089425059012484
21.99,-9.484097149063953,-6.691851196277375,-14.550480797128415
22.03,-9.484097149063953,-6.754255085354232,-14.508243614087892
22.91,-9.484097149063953,-8.962576962427274,-13.430054956594923
23.79,-9.484097149063953,-8.860270429686128,-17.760833614598802
23.83,-9.484097149063953,-8.835203989297835,-17.925601899222606
24.67,-9.484097149063953,-8.291098810596703,-16.56473440024877
24.74,-9.484097149063953,-8.286111489191933,-16.451328775334293
25.55,-9.484097149063953,-8.247572161025364,-15.349545001885305
25.66,-9.484097149063953,-8.260179551522208,-15.207295186080275
26.44,-9.484097149063953,-8.36130161009953,-16.737125528994625
26.57,-9.484097149063953,-8.563678904913608,-16.99209725281368
27.32,-9.484097149063953,-9.726214983915957,-16.83345722422025
27.49,-9.484097149063953,-9.761795151737028,-16.795446271676912
28.2,-9.484097149063953,-9.906893042407821,-22.340856888082286
28.41,-9.484097149063953,-9.663535964546636,-23.959940139351144
29.08,-9.484097149063953,-8.888135763322333,-24.465759450636874
29.32,-9.484097149063953,-8.78702744984205,-24.6469484576646
29.96,-9.484097149063953,-8.517911826317226,-24.17129072492092
30.24,-9.484097149063953,-9.046473360407475,-23.961093338561366
30.84,-9.484097149063953,-10.17910521917231,-23.51962550396088
31.16,-9.484097149063953,-9.885515904992454,-23.270742271108304
31.72,-9.484097149063953,-9.36705393665056,-21.026744108306932
32.07,-9.484097149063953,-9.264662496459584,-19.624245256556065
32.6,-9.484097149063953,-9.111658632617438,-21.769670669918323
32.99,-9.484097149063953,-9.378001706768373,-23.35913887131084
33.48,-9.484097149063953,-9.716689153887126,-24.455704153583252
33.9,-9.484097149063953,-10.050246320415985,-25.3956172526739
34.37,-9.484097149063953,-10.41902013052817,-25.4687973396839
34.82,-9.484097149063953,-10.2606924392294,-25.528904433330364
35.25,-9.484097149063953,-10.110787560325472,-24.806950408803957
35.74,-9.484097149063953,-10.150670056223946,-23.986820791194468
36.13,-9.484097149063953,-10.182046696897553,-24.19683975376357
36.65,-9.484097149063953,-10.130436501070552,-24.476865037189032
37.01,-9.484097149063953,-10.093814607554663,-24.572847101364946
37.57,-9.484097149063953,-9.457035900477962,-24.72044503405205
37.89,-9.484097149063953,-9.093162353576993,-24.40846192310414
38.49,-9.484097149063953,-9.196128377521093,-23.82291522804404
38.77,-9.484097149063953,-9.244369094581668,-23.567940254314536
39.4,-9.484097149063953,-8.485089076648075,-22.994246563423165
39.65,-9.484097149063953,-8.182976130667418,-23.351599610436853
40.32,-9.484097149063953,-8.161691588039696,-24.33009958821543
40.53,-9.484097149063953,-8.156001850357683,-25.148121546224473
41.24,-9.484097149063953,-8.32277265313946,-27.89543956732514
41.41,-9.484097149063953,-8.362944661643539,-27.82411378282885
42.15,-9.484097149063953,-8.211753126761854,-27.513636838550866
42.3,-9.484097149063953,-8.181714545651781,-28.03912478083771
43.07,-9.484097149063953,-8.234115939179775,-30.775259076664945
43.18,-9.484097149063953,-8.245942392300247,-30.87898841822593
43.98,-9.484097149063953,-9.601358137385487,-31.633383629578557
44.06,-9.484097149063953,-9.735301716809293,-31.55881102637898
44.9,-9.484097149063953,-10.263065344844419,-30.67546196856965
44.94,-9.484097149063953,-10.287990196259852,-30.788574436733683
45.82,-9.484097149063953,-10.287990196259852,-33.3798185634697
46.73,-9.484097149063953,-10.287990196259852,-36.98429066109024
47.65,-9.484097149063953,-10.287990196259852,-34.904160457627604
48.57,-9.484097149063953,-10.287990196259852,-35.24690517202773
49.48,-9.484097149063953,-10.287990196259852,-33.37196098931416
50.4,-9.484097149063953,-10.287990196259852,-32.03138065714833
51.32,-9.484097149063953,-10.287990196259852,-32.34749699925503
52.23,-9.484097149063953,-10.287990196259852,-33.75138356276513
53.15,-9.484097149063953,-10.287990196259852,-31.417555737540695
54.06,-9.484097149063953,-10.287990196259852,-32.38404010441472
54.98,-9.484097149063953,-10.287990196259852,-29.746117207527984
